event_type,city,venue_capacity,ticket_prices,day_of_week,publish_hour,popularity_score,marketing_score,predicted_48h_sales,expected_revenue_pkr,demand_level
CRICKET_MATCH,Karachi,26196,2100.0,Friday,20,44.0,52.8,12747,26768700.0,MEDIUM
FOOTBALL_MATCH,Faisalabad,16267,1600.0,Thursday,14,66.4,43.8,6939,11102400.0,MEDIUM
MUSIC_CONCERT,Islamabad,9372,5200.0,Wednesday,21,62.0,27.3,3378,17565600.0,MEDIUM
CRICKET_MATCH,Karachi,24150,2900.0,Saturday,21,77.1,28.9,13171,38195900.0,MEDIUM
MUSIC_CONCERT,Lahore,14920,5800.0,Friday,12,93.7,43.3,9178,53232400.0,HIGH
CRICKET_MATCH,Lahore,34001,2300.0,Sunday,12,95.6,84.1,25737,59195100.0,HIGH
MUSIC_CONCERT,Lahore,20856,3600.0,Monday,22,45.7,30.5,6642,23911200.0,LOW
MUSIC_CONCERT,Multan,19147,7100.0,Saturday,19,51.8,77.9,10254,72803400.0,MEDIUM
CRICKET_MATCH,Islamabad,35221,2500.0,Saturday,15,86.9,42.5,21799,54497500.0,HIGH
CRICKET_MATCH,Islamabad,19186,2900.0,Saturday,22,68.2,88.9,12702,36835800.0,HIGH
CRICKET_MATCH,Lahore,24461,3300.0,Sunday,11,64.0,53.4,13570,44781000.0,HIGH
MUSIC_CONCERT,Faisalabad,21865,8000.0,Saturday,19,80.5,33.4,11493,91944000.0,MEDIUM
KABADDI,Rawalpindi,13699,1400.0,Sunday,11,73.5,96.9,9416,13182400.0,HIGH
KABADDI,Lahore,13332,600.0,Thursday,14,97.1,33.8,6981,4188600.0,MEDIUM
CRICKET_MATCH,Lahore,34615,4000.0,Friday,17,72.4,64.3,21068,84272000.0,HIGH
CRICKET_MATCH,Lahore,18327,4500.0,Monday,9,64.8,64.4,8740,39330000.0,MEDIUM
CRICKET_MATCH,Karachi,23239,2800.0,Monday,13,69.7,49.1,10896,30508800.0,MEDIUM
CRICKET_MATCH,Karachi,35333,4400.0,Wednesday,9,86.7,94.2,22409,98599600.0,HIGH
KABADDI,Karachi,13038,1200.0,Tuesday,9,74.2,85.8,7348,8817600.0,HIGH
MUSIC_CONCERT,Lahore,12048,5300.0,Thursday,11,76.4,84.7,6714,35584200.0,HIGH
BOXING,Islamabad,7095,2700.0,Wednesday,11,97.2,96.0,4718,12738600.0,HIGH
CRICKET_MATCH,Lahore,32954,3400.0,Monday,12,74.6,55.7,16462,55970800.0,MEDIUM
MUSIC_FESTIVAL,Lahore,10297,5500.0,Sunday,11,59.3,27.6,4452,24486000.0,MEDIUM
MUSIC_CONCERT,Karachi,21691,3100.0,Monday,14,79.2,79.7,12376,38365600.0,HIGH
MUSIC_FESTIVAL,Karachi,20703,3700.0,Saturday,20,77.2,49.7,11743,43449100.0,HIGH
FOOTBALL_MATCH,Rawalpindi,10779,1300.0,Tuesday,12,35.9,34.8,3145,4088500.0,LOW
CRICKET_MATCH,Lahore,31706,2500.0,Sunday,16,64.9,57.7,18213,45532500.0,HIGH
CRICKET_MATCH,Karachi,31225,3000.0,Sunday,9,82.5,92.2,22582,67746000.0,HIGH
MUSIC_CONCERT,Karachi,11318,4300.0,Saturday,16,66.9,33.4,5663,24350900.0,MEDIUM
CRICKET_MATCH,Lahore,37720,4400.0,Saturday,19,84.9,86.2,26686,117418400.0,HIGH
CRICKET_MATCH,Islamabad,31531,2200.0,Monday,9,63.9,52.6,14505,31911000.0,MEDIUM
KABADDI,Lahore,11335,1100.0,Sunday,19,97.9,30.7,6976,7673600.0,HIGH
KABADDI,Lahore,15530,600.0,Sunday,9,53.7,86.2,9192,5515200.0,HIGH
KABADDI,Faisalabad,15883,800.0,Sunday,15,40.9,95.6,8990,7192000.0,HIGH
CRICKET_MATCH,Faisalabad,25502,1400.0,Saturday,9,62.5,42.7,13658,19121200.0,MEDIUM
CRICKET_MATCH,Rawalpindi,19649,3000.0,Thursday,17,69.7,43.7,8920,26760000.0,MEDIUM
KABADDI,Karachi,8862,1500.0,Sunday,22,57.3,50.5,4519,6778500.0,MEDIUM
MUSIC_FESTIVAL,Lahore,8917,5200.0,Thursday,16,50.5,83.5,3934,20456800.0,MEDIUM
MUSIC_CONCERT,Islamabad,16444,4700.0,Saturday,21,78.0,20.8,8349,39240300.0,MEDIUM
MUSIC_FESTIVAL,Karachi,16353,3600.0,Tuesday,9,59.1,37.5,6043,21754800.0,MEDIUM
MUSIC_CONCERT,Lahore,24521,7500.0,Sunday,10,75.4,75.1,15062,112965000.0,HIGH
KABADDI,Karachi,13347,1500.0,Tuesday,10,84.9,51.6,6889,10333500.0,MEDIUM
CRICKET_MATCH,Lahore,23449,1400.0,Wednesday,10,83.7,45.8,12260,17164000.0,MEDIUM
BOXING,Peshawar,8682,2800.0,Saturday,14,59.0,88.0,5218,14610400.0,HIGH
KABADDI,Lahore,8811,1700.0,Saturday,12,71.3,91.6,5848,9941600.0,HIGH
KABADDI,Islamabad,9421,1000.0,Saturday,16,63.8,93.9,6088,6088000.0,HIGH
FOOTBALL_MATCH,Karachi,12215,1700.0,Wednesday,9,90.7,41.3,6239,10606300.0,MEDIUM
FOOTBALL_MATCH,Karachi,17290,1400.0,Monday,18,91.2,91.2,11056,15478400.0,HIGH
CRICKET_MATCH,Karachi,20721,3200.0,Saturday,22,57.0,77.5,12214,39084800.0,HIGH
FOOTBALL_MATCH,Lahore,18900,2500.0,Sunday,12,40.9,32.0,7469,18672500.0,MEDIUM
CRICKET_MATCH,Faisalabad,28892,4500.0,Sunday,18,45.7,67.6,14830,66735000.0,MEDIUM
MUSIC_CONCERT,Rawalpindi,23637,7100.0,Friday,19,58.5,22.1,9955,70680500.0,MEDIUM
CRICKET_MATCH,Peshawar,33256,2500.0,Sunday,13,71.1,75.3,21340,53350000.0,HIGH
CRICKET_MATCH,Multan,18788,2800.0,Friday,17,77.0,77.2,12522,35061600.0,HIGH
CRICKET_MATCH,Karachi,34640,2400.0,Friday,13,56.2,81.6,20862,50068800.0,HIGH
BOXING,Peshawar,7025,4900.0,Friday,21,77.7,33.5,3655,17909500.0,MEDIUM
CRICKET_MATCH,Lahore,24741,3500.0,Friday,19,95.0,69.0,17532,61362000.0,HIGH
CRICKET_MATCH,Lahore,21654,2700.0,Saturday,11,76.7,34.0,12084,32626800.0,HIGH
KABADDI,Lahore,13660,500.0,Friday,19,45.1,93.8,7914,3957000.0,HIGH
CRICKET_MATCH,Karachi,21251,2900.0,Thursday,12,72.1,72.7,11394,33042600.0,MEDIUM
MUSIC_FESTIVAL,Karachi,13268,11900.0,Thursday,18,69.7,27.4,4331,51538900.0,LOW
MUSIC_FESTIVAL,Lahore,19781,7900.0,Monday,15,90.7,34.6,8920,70468000.0,MEDIUM
FOOTBALL_MATCH,Rawalpindi,21459,1100.0,Saturday,9,57.4,71.7,12146,13360600.0,HIGH
CRICKET_MATCH,Karachi,31489,1300.0,Wednesday,19,62.1,57.2,14832,19281600.0,MEDIUM
MUSIC_CONCERT,Lahore,19131,4600.0,Tuesday,14,73.3,77.4,10183,46841800.0,MEDIUM
CRICKET_MATCH,Karachi,25562,4200.0,Saturday,16,68.6,41.9,13727,57653400.0,MEDIUM
FOOTBALL_MATCH,Lahore,16799,2500.0,Saturday,9,81.0,71.3,10815,27037500.0,HIGH
CRICKET_MATCH,Rawalpindi,32391,4300.0,Saturday,16,37.6,33.8,12950,55685000.0,MEDIUM
MUSIC_FESTIVAL,Lahore,29710,9700.0,Friday,15,71.1,62.4,15878,154016600.0,MEDIUM
CRICKET_MATCH,Quetta,20152,3000.0,Sunday,9,42.8,94.7,11700,35100000.0,HIGH
KABADDI,Rawalpindi,14738,1300.0,Sunday,17,55.2,69.0,8101,10531300.0,MEDIUM
MUSIC_CONCERT,Lahore,11888,5700.0,Sunday,19,77.3,23.9,6014,34279800.0,MEDIUM
FOOTBALL_MATCH,Lahore,21080,2000.0,Saturday,11,45.1,97.1,12166,24332000.0,HIGH
CRICKET_MATCH,Rawalpindi,28096,2600.0,Thursday,10,54.8,32.2,10455,27183000.0,MEDIUM
MUSIC_FESTIVAL,Islamabad,13474,9200.0,Sunday,15,80.0,76.0,8156,75035200.0,HIGH
FOOTBALL_MATCH,Islamabad,17874,1000.0,Thursday,19,76.7,61.5,9180,9180000.0,MEDIUM
KABADDI,Rawalpindi,6488,800.0,Wednesday,11,40.8,43.0,2168,1734400.0,LOW
CRICKET_MATCH,Lahore,36206,4000.0,Friday,9,71.9,33.8,19208,76832000.0,MEDIUM
FOOTBALL_MATCH,Karachi,15760,2300.0,Monday,18,44.4,33.9,4956,11398800.0,LOW
CRICKET_MATCH,Lahore,23622,3000.0,Sunday,21,51.1,87.0,13995,41985000.0,HIGH
CRICKET_MATCH,Multan,37505,1300.0,Saturday,11,64.4,88.1,24637,32028100.0,HIGH
CRICKET_MATCH,Islamabad,21774,4300.0,Saturday,14,42.0,56.3,10289,44242700.0,MEDIUM
MUSIC_CONCERT,Karachi,10446,6700.0,Saturday,11,98.6,28.1,6156,41245200.0,HIGH
CRICKET_MATCH,Lahore,37836,2600.0,Friday,13,45.6,89.0,21930,57018000.0,HIGH
CRICKET_MATCH,Karachi,26572,3200.0,Monday,17,85.0,58.0,14500,46400000.0,MEDIUM
FOOTBALL_MATCH,Karachi,15833,1500.0,Saturday,15,88.1,54.2,10048,15072000.0,HIGH
MUSIC_CONCERT,Islamabad,14258,5300.0,Saturday,10,98.6,51.8,9386,49745800.0,HIGH
CRICKET_MATCH,Islamabad,30416,4100.0,Friday,9,62.4,48.5,16149,66210900.0,MEDIUM
KABADDI,Multan,15391,700.0,Saturday,15,90.9,61.0,10276,7193200.0,HIGH
CRICKET_MATCH,Karachi,22887,1500.0,Wednesday,12,96.3,67.2,14256,21384000.0,HIGH
CRICKET_MATCH,Lahore,37374,1200.0,Wednesday,19,46.1,56.4,15312,18374400.0,MEDIUM
CRICKET_MATCH,Islamabad,37831,2200.0,Wednesday,15,65.7,89.9,21186,46609200.0,HIGH
MUSIC_CONCERT,Rawalpindi,20605,3400.0,Friday,14,38.8,44.8,8854,30103600.0,MEDIUM
CRICKET_MATCH,Karachi,33684,1900.0,Sunday,15,74.7,65.1,21351,40566900.0,HIGH
CRICKET_MATCH,Rawalpindi,18617,1200.0,Sunday,12,72.2,43.4,10706,12847200.0,HIGH
CRICKET_MATCH,Karachi,31636,1900.0,Friday,11,48.1,78.8,17980,34162000.0,HIGH
MUSIC_CONCERT,Karachi,6570,4500.0,Saturday,20,86.1,28.0,3663,16483500.0,HIGH
CRICKET_MATCH,Karachi,24309,1300.0,Saturday,13,37.4,34.7,10262,13340600.0,MEDIUM
CRICKET_MATCH,Lahore,37139,3200.0,Wednesday,11,86.6,82.5,22764,72844800.0,HIGH
CRICKET_MATCH,Lahore,20790,3100.0,Wednesday,22,36.7,34.3,6362,19722200.0,LOW
CRICKET_MATCH,Lahore,25826,1500.0,Sunday,11,77.0,68.8,16903,25354500.0,HIGH
KABADDI,Islamabad,9309,1300.0,Saturday,12,40.0,95.7,5207,6769100.0,HIGH
KABADDI,Karachi,13152,1800.0,Sunday,16,51.1,60.8,6711,12079800.0,MEDIUM
CRICKET_MATCH,Karachi,22054,4300.0,Thursday,10,81.2,34.6,10262,44126600.0,MEDIUM
CRICKET_MATCH,Peshawar,34090,1200.0,Saturday,12,52.9,45.0,17274,20728800.0,MEDIUM
CRICKET_MATCH,Lahore,25681,3800.0,Wednesday,19,67.7,84.2,13923,52907400.0,MEDIUM
CRICKET_MATCH,Karachi,33569,2400.0,Thursday,11,93.6,47.4,18698,44875200.0,HIGH
CRICKET_MATCH,Rawalpindi,24508,1400.0,Friday,15,38.2,76.4,12957,18139800.0,MEDIUM
MUSIC_CONCERT,Lahore,20608,4300.0,Thursday,10,86.9,80.6,12228,52580400.0,HIGH
MUSIC_FESTIVAL,Lahore,18433,6200.0,Wednesday,9,39.2,59.1,6099,37813800.0,LOW
MUSIC_FESTIVAL,Lahore,20344,7900.0,Thursday,18,43.1,81.1,7907,62465300.0,MEDIUM
MUSIC_CONCERT,Lahore,15888,6500.0,Monday,9,42.6,44.7,5119,33273500.0,LOW
KABADDI,Peshawar,9350,1500.0,Saturday,14,98.6,60.3,6444,9666000.0,HIGH
MUSIC_CONCERT,Rawalpindi,7827,4000.0,Friday,11,46.5,73.6,4120,16480000.0,MEDIUM
CRICKET_MATCH,Islamabad,35787,2300.0,Tuesday,15,92.4,33.1,18518,42591400.0,MEDIUM
KABADDI,Multan,10212,900.0,Wednesday,16,98.4,41.3,5567,5010300.0,MEDIUM
FOOTBALL_MATCH,Rawalpindi,8409,1400.0,Tuesday,13,59.6,70.9,3954,5535600.0,MEDIUM
FOOTBALL_MATCH,Lahore,9916,2500.0,Saturday,13,75.4,71.1,6171,15427500.0,HIGH
MUSIC_CONCERT,Multan,24451,7200.0,Tuesday,20,84.9,58.5,12481,89863200.0,MEDIUM
CRICKET_MATCH,Karachi,20859,4400.0,Saturday,10,60.1,82.1,12604,55457600.0,HIGH
CRICKET_MATCH,Rawalpindi,25072,3500.0,Monday,16,45.4,57.6,9881,34583500.0,MEDIUM
MUSIC_FESTIVAL,Multan,23523,7000.0,Wednesday,18,62.8,88.7,11475,80325000.0,MEDIUM
CRICKET_MATCH,Karachi,20051,2500.0,Sunday,21,84.4,77.4,13972,34930000.0,HIGH
FOOTBALL_MATCH,Lahore,11701,1600.0,Saturday,9,85.0,44.5,6998,11196800.0,HIGH
MUSIC_FESTIVAL,Lahore,16214,7000.0,Monday,18,49.8,50.8,5583,39081000.0,LOW
KABADDI,Karachi,8968,1600.0,Sunday,17,46.2,72.1,4677,7483200.0,MEDIUM
KABADDI,Rawalpindi,14936,1100.0,Friday,9,93.9,89.8,11174,12291400.0,HIGH
CRICKET_MATCH,Multan,18601,2200.0,Sunday,9,37.8,33.9,7727,16999400.0,MEDIUM
CRICKET_MATCH,Lahore,33451,3800.0,Saturday,9,82.0,60.1,21259,80784200.0,HIGH
MUSIC_CONCERT,Karachi,17257,7600.0,Saturday,15,38.0,29.3,6192,47059200.0,MEDIUM
KABADDI,Karachi,11274,1000.0,Sunday,12,88.6,41.8,6866,6866000.0,HIGH
FOOTBALL_MATCH,Lahore,9842,1900.0,Wednesday,20,92.9,73.5,5886,11183400.0,HIGH
CRICKET_MATCH,Lahore,28866,1400.0,Saturday,15,54.0,26.1,13342,18678800.0,MEDIUM
CRICKET_MATCH,Karachi,30368,2900.0,Friday,13,39.7,71.7,15553,45103700.0,MEDIUM
MUSIC_FESTIVAL,Faisalabad,27046,3900.0,Monday,20,65.8,90.3,14188,55333200.0,MEDIUM
CRICKET_MATCH,Karachi,26674,1300.0,Monday,22,54.1,95.6,14324,18621200.0,MEDIUM
KABADDI,Karachi,10036,1300.0,Tuesday,15,61.7,36.9,3952,5137600.0,MEDIUM
CRICKET_MATCH,Islamabad,37023,2200.0,Saturday,18,77.6,78.4,25023,55050600.0,HIGH
BOXING,Karachi,8526,4100.0,Saturday,22,48.4,92.3,4800,19680000.0,HIGH
MUSIC_FESTIVAL,Faisalabad,23462,11100.0,Saturday,15,57.8,27.1,9070,100677000.0,MEDIUM
KABADDI,Faisalabad,11368,700.0,Monday,12,85.1,52.3,5959,4171300.0,MEDIUM
CRICKET_MATCH,Lahore,30567,3600.0,Friday,10,76.2,91.7,21219,76388400.0,HIGH
KABADDI,Karachi,12103,1200.0,Sunday,16,55.9,35.8,5688,6825600.0,MEDIUM
MUSIC_CONCERT,Karachi,7825,3200.0,Friday,10,77.5,92.8,5448,17433600.0,HIGH
CRICKET_MATCH,Lahore,28391,3400.0,Saturday,17,84.0,61.1,18406,62580400.0,HIGH
MUSIC_CONCERT,Lahore,13874,6200.0,Saturday,13,72.9,27.8,6877,42637400.0,MEDIUM
KABADDI,Islamabad,11670,1200.0,Sunday,17,50.3,55.1,5802,6962400.0,MEDIUM
MUSIC_CONCERT,Karachi,7608,8100.0,Friday,17,35.0,45.4,2924,23684400.0,MEDIUM
KABADDI,Lahore,12878,1200.0,Sunday,22,86.4,42.0,7725,9270000.0,HIGH
CRICKET_MATCH,Lahore,19018,4500.0,Friday,16,87.6,62.2,12493,56218500.0,HIGH
CRICKET_MATCH,Peshawar,35695,2900.0,Sunday,16,79.6,57.7,22373,64881700.0,HIGH
CRICKET_MATCH,Lahore,27610,1600.0,Wednesday,12,39.9,57.6,10676,17081600.0,MEDIUM
MUSIC_FESTIVAL,Lahore,10500,7500.0,Thursday,22,72.5,26.9,3845,28837500.0,MEDIUM
MUSIC_CONCERT,Karachi,6667,3600.0,Monday,12,87.5,82.6,4037,14533200.0,HIGH
BOXING,Quetta,8152,3600.0,Sunday,22,59.9,57.6,4262,15343200.0,MEDIUM
CRICKET_MATCH,Lahore,27578,3500.0,Friday,10,47.7,84.0,15685,54897500.0,HIGH
CRICKET_MATCH,Islamabad,23230,2700.0,Wednesday,12,72.6,84.3,13204,35650800.0,HIGH
MUSIC_CONCERT,Rawalpindi,14255,3100.0,Wednesday,12,87.9,44.7,7351,22788100.0,MEDIUM
FOOTBALL_MATCH,Lahore,12834,1600.0,Sunday,14,38.1,20.3,4642,7427200.0,MEDIUM
CRICKET_MATCH,Islamabad,19546,1500.0,Sunday,11,73.2,91.1,13604,20406000.0,HIGH
KABADDI,Karachi,8145,1400.0,Saturday,10,76.2,79.3,5322,7450800.0,HIGH
CRICKET_MATCH,Islamabad,36547,3800.0,Saturday,16,73.6,28.4,19179,72880200.0,MEDIUM
CRICKET_MATCH,Islamabad,37396,4400.0,Friday,10,76.6,74.7,24218,106559200.0,HIGH
FOOTBALL_MATCH,Karachi,21782,1100.0,Friday,16,75.4,21.6,11071,12178100.0,MEDIUM
CRICKET_MATCH,Lahore,33640,3000.0,Sunday,15,43.3,22.2,13497,40491000.0,MEDIUM
MUSIC_FESTIVAL,Rawalpindi,28828,8300.0,Tuesday,11,50.0,61.0,10422,86502600.0,MEDIUM
CRICKET_MATCH,Karachi,32284,4200.0,Friday,14,74.6,27.5,16901,70984200.0,MEDIUM
CRICKET_MATCH,Lahore,21423,3300.0,Thursday,14,36.1,95.2,9739,32138700.0,MEDIUM
CRICKET_MATCH,Lahore,37943,1700.0,Friday,18,75.6,89.7,26564,45158800.0,HIGH
MUSIC_CONCERT,Karachi,23070,5100.0,Friday,22,77.6,70.7,14492,73909200.0,HIGH
CRICKET_MATCH,Islamabad,20332,3400.0,Friday,13,50.3,25.0,8777,29841800.0,MEDIUM
KABADDI,Lahore,12066,1400.0,Tuesday,21,73.3,45.3,5521,7729400.0,MEDIUM
CRICKET_MATCH,Karachi,36040,4000.0,Friday,16,69.2,49.0,20124,80496000.0,HIGH
CRICKET_MATCH,Lahore,24038,1800.0,Wednesday,19,51.7,57.5,10319,18574200.0,MEDIUM
CRICKET_MATCH,Islamabad,26583,4300.0,Wednesday,20,64.6,33.2,10621,45670300.0,MEDIUM
MUSIC_CONCERT,Lahore,9289,2900.0,Monday,13,93.2,65.0,5459,15831100.0,HIGH
MUSIC_CONCERT,Islamabad,4296,8400.0,Saturday,15,62.3,54.0,2174,18261600.0,MEDIUM
CRICKET_MATCH,Karachi,35470,4000.0,Friday,14,75.3,93.9,24599,98396000.0,HIGH
KABADDI,Peshawar,12359,1400.0,Saturday,19,37.3,93.0,6696,9374400.0,MEDIUM
MUSIC_FESTIVAL,Lahore,13194,9700.0,Saturday,15,40.0,64.1,5569,54019300.0,MEDIUM
CRICKET_MATCH,Karachi,23805,1400.0,Saturday,21,40.2,70.3,12401,17361400.0,MEDIUM
MUSIC_CONCERT,Lahore,16797,2700.0,Friday,17,84.8,30.7,9605,25933500.0,HIGH
CRICKET_MATCH,Peshawar,34879,1500.0,Friday,11,57.4,37.4,17527,26290500.0,MEDIUM
MUSIC_FESTIVAL,Multan,10995,4200.0,Friday,18,49.6,90.3,6176,25939200.0,HIGH
MUSIC_CONCERT,Lahore,20477,5800.0,Saturday,15,82.8,74.5,13357,77470600.0,HIGH
MUSIC_FESTIVAL,Islamabad,20912,5300.0,Friday,21,45.9,34.8,8396,44498800.0,MEDIUM
BOXING,Rawalpindi,7324,4500.0,Sunday,18,50.8,64.5,3660,16470000.0,MEDIUM
CRICKET_MATCH,Karachi,24393,2700.0,Sunday,11,62.6,92.9,15914,42967800.0,HIGH
MUSIC_FESTIVAL,Karachi,29894,9400.0,Wednesday,21,56.2,46.9,10220,96068000.0,LOW
CRICKET_MATCH,Lahore,18720,3400.0,Tuesday,10,72.5,34.5,8212,27920800.0,MEDIUM
CRICKET_MATCH,Lahore,24325,2300.0,Saturday,20,56.6,93.5,15427,35482100.0,HIGH
MUSIC_CONCERT,Multan,16554,4000.0,Thursday,15,60.1,56.0,7175,28700000.0,MEDIUM
MUSIC_CONCERT,Peshawar,9099,4600.0,Monday,12,90.2,52.5,4853,22323800.0,MEDIUM
MUSIC_FESTIVAL,Islamabad,20568,10300.0,Sunday,9,91.6,40.9,11382,117234600.0,HIGH
CRICKET_MATCH,Karachi,22026,3100.0,Wednesday,14,88.0,89.5,14017,43452700.0,HIGH
MUSIC_CONCERT,Karachi,16247,4000.0,Sunday,19,90.3,86.0,11725,46900000.0,HIGH
MUSIC_CONCERT,Islamabad,9057,7400.0,Saturday,14,71.5,51.4,4900,36260000.0,MEDIUM
CRICKET_MATCH,Multan,35490,1400.0,Saturday,14,76.4,22.4,19056,26678400.0,MEDIUM
CRICKET_MATCH,Multan,23305,3500.0,Wednesday,10,70.7,54.8,11233,39315500.0,MEDIUM
CRICKET_MATCH,Rawalpindi,29914,2600.0,Wednesday,9,85.3,34.1,14695,38207000.0,MEDIUM
CRICKET_MATCH,Islamabad,24674,3600.0,Friday,11,70.3,31.1,12844,46238400.0,MEDIUM
MUSIC_FESTIVAL,Lahore,17563,11400.0,Wednesday,20,42.1,50.7,4999,56988600.0,LOW
KABADDI,Lahore,14614,1500.0,Thursday,22,86.8,27.7,6774,10161000.0,MEDIUM
MUSIC_CONCERT,Multan,19316,5200.0,Thursday,10,83.7,94.7,11789,61302800.0,HIGH
MUSIC_FESTIVAL,Islamabad,24217,4800.0,Tuesday,14,87.5,23.7,10491,50356800.0,MEDIUM
CRICKET_MATCH,Lahore,20005,3900.0,Wednesday,21,47.2,51.3,7649,29831100.0,MEDIUM
MUSIC_CONCERT,Lahore,16741,5300.0,Sunday,20,52.4,32.7,7320,38796000.0,MEDIUM
CRICKET_MATCH,Islamabad,32602,1400.0,Wednesday,14,53.9,73.7,15676,21946400.0,MEDIUM
MUSIC_CONCERT,Lahore,16603,6800.0,Monday,21,67.5,26.1,6093,41432400.0,MEDIUM
CRICKET_MATCH,Lahore,31987,2200.0,Saturday,13,43.6,62.7,16286,35829200.0,MEDIUM
MUSIC_FESTIVAL,Karachi,25147,3900.0,Sunday,18,59.7,80.3,14502,56557800.0,HIGH
CRICKET_MATCH,Islamabad,31543,4200.0,Thursday,18,46.7,94.1,15310,64302000.0,MEDIUM
CRICKET_MATCH,Islamabad,27144,2800.0,Tuesday,13,51.9,74.5,12638,35386400.0,MEDIUM
MUSIC_CONCERT,Lahore,15114,4200.0,Saturday,17,80.2,27.8,8115,34083000.0,MEDIUM
CRICKET_MATCH,Islamabad,23691,3600.0,Sunday,22,89.7,26.9,13807,49705200.0,HIGH
KABADDI,Lahore,13059,1700.0,Sunday,13,36.5,77.1,6490,11033000.0,MEDIUM
CRICKET_MATCH,Karachi,22479,1200.0,Saturday,21,71.2,36.8,12472,14966400.0,HIGH
MUSIC_CONCERT,Islamabad,8198,6600.0,Thursday,18,37.3,54.9,2682,17701200.0,LOW
CRICKET_MATCH,Islamabad,27091,3700.0,Saturday,14,40.5,96.2,15465,57220500.0,HIGH
CRICKET_MATCH,Rawalpindi,33068,1900.0,Tuesday,19,80.1,84.0,19885,37781500.0,HIGH
CRICKET_MATCH,Islamabad,22205,2800.0,Saturday,12,82.1,86.0,15712,43993600.0,HIGH
FOOTBALL_MATCH,Karachi,11641,1000.0,Saturday,18,87.1,87.1,8342,8342000.0,HIGH
CRICKET_MATCH,Lahore,21543,3700.0,Sunday,22,65.4,68.3,12807,47385900.0,HIGH
CRICKET_MATCH,Karachi,33424,4000.0,Thursday,22,90.0,78.0,20352,81408000.0,HIGH
CRICKET_MATCH,Lahore,23591,1600.0,Monday,9,45.7,48.0,9069,14510400.0,MEDIUM
CRICKET_MATCH,Lahore,29833,3900.0,Saturday,12,51.0,97.9,18290,71331000.0,HIGH
KABADDI,Faisalabad,13243,1500.0,Saturday,10,43.6,41.8,5784,8676000.0,MEDIUM
MUSIC_CONCERT,Karachi,10116,4600.0,Sunday,18,86.0,66.0,6589,30309400.0,HIGH
CRICKET_MATCH,Multan,18761,3500.0,Wednesday,11,49.6,42.0,6958,24353000.0,MEDIUM
KABADDI,Islamabad,8407,500.0,Thursday,15,45.0,28.7,2658,1329000.0,LOW
BOXING,Rawalpindi,3885,4800.0,Friday,15,74.9,64.3,2282,10953600.0,HIGH
CRICKET_MATCH,Karachi,20643,3000.0,Thursday,9,39.9,47.6,7265,21795000.0,MEDIUM
MUSIC_CONCERT,Karachi,15125,6200.0,Sunday,16,37.9,65.5,6937,43009400.0,MEDIUM
CRICKET_MATCH,Karachi,19468,3400.0,Friday,15,41.8,63.6,9662,32850800.0,MEDIUM
FOOTBALL_MATCH,Lahore,14292,1800.0,Sunday,9,35.0,62.3,6484,11671200.0,MEDIUM
CRICKET_MATCH,Islamabad,31366,4000.0,Saturday,16,79.6,29.6,17216,68864000.0,MEDIUM
BOXING,Lahore,4662,3600.0,Saturday,22,71.0,54.3,2593,9334800.0,HIGH
BOXING,Lahore,9323,4700.0,Thursday,22,48.4,83.3,4067,19114900.0,MEDIUM
CRICKET_MATCH,Islamabad,26935,3100.0,Sunday,10,49.9,44.6,12963,40185300.0,MEDIUM
CRICKET_MATCH,Lahore,20428,1800.0,Thursday,16,86.9,54.6,11318,20372400.0,HIGH
MUSIC_FESTIVAL,Faisalabad,19685,11300.0,Saturday,11,67.1,58.5,9814,110898200.0,MEDIUM
CRICKET_MATCH,Faisalabad,30738,3400.0,Wednesday,18,79.7,87.3,18372,62464800.0,HIGH
FOOTBALL_MATCH,Peshawar,17308,2000.0,Friday,15,64.0,71.1,10091,20182000.0,HIGH
MUSIC_FESTIVAL,Karachi,23879,11900.0,Thursday,21,50.2,27.8,6072,72256800.0,LOW
MUSIC_CONCERT,Lahore,19772,3000.0,Thursday,14,97.1,87.5,13008,39024000.0,HIGH
KABADDI,Peshawar,13108,1100.0,Sunday,13,71.2,84.9,8530,9383000.0,HIGH
MUSIC_CONCERT,Karachi,21738,3900.0,Wednesday,19,43.4,78.8,9315,36328500.0,MEDIUM
MUSIC_CONCERT,Faisalabad,22864,6300.0,Sunday,18,61.0,56.4,11931,75165300.0,MEDIUM
FOOTBALL_MATCH,Faisalabad,19193,2200.0,Sunday,22,56.1,79.1,10979,24153800.0,HIGH
FOOTBALL_MATCH,Multan,9186,2400.0,Monday,19,48.7,57.3,3568,8563200.0,MEDIUM
CRICKET_MATCH,Lahore,33281,2700.0,Saturday,10,94.7,77.5,24438,65982600.0,HIGH
MUSIC_FESTIVAL,Karachi,12087,10200.0,Thursday,10,91.4,88.6,6921,70594200.0,HIGH
BOXING,Multan,8003,4700.0,Monday,21,47.7,89.5,3595,16896500.0,MEDIUM
CRICKET_MATCH,Karachi,24228,3500.0,Friday,20,57.5,55.5,12943,45300500.0,MEDIUM
MUSIC_CONCERT,Lahore,6831,4000.0,Sunday,9,83.8,87.0,4780,19120000.0,HIGH
FOOTBALL_MATCH,Karachi,11661,1800.0,Monday,22,48.3,27.9,3703,6665400.0,LOW
CRICKET_MATCH,Peshawar,36132,4400.0,Saturday,17,72.9,27.9,18671,82152400.0,MEDIUM
KABADDI,Islamabad,13934,1800.0,Friday,19,79.8,62.8,8680,15624000.0,HIGH
CRICKET_MATCH,Karachi,31795,3300.0,Sunday,16,76.9,70.8,20559,67844700.0,HIGH
MUSIC_CONCERT,Lahore,11552,7800.0,Tuesday,16,80.2,31.9,4877,38040600.0,MEDIUM
CRICKET_MATCH,Islamabad,37648,1900.0,Saturday,9,80.2,56.8,23858,45330200.0,HIGH
MUSIC_CONCERT,Quetta,18605,4000.0,Saturday,13,96.7,27.4,11148,44592000.0,HIGH
KABADDI,Lahore,7063,1700.0,Saturday,20,57.2,67.0,3880,6596000.0,MEDIUM
CRICKET_MATCH,Karachi,31344,1600.0,Sunday,14,91.2,86.7,23565,37704000.0,HIGH
MUSIC_FESTIVAL,Multan,28132,5100.0,Sunday,10,36.4,77.5,13335,68008500.0,MEDIUM
FOOTBALL_MATCH,Islamabad,12545,1500.0,Monday,18,53.4,49.5,4927,7390500.0,MEDIUM
CRICKET_MATCH,Islamabad,33898,3100.0,Friday,13,38.1,97.5,19297,59820700.0,HIGH
FOOTBALL_MATCH,Islamabad,10732,1800.0,Friday,14,76.7,71.7,6799,12238200.0,HIGH
MUSIC_CONCERT,Karachi,5872,4300.0,Thursday,17,41.5,83.6,2528,10870400.0,MEDIUM
CRICKET_MATCH,Lahore,22720,4200.0,Friday,18,89.1,72.2,15668,65805600.0,HIGH
CRICKET_MATCH,Rawalpindi,19969,4200.0,Friday,9,76.4,97.2,14068,59085600.0,HIGH
CRICKET_MATCH,Rawalpindi,30155,2500.0,Friday,21,36.8,84.1,16135,40337500.0,MEDIUM
CRICKET_MATCH,Multan,29870,2600.0,Sunday,18,80.7,60.5,19116,49701600.0,HIGH
MUSIC_CONCERT,Peshawar,20702,6700.0,Tuesday,11,90.2,48.6,10538,70604600.0,MEDIUM
FOOTBALL_MATCH,Karachi,20008,1900.0,Sunday,20,77.3,73.2,12782,24285800.0,HIGH
CRICKET_MATCH,Karachi,21717,2500.0,Friday,17,37.0,66.0,10653,26632500.0,MEDIUM
CRICKET_MATCH,Rawalpindi,19374,2600.0,Saturday,22,89.9,69.1,13484,35058400.0,HIGH
CRICKET_MATCH,Islamabad,26679,2300.0,Sunday,9,81.9,46.8,16336,37572800.0,HIGH
MUSIC_FESTIVAL,Islamabad,24834,5500.0,Friday,9,59.2,53.4,12329,67809500.0,MEDIUM
CRICKET_MATCH,Rawalpindi,31427,2700.0,Friday,9,56.0,63.5,17416,47023200.0,HIGH
MUSIC_FESTIVAL,Multan,9940,9300.0,Friday,15,65.7,85.5,5713,53130900.0,HIGH
FOOTBALL_MATCH,Karachi,10367,2100.0,Friday,21,90.5,79.5,7285,15298500.0,HIGH
CRICKET_MATCH,Karachi,29428,3800.0,Sunday,13,51.1,29.3,13026,49498800.0,MEDIUM
MUSIC_CONCERT,Lahore,20631,4700.0,Sunday,14,41.5,39.2,8599,40415300.0,MEDIUM
FOOTBALL_MATCH,Karachi,11503,2100.0,Tuesday,21,90.3,22.1,5274,11075400.0,MEDIUM
MUSIC_CONCERT,Lahore,20862,2500.0,Tuesday,22,36.7,20.6,5583,13957500.0,LOW
MUSIC_FESTIVAL,Karachi,27144,7600.0,Friday,16,93.3,37.5,15472,117587200.0,HIGH
CRICKET_MATCH,Karachi,30655,3800.0,Tuesday,22,54.6,82.3,14968,56878400.0,MEDIUM
CRICKET_MATCH,Lahore,25968,3300.0,Saturday,21,67.5,90.6,17162,56634600.0,HIGH
MUSIC_CONCERT,Karachi,20292,5300.0,Tuesday,10,43.5,50.6,7075,37497500.0,LOW
CRICKET_MATCH,Lahore,32743,3300.0,Friday,21,92.7,63.9,22548,74408400.0,HIGH
CRICKET_MATCH,Lahore,19368,4200.0,Monday,10,83.0,75.1,11117,46691400.0,HIGH
CRICKET_MATCH,Rawalpindi,20226,3100.0,Thursday,11,94.1,94.3,13577,42088700.0,HIGH
CRICKET_MATCH,Karachi,29688,3800.0,Saturday,21,78.7,91.2,20808,79070400.0,HIGH
MUSIC_CONCERT,Lahore,7612,8400.0,Friday,11,46.8,24.5,2849,23931600.0,MEDIUM
CRICKET_MATCH,Karachi,30199,3500.0,Sunday,21,54.7,39.4,14601,51103500.0,MEDIUM
FOOTBALL_MATCH,Rawalpindi,18034,1800.0,Sunday,11,66.2,23.8,8556,15400800.0,MEDIUM
KABADDI,Lahore,7059,500.0,Friday,12,73.9,68.1,4398,2199000.0,HIGH
CRICKET_MATCH,Islamabad,36028,2400.0,Monday,11,94.3,75.4,22684,54441600.0,HIGH
CRICKET_MATCH,Lahore,31115,3100.0,Sunday,10,59.6,44.0,16060,49786000.0,MEDIUM
MUSIC_CONCERT,Lahore,22195,7300.0,Sunday,17,80.0,86.6,14685,107200500.0,HIGH
CRICKET_MATCH,Karachi,20193,2600.0,Sunday,14,96.5,55.3,13857,36028200.0,HIGH
MUSIC_CONCERT,Karachi,20551,8300.0,Tuesday,11,44.8,97.9,9267,76916100.0,MEDIUM
MUSIC_CONCERT,Islamabad,20128,4100.0,Sunday,17,90.2,20.0,11183,45850300.0,HIGH
CRICKET_MATCH,Islamabad,22182,3700.0,Thursday,12,61.9,28.5,8470,31339000.0,MEDIUM
KABADDI,Faisalabad,14345,1000.0,Saturday,12,81.9,43.5,8436,8436000.0,HIGH
FOOTBALL_MATCH,Karachi,10544,1600.0,Sunday,16,53.8,22.0,4479,7166400.0,MEDIUM
CRICKET_MATCH,Karachi,21868,3800.0,Wednesday,15,56.4,81.0,10754,40865200.0,MEDIUM
MUSIC_CONCERT,Rawalpindi,12506,4300.0,Sunday,15,36.7,24.1,4550,19565000.0,MEDIUM
MUSIC_CONCERT,Lahore,9950,3100.0,Thursday,18,97.2,78.4,6316,19579600.0,HIGH
CRICKET_MATCH,Karachi,26914,2900.0,Sunday,15,87.1,24.1,15365,44558500.0,HIGH
KABADDI,Lahore,8309,1200.0,Thursday,18,41.0,39.7,2691,3229200.0,LOW
MUSIC_FESTIVAL,Lahore,14630,10300.0,Sunday,19,99.0,85.6,10137,104411100.0,HIGH
MUSIC_FESTIVAL,Faisalabad,18693,11700.0,Monday,13,73.7,94.2,9530,111501000.0,MEDIUM
FOOTBALL_MATCH,Rawalpindi,19525,900.0,Saturday,15,89.6,52.3,12489,11240100.0,HIGH
FOOTBALL_MATCH,Islamabad,14686,1800.0,Saturday,12,39.3,95.7,8126,14626800.0,HIGH
CRICKET_MATCH,Karachi,31416,3400.0,Friday,16,59.9,68.9,18141,61679400.0,HIGH
MUSIC_FESTIVAL,Lahore,26407,11900.0,Wednesday,17,77.9,52.4,11082,131875800.0,MEDIUM
CRICKET_MATCH,Lahore,34733,4300.0,Saturday,21,41.8,82.6,18671,80285300.0,MEDIUM
KABADDI,Lahore,15015,1400.0,Wednesday,20,66.3,43.0,6390,8946000.0,MEDIUM
CRICKET_MATCH,Karachi,26629,2900.0,Saturday,11,63.3,40.7,13931,40399900.0,MEDIUM
CRICKET_MATCH,Islamabad,26360,1700.0,Thursday,15,48.8,71.2,11951,20316700.0,MEDIUM
CRICKET_MATCH,Islamabad,30011,2500.0,Sunday,20,54.2,50.5,15495,38737500.0,MEDIUM
MUSIC_FESTIVAL,Lahore,15953,8500.0,Monday,18,96.9,30.6,7339,62381500.0,MEDIUM
CRICKET_MATCH,Faisalabad,21301,3600.0,Wednesday,17,53.5,25.2,7302,26287200.0,LOW
KABADDI,Islamabad,10118,1300.0,Wednesday,9,48.7,81.5,4619,6004700.0,MEDIUM
CRICKET_MATCH,Karachi,29227,3600.0,Friday,10,69.3,72.7,18144,65318400.0,HIGH
CRICKET_MATCH,Islamabad,24819,2600.0,Wednesday,15,77.9,52.1,12620,32812000.0,MEDIUM
CRICKET_MATCH,Karachi,29782,3600.0,Friday,21,81.4,89.9,21120,76032000.0,HIGH
FOOTBALL_MATCH,Lahore,10769,1000.0,Sunday,10,83.3,52.0,6619,6619000.0,HIGH
CRICKET_MATCH,Karachi,28492,1700.0,Saturday,15,37.4,75.4,14847,25239900.0,MEDIUM
CRICKET_MATCH,Rawalpindi,36564,1700.0,Saturday,9,60.2,90.9,23597,40114900.0,HIGH
CRICKET_MATCH,Lahore,21345,4100.0,Tuesday,11,84.5,85.6,12947,53082700.0,HIGH
CRICKET_MATCH,Lahore,20665,1500.0,Saturday,13,92.9,59.9,14298,21447000.0,HIGH
MUSIC_FESTIVAL,Lahore,18784,10300.0,Wednesday,22,73.5,73.1,8754,90166200.0,MEDIUM
MUSIC_FESTIVAL,Lahore,20366,5500.0,Sunday,20,38.3,52.3,8459,46524500.0,MEDIUM
CRICKET_MATCH,Multan,36926,2700.0,Thursday,22,60.4,70.5,18026,48670200.0,MEDIUM
KABADDI,Islamabad,15325,1700.0,Friday,19,39.8,40.1,6388,10859600.0,MEDIUM
MUSIC_FESTIVAL,Karachi,13440,8500.0,Friday,14,82.9,53.9,7604,64634000.0,HIGH
CRICKET_MATCH,Lahore,25110,1900.0,Sunday,21,39.1,36.3,10756,20436400.0,MEDIUM
MUSIC_CONCERT,Karachi,24264,4200.0,Tuesday,17,46.9,23.0,7280,30576000.0,LOW
MUSIC_FESTIVAL,Karachi,27121,11300.0,Saturday,17,61.7,65.9,13474,152256200.0,MEDIUM
CRICKET_MATCH,Lahore,36815,2600.0,Tuesday,11,64.6,87.4,20133,52345800.0,MEDIUM
CRICKET_MATCH,Karachi,35771,3100.0,Saturday,22,61.0,22.0,16683,51717300.0,MEDIUM
MUSIC_FESTIVAL,Karachi,19495,7400.0,Sunday,16,64.7,35.3,8941,66163400.0,MEDIUM
KABADDI,Islamabad,15629,1000.0,Friday,21,80.6,55.9,9600,9600000.0,HIGH
CRICKET_MATCH,Islamabad,37749,1900.0,Friday,12,58.6,71.9,22290,42351000.0,HIGH
CRICKET_MATCH,Lahore,33533,3500.0,Sunday,15,70.1,33.4,17646,61761000.0,MEDIUM
CRICKET_MATCH,Karachi,36823,3600.0,Friday,14,54.4,24.4,16356,58881600.0,MEDIUM
BOXING,Islamabad,6173,2500.0,Friday,16,57.6,60.5,3266,8165000.0,MEDIUM
MUSIC_CONCERT,Karachi,16099,7200.0,Saturday,14,74.3,83.9,10210,73512000.0,HIGH
MUSIC_FESTIVAL,Multan,9316,10800.0,Saturday,12,66.4,22.7,3819,41245200.0,MEDIUM
CRICKET_MATCH,Islamabad,23204,4200.0,Tuesday,10,81.3,47.3,11558,48543600.0,MEDIUM
KABADDI,Lahore,11004,700.0,Sunday,15,70.9,71.8,6819,4773300.0,HIGH
KABADDI,Lahore,6684,900.0,Friday,19,86.4,30.2,3826,3443400.0,HIGH
CRICKET_MATCH,Islamabad,24440,4000.0,Monday,21,63.4,38.4,10024,40096000.0,MEDIUM
CRICKET_MATCH,Lahore,29735,1900.0,Sunday,19,66.4,61.8,17677,33586300.0,HIGH
MUSIC_FESTIVAL,Karachi,11087,3500.0,Friday,12,77.9,94.4,7572,26502000.0,HIGH
MUSIC_CONCERT,Faisalabad,13867,7700.0,Tuesday,21,49.2,42.4,4616,35543200.0,LOW
FOOTBALL_MATCH,Karachi,10113,1400.0,Saturday,17,59.7,58.0,5444,7621600.0,MEDIUM
KABADDI,Karachi,6957,1000.0,Sunday,17,75.0,51.2,4045,4045000.0,HIGH
CRICKET_MATCH,Islamabad,23778,2700.0,Sunday,15,36.8,90.0,13040,35208000.0,MEDIUM
KABADDI,Karachi,14079,1600.0,Sunday,13,63.0,25.6,6593,10548800.0,MEDIUM
BOXING,Karachi,6543,2700.0,Sunday,11,73.3,64.2,3898,10524600.0,HIGH
FOOTBALL_MATCH,Faisalabad,14028,2300.0,Monday,11,96.9,86.0,9000,20700000.0,HIGH
MUSIC_FESTIVAL,Karachi,11094,8700.0,Friday,17,91.1,97.1,7800,67860000.0,HIGH
KABADDI,Faisalabad,8807,1200.0,Sunday,17,53.0,74.5,4895,5874000.0,HIGH
CRICKET_MATCH,Peshawar,32821,2300.0,Friday,20,67.5,49.6,18554,42674200.0,HIGH
MUSIC_CONCERT,Lahore,11582,4000.0,Saturday,21,38.6,52.1,5131,20524000.0,MEDIUM
CRICKET_MATCH,Lahore,27012,3300.0,Saturday,19,50.4,47.4,13202,43566600.0,MEDIUM
CRICKET_MATCH,Lahore,18887,2700.0,Friday,12,84.6,67.1,12662,34187400.0,HIGH
CRICKET_MATCH,Lahore,29920,4200.0,Sunday,19,42.9,77.7,15861,66616200.0,MEDIUM
CRICKET_MATCH,Lahore,24015,2800.0,Friday,9,51.5,83.9,14111,39510800.0,HIGH
MUSIC_CONCERT,Islamabad,18530,5600.0,Friday,21,95.4,52.5,11969,67026400.0,HIGH
FOOTBALL_MATCH,Lahore,11993,1500.0,Sunday,18,87.7,75.9,8244,12366000.0,HIGH
MUSIC_CONCERT,Karachi,23468,7200.0,Friday,13,85.0,91.5,16271,117151200.0,HIGH
KABADDI,Rawalpindi,6875,1100.0,Wednesday,22,90.3,91.8,4398,4837800.0,HIGH
CRICKET_MATCH,Lahore,30453,2100.0,Friday,16,83.0,74.9,20954,44003400.0,HIGH
MUSIC_CONCERT,Rawalpindi,11508,7700.0,Sunday,18,42.7,69.7,5486,42242200.0,MEDIUM
CRICKET_MATCH,Lahore,18556,3200.0,Saturday,12,68.1,61.5,10968,35097600.0,HIGH
CRICKET_MATCH,Lahore,26900,3200.0,Sunday,18,63.4,34.3,13596,43507200.0,MEDIUM
FOOTBALL_MATCH,Islamabad,8717,1800.0,Saturday,18,54.9,29.6,3893,7007400.0,MEDIUM
CRICKET_MATCH,Islamabad,21665,3600.0,Thursday,12,88.4,57.9,12033,43318800.0,HIGH
CRICKET_MATCH,Multan,31891,2200.0,Sunday,21,64.7,32.4,16345,35959000.0,MEDIUM
KABADDI,Islamabad,12547,500.0,Sunday,20,38.9,65.0,6074,3037000.0,MEDIUM
FOOTBALL_MATCH,Rawalpindi,13196,2200.0,Wednesday,22,52.6,70.4,5768,12689600.0,MEDIUM
CRICKET_MATCH,Lahore,36403,1600.0,Tuesday,17,49.6,61.0,15710,25136000.0,MEDIUM
MUSIC_FESTIVAL,Lahore,19971,9600.0,Sunday,17,91.8,22.8,10260,98496000.0,MEDIUM
KABADDI,Rawalpindi,14482,600.0,Sunday,15,76.4,24.5,7570,4542000.0,MEDIUM
MUSIC_CONCERT,Rawalpindi,22567,4800.0,Sunday,18,70.9,28.8,11292,54201600.0,MEDIUM
CRICKET_MATCH,Quetta,37320,1400.0,Sunday,16,67.4,32.0,19675,27545000.0,MEDIUM
KABADDI,Karachi,12691,1200.0,Saturday,20,76.6,97.2,8897,10676400.0,HIGH
MUSIC_CONCERT,Karachi,11045,6400.0,Saturday,20,83.3,46.9,6417,41068800.0,HIGH
KABADDI,Rawalpindi,8813,700.0,Saturday,12,70.5,42.8,4809,3366300.0,MEDIUM
MUSIC_CONCERT,Karachi,5237,4700.0,Monday,16,95.1,24.1,2514,11815800.0,MEDIUM
CRICKET_MATCH,Peshawar,28309,4300.0,Saturday,22,97.5,69.6,20211,86907300.0,HIGH
CRICKET_MATCH,Multan,37427,2700.0,Friday,14,98.7,70.9,27426,74050200.0,HIGH
FOOTBALL_MATCH,Karachi,14472,2200.0,Saturday,21,77.8,33.7,7813,17188600.0,MEDIUM
CRICKET_MATCH,Rawalpindi,37471,4300.0,Friday,11,94.7,91.7,28429,122244700.0,HIGH
MUSIC_CONCERT,Rawalpindi,7558,8300.0,Friday,15,60.9,82.4,4327,35914100.0,HIGH
CRICKET_MATCH,Lahore,23293,4200.0,Wednesday,11,90.0,38.0,11821,49648200.0,MEDIUM
MUSIC_FESTIVAL,Peshawar,27237,6200.0,Thursday,19,93.2,57.9,14445,89559000.0,MEDIUM
MUSIC_FESTIVAL,Karachi,20811,11700.0,Tuesday,15,92.9,55.8,10110,118287000.0,MEDIUM
CRICKET_MATCH,Rawalpindi,36229,3900.0,Wednesday,13,88.2,47.2,19050,74295000.0,MEDIUM
CRICKET_MATCH,Karachi,24362,4000.0,Sunday,12,61.0,83.8,14974,59896000.0,HIGH
MUSIC_CONCERT,Multan,17311,2600.0,Tuesday,11,45.2,28.5,5514,14336400.0,LOW
MUSIC_FESTIVAL,Karachi,11182,11600.0,Thursday,16,56.4,52.4,3814,44242400.0,LOW
CRICKET_MATCH,Lahore,32298,3800.0,Saturday,12,84.1,53.4,20240,76912000.0,HIGH
CRICKET_MATCH,Peshawar,34847,3700.0,Saturday,16,49.9,56.6,17671,65382700.0,MEDIUM
FOOTBALL_MATCH,Lahore,11860,900.0,Tuesday,18,65.6,87.2,6368,5731200.0,MEDIUM
BOXING,Karachi,8760,2300.0,Sunday,11,71.2,37.0,4579,10531700.0,MEDIUM
CRICKET_MATCH,Faisalabad,25260,4400.0,Sunday,18,73.6,28.0,13125,57750000.0,MEDIUM
MUSIC_CONCERT,Faisalabad,4450,5500.0,Wednesday,21,94.9,68.2,2599,14294500.0,HIGH
CRICKET_MATCH,Karachi,31707,2500.0,Thursday,17,77.3,33.6,14607,36517500.0,MEDIUM
CRICKET_MATCH,Islamabad,19915,4000.0,Sunday,14,85.3,25.8,11168,44672000.0,HIGH
CRICKET_MATCH,Karachi,27115,1500.0,Sunday,13,72.2,53.3,16208,24312000.0,HIGH
CRICKET_MATCH,Lahore,25076,2600.0,Saturday,13,88.3,37.1,15296,39769600.0,HIGH
CRICKET_MATCH,Karachi,32814,2400.0,Tuesday,21,51.9,48.2,13212,31708800.0,MEDIUM
FOOTBALL_MATCH,Islamabad,8315,1400.0,Friday,11,48.4,40.3,3756,5258400.0,MEDIUM
CRICKET_MATCH,Rawalpindi,22793,2200.0,Saturday,10,94.3,27.2,13915,30613000.0,HIGH
CRICKET_MATCH,Rawalpindi,35760,1900.0,Wednesday,14,79.4,63.7,19595,37230500.0,MEDIUM
CRICKET_MATCH,Rawalpindi,37199,1800.0,Friday,19,78.0,22.1,20066,36118800.0,MEDIUM
MUSIC_FESTIVAL,Lahore,9262,8900.0,Saturday,9,64.9,95.4,5550,49395000.0,HIGH
CRICKET_MATCH,Karachi,27319,4200.0,Thursday,22,59.1,46.6,11286,47401200.0,MEDIUM
CRICKET_MATCH,Lahore,31194,2900.0,Sunday,15,70.6,74.2,19786,57379400.0,HIGH
KABADDI,Karachi,8925,900.0,Sunday,13,42.7,83.2,4829,4346100.0,MEDIUM
MUSIC_FESTIVAL,Karachi,11468,4900.0,Thursday,12,64.1,41.8,4473,21917700.0,MEDIUM
CRICKET_MATCH,Multan,31874,3900.0,Sunday,17,64.1,78.4,19553,76256700.0,HIGH
BOXING,Karachi,7459,4900.0,Tuesday,18,69.5,84.9,3864,18933600.0,MEDIUM
MUSIC_CONCERT,Lahore,24405,4600.0,Sunday,9,75.6,38.8,13286,61115600.0,MEDIUM
KABADDI,Lahore,10409,900.0,Tuesday,19,96.3,97.4,7053,6347700.0,HIGH
CRICKET_MATCH,Rawalpindi,18547,3200.0,Tuesday,12,76.7,21.6,7856,25139200.0,MEDIUM
BOXING,Islamabad,7891,4200.0,Saturday,11,91.6,36.9,4622,19412400.0,HIGH
CRICKET_MATCH,Lahore,37907,2700.0,Friday,14,70.6,80.8,24722,66749400.0,HIGH
KABADDI,Lahore,13042,1300.0,Sunday,13,75.1,35.1,7036,9146800.0,MEDIUM
MUSIC_CONCERT,Islamabad,13721,6800.0,Friday,15,39.5,74.5,6627,45063600.0,MEDIUM
CRICKET_MATCH,Lahore,32436,4400.0,Thursday,21,43.5,86.7,14709,64719600.0,MEDIUM
MUSIC_CONCERT,Rawalpindi,20490,3500.0,Friday,9,72.1,94.8,13911,48688500.0,HIGH
CRICKET_MATCH,Islamabad,37368,4500.0,Friday,21,60.3,57.0,20236,91062000.0,MEDIUM
MUSIC_CONCERT,Lahore,9468,4900.0,Thursday,13,86.1,95.7,5907,28944300.0,HIGH
FOOTBALL_MATCH,Lahore,20904,2000.0,Saturday,22,69.8,52.1,11649,23298000.0,HIGH
CRICKET_MATCH,Quetta,32923,3100.0,Saturday,10,91.5,37.0,20355,63100500.0,HIGH
CRICKET_MATCH,Karachi,19250,2800.0,Sunday,10,97.2,60.1,13465,37702000.0,HIGH
MUSIC_FESTIVAL,Karachi,21264,9400.0,Sunday,19,44.4,70.7,9721,91377400.0,MEDIUM
CRICKET_MATCH,Rawalpindi,19611,2500.0,Thursday,19,60.3,55.7,8868,22170000.0,MEDIUM
CRICKET_MATCH,Faisalabad,25928,1600.0,Saturday,10,77.6,64.2,16712,26739200.0,HIGH
CRICKET_MATCH,Quetta,19790,2800.0,Friday,17,54.6,52.5,10305,28854000.0,MEDIUM
KABADDI,Rawalpindi,13217,1200.0,Saturday,18,52.1,60.9,6852,8222400.0,MEDIUM
KABADDI,Karachi,6867,800.0,Friday,11,87.1,94.3,5054,4043200.0,HIGH
CRICKET_MATCH,Lahore,37153,4300.0,Sunday,12,97.7,59.0,25568,109942400.0,HIGH
CRICKET_MATCH,Rawalpindi,30445,2000.0,Saturday,13,84.5,39.7,18462,36924000.0,HIGH
CRICKET_MATCH,Karachi,18327,2600.0,Sunday,22,68.5,79.2,11747,30542200.0,HIGH
CRICKET_MATCH,Karachi,21816,1700.0,Sunday,12,63.3,46.3,11900,20230000.0,MEDIUM
CRICKET_MATCH,Peshawar,21148,3000.0,Sunday,12,69.5,83.7,13814,41442000.0,HIGH
MUSIC_CONCERT,Lahore,19070,4300.0,Sunday,13,64.6,24.4,8948,38476400.0,MEDIUM
CRICKET_MATCH,Karachi,29573,2800.0,Friday,18,67.2,45.9,16309,45665200.0,HIGH
CRICKET_MATCH,Lahore,28566,1900.0,Thursday,17,48.0,27.4,9697,18424300.0,LOW
CRICKET_MATCH,Karachi,36939,1400.0,Friday,20,92.8,26.7,22503,31504200.0,HIGH
MUSIC_FESTIVAL,Lahore,21157,10100.0,Monday,17,83.3,71.4,10576,106817600.0,MEDIUM
MUSIC_FESTIVAL,Lahore,17322,8900.0,Friday,22,78.6,50.1,9308,82841200.0,MEDIUM
MUSIC_CONCERT,Lahore,24720,4500.0,Friday,22,95.8,88.0,18388,82746000.0,HIGH
CRICKET_MATCH,Islamabad,20482,1400.0,Friday,14,53.2,60.3,11156,15618400.0,MEDIUM
CRICKET_MATCH,Islamabad,21099,4100.0,Sunday,19,40.2,43.0,9156,37539600.0,MEDIUM
CRICKET_MATCH,Karachi,29512,1800.0,Sunday,20,87.9,76.2,21006,37810800.0,HIGH
CRICKET_MATCH,Faisalabad,31675,4300.0,Wednesday,22,98.9,68.7,19541,84026300.0,HIGH
FOOTBALL_MATCH,Karachi,17748,1600.0,Friday,11,72.0,82.4,11431,18289600.0,HIGH
MUSIC_CONCERT,Lahore,15735,4500.0,Friday,14,38.8,70.2,7641,34384500.0,MEDIUM
MUSIC_CONCERT,Multan,17850,7000.0,Friday,18,84.9,33.0,9784,68488000.0,MEDIUM
MUSIC_CONCERT,Lahore,10732,7800.0,Sunday,12,39.7,72.3,5058,39452400.0,MEDIUM
CRICKET_MATCH,Faisalabad,25985,2400.0,Friday,11,69.6,50.5,14935,35844000.0,HIGH
BOXING,Lahore,7508,2900.0,Saturday,14,52.8,56.1,3734,10828600.0,MEDIUM
CRICKET_MATCH,Faisalabad,24054,2600.0,Sunday,19,93.6,91.9,18446,47959600.0,HIGH
CRICKET_MATCH,Lahore,34952,4200.0,Sunday,14,63.9,48.1,18695,78519000.0,MEDIUM
MUSIC_CONCERT,Multan,5654,6700.0,Tuesday,10,92.5,67.7,3197,21419900.0,HIGH
CRICKET_MATCH,Karachi,29428,2000.0,Saturday,17,54.1,48.4,15130,30260000.0,MEDIUM
CRICKET_MATCH,Quetta,29311,1800.0,Friday,16,59.8,27.4,14199,25558200.0,MEDIUM
CRICKET_MATCH,Lahore,21733,2000.0,Thursday,14,95.6,55.4,12763,25526000.0,HIGH
BOXING,Karachi,9627,2400.0,Monday,9,47.9,66.6,3934,9441600.0,MEDIUM
MUSIC_CONCERT,Faisalabad,23613,3900.0,Friday,20,72.0,51.8,13418,52330200.0,HIGH
CRICKET_MATCH,Karachi,24811,3400.0,Friday,10,59.9,50.5,13185,44829000.0,MEDIUM
MUSIC_CONCERT,Islamabad,12342,3200.0,Thursday,12,84.5,84.0,7411,23715200.0,HIGH
CRICKET_MATCH,Islamabad,28464,2500.0,Saturday,15,43.3,22.3,11526,28815000.0,MEDIUM
CRICKET_MATCH,Karachi,33746,3300.0,Saturday,17,63.0,43.1,17725,58492500.0,MEDIUM
MUSIC_CONCERT,Islamabad,16543,4200.0,Wednesday,18,79.7,83.3,9492,39866400.0,HIGH
BOXING,Karachi,5108,1700.0,Monday,13,61.0,91.8,2685,4564500.0,MEDIUM
MUSIC_FESTIVAL,Peshawar,9795,4200.0,Sunday,18,38.7,52.2,4169,17509800.0,MEDIUM
CRICKET_MATCH,Lahore,34192,1600.0,Monday,10,80.1,89.3,21086,33737600.0,HIGH
BOXING,Lahore,9539,4400.0,Sunday,21,67.2,35.5,4668,20539200.0,MEDIUM
KABADDI,Faisalabad,14540,1400.0,Saturday,19,35.7,37.3,5766,8072400.0,MEDIUM
MUSIC_FESTIVAL,Multan,24328,4000.0,Thursday,19,74.2,86.0,13250,53000000.0,MEDIUM
CRICKET_MATCH,Karachi,24214,2500.0,Wednesday,19,93.9,90.5,16107,40267500.0,HIGH
MUSIC_CONCERT,Islamabad,10145,4200.0,Monday,9,42.1,37.4,3227,13553400.0,LOW
KABADDI,Lahore,8609,1300.0,Wednesday,18,72.8,24.6,3484,4529200.0,MEDIUM
CRICKET_MATCH,Lahore,36610,2900.0,Tuesday,22,81.6,27.0,16750,48575000.0,MEDIUM
FOOTBALL_MATCH,Karachi,16455,1600.0,Saturday,21,39.5,40.4,6865,10984000.0,MEDIUM
CRICKET_MATCH,Karachi,31622,2200.0,Wednesday,22,36.4,79.4,13404,29488800.0,MEDIUM
KABADDI,Karachi,11930,700.0,Friday,9,64.7,59.8,6758,4730600.0,HIGH
MUSIC_CONCERT,Lahore,14298,7000.0,Saturday,13,85.6,55.5,8678,60746000.0,HIGH
KABADDI,Faisalabad,9080,1600.0,Thursday,22,45.3,65.6,3650,5840000.0,MEDIUM
KABADDI,Quetta,6987,1700.0,Monday,15,88.5,89.4,4351,7396700.0,HIGH
FOOTBALL_MATCH,Islamabad,17539,900.0,Monday,17,77.0,27.1,7532,6778800.0,MEDIUM
CRICKET_MATCH,Karachi,35744,3600.0,Monday,17,56.3,74.2,17007,61225200.0,MEDIUM
CRICKET_MATCH,Karachi,25546,3600.0,Saturday,16,68.0,92.3,16986,61149600.0,HIGH
FOOTBALL_MATCH,Rawalpindi,19030,2400.0,Thursday,9,96.8,36.6,9839,23613600.0,MEDIUM
CRICKET_MATCH,Islamabad,19726,2000.0,Sunday,13,48.9,85.3,11577,23154000.0,HIGH
CRICKET_MATCH,Lahore,34149,3600.0,Friday,14,67.0,74.4,21050,75780000.0,HIGH
FOOTBALL_MATCH,Peshawar,21977,900.0,Friday,14,75.0,21.1,11141,10026900.0,MEDIUM
CRICKET_MATCH,Rawalpindi,18907,3300.0,Friday,12,43.8,38.1,8333,27498900.0,MEDIUM
CRICKET_MATCH,Faisalabad,37208,2400.0,Saturday,9,37.8,67.3,18511,44426400.0,MEDIUM
FOOTBALL_MATCH,Islamabad,17450,2100.0,Thursday,11,35.9,59.2,6059,12723900.0,LOW
CRICKET_MATCH,Islamabad,31764,4000.0,Tuesday,18,55.8,61.2,13933,55732000.0,MEDIUM
MUSIC_FESTIVAL,Karachi,16390,6600.0,Saturday,12,39.7,38.1,6187,40834200.0,MEDIUM
MUSIC_CONCERT,Peshawar,6455,5700.0,Thursday,12,86.4,72.7,3628,20679600.0,HIGH
MUSIC_CONCERT,Multan,9208,3200.0,Friday,21,98.8,40.8,5949,19036800.0,HIGH
CRICKET_MATCH,Lahore,25774,2600.0,Saturday,12,38.9,50.4,11804,30690400.0,MEDIUM
MUSIC_CONCERT,Lahore,18556,4700.0,Friday,22,62.7,48.8,9655,45378500.0,MEDIUM
MUSIC_CONCERT,Karachi,19428,3600.0,Saturday,13,36.6,72.4,9502,34207200.0,MEDIUM
MUSIC_CONCERT,Rawalpindi,7365,7900.0,Saturday,21,43.6,27.0,2740,21646000.0,MEDIUM
CRICKET_MATCH,Quetta,23951,1700.0,Saturday,19,55.7,36.0,11766,20002200.0,MEDIUM
KABADDI,Lahore,15505,1300.0,Saturday,17,60.2,35.6,7518,9773400.0,MEDIUM
MUSIC_CONCERT,Karachi,14094,7800.0,Saturday,12,95.1,28.5,8027,62610600.0,HIGH
KABADDI,Karachi,12697,1700.0,Saturday,17,60.3,36.2,6145,10446500.0,MEDIUM
KABADDI,Faisalabad,14769,1500.0,Sunday,17,66.8,67.4,8680,13020000.0,HIGH
FOOTBALL_MATCH,Rawalpindi,14676,1100.0,Friday,9,50.7,77.1,8136,8949600.0,HIGH
FOOTBALL_MATCH,Rawalpindi,20622,2200.0,Friday,13,35.0,71.5,9773,21500600.0,MEDIUM
CRICKET_MATCH,Karachi,19020,2100.0,Saturday,17,92.6,57.1,12926,27144600.0,HIGH
KABADDI,Karachi,9844,1700.0,Saturday,12,40.2,24.1,3725,6332500.0,MEDIUM
CRICKET_MATCH,Lahore,21573,3500.0,Monday,13,96.7,94.8,14659,51306500.0,HIGH
CRICKET_MATCH,Lahore,28485,3800.0,Sunday,12,43.4,33.1,12057,45816600.0,MEDIUM
CRICKET_MATCH,Multan,23442,1500.0,Monday,21,73.7,72.1,12902,19353000.0,HIGH
KABADDI,Rawalpindi,13914,1300.0,Saturday,10,99.0,91.2,10705,13916500.0,HIGH
CRICKET_MATCH,Quetta,25951,3900.0,Saturday,18,43.9,74.4,13695,53410500.0,MEDIUM
BOXING,Quetta,3610,4500.0,Sunday,10,62.1,37.0,1709,7690500.0,MEDIUM
MUSIC_CONCERT,Karachi,12520,2700.0,Monday,10,84.9,44.6,6347,17136900.0,MEDIUM
CRICKET_MATCH,Rawalpindi,18546,4300.0,Saturday,21,37.1,22.4,6851,29459300.0,MEDIUM
CRICKET_MATCH,Faisalabad,33530,1300.0,Friday,9,79.1,67.8,22172,28823600.0,HIGH
CRICKET_MATCH,Rawalpindi,37565,3200.0,Thursday,11,40.1,67.8,15094,48300800.0,MEDIUM
MUSIC_CONCERT,Lahore,12998,6700.0,Tuesday,22,50.1,76.6,5572,37332400.0,MEDIUM
FOOTBALL_MATCH,Karachi,17225,1000.0,Saturday,19,45.2,20.9,6786,6786000.0,MEDIUM
FOOTBALL_MATCH,Lahore,19465,900.0,Friday,18,93.1,83.8,14239,12815100.0,HIGH
CRICKET_MATCH,Faisalabad,33616,3800.0,Tuesday,9,46.5,77.6,14998,56992400.0,MEDIUM
KABADDI,Islamabad,9333,1000.0,Saturday,12,37.6,31.0,3647,3647000.0,MEDIUM
MUSIC_CONCERT,Lahore,23124,3100.0,Saturday,9,72.6,47.1,13049,40451900.0,HIGH
MUSIC_CONCERT,Islamabad,16717,7100.0,Saturday,12,57.2,69.8,8952,63559200.0,MEDIUM
KABADDI,Islamabad,10901,1600.0,Sunday,11,61.0,58.7,5925,9480000.0,MEDIUM
CRICKET_MATCH,Karachi,29842,3100.0,Friday,17,42.6,29.0,12381,38381100.0,MEDIUM
CRICKET_MATCH,Lahore,23708,1700.0,Sunday,9,82.9,26.8,13519,22982300.0,HIGH
CRICKET_MATCH,Islamabad,20082,1300.0,Sunday,22,73.5,81.0,13520,17576000.0,HIGH
CRICKET_MATCH,Karachi,27795,3500.0,Thursday,16,58.3,32.2,10534,36869000.0,MEDIUM
CRICKET_MATCH,Rawalpindi,30541,3000.0,Tuesday,19,46.0,33.4,10364,31092000.0,LOW
CRICKET_MATCH,Karachi,18260,3300.0,Friday,17,73.0,84.8,12179,40190700.0,HIGH
CRICKET_MATCH,Multan,31567,3900.0,Friday,20,84.8,67.7,20971,81786900.0,HIGH
MUSIC_FESTIVAL,Karachi,13982,7200.0,Saturday,15,55.0,67.2,7039,50680800.0,MEDIUM
KABADDI,Karachi,6500,700.0,Saturday,9,36.7,57.4,2960,2072000.0,MEDIUM
MUSIC_CONCERT,Multan,5015,8100.0,Saturday,12,48.7,64.4,2423,19626300.0,MEDIUM
MUSIC_CONCERT,Karachi,14525,5800.0,Friday,18,78.7,66.9,8975,52055000.0,HIGH
CRICKET_MATCH,Lahore,21963,3200.0,Tuesday,9,98.3,95.5,15140,48448000.0,HIGH
MUSIC_CONCERT,Lahore,15866,8100.0,Sunday,12,35.9,37.4,5834,47255400.0,MEDIUM
CRICKET_MATCH,Rawalpindi,30247,4300.0,Thursday,11,54.6,36.7,11216,48228800.0,MEDIUM
KABADDI,Islamabad,8706,1200.0,Sunday,10,39.0,24.5,3294,3952800.0,MEDIUM
CRICKET_MATCH,Islamabad,33272,2200.0,Tuesday,9,55.2,71.3,15776,34707200.0,MEDIUM
MUSIC_FESTIVAL,Lahore,10099,12000.0,Sunday,14,61.0,62.8,4864,58368000.0,MEDIUM
CRICKET_MATCH,Lahore,24386,3400.0,Tuesday,20,93.9,28.7,12301,41823400.0,MEDIUM
CRICKET_MATCH,Lahore,23338,2500.0,Wednesday,15,40.2,48.4,8368,20920000.0,MEDIUM
MUSIC_FESTIVAL,Karachi,26949,8300.0,Monday,14,84.7,33.9,11424,94819200.0,MEDIUM
CRICKET_MATCH,Karachi,26300,2600.0,Saturday,17,60.3,45.9,13860,36036000.0,MEDIUM
BOXING,Karachi,6422,4600.0,Sunday,20,86.9,94.2,4551,20934600.0,HIGH
MUSIC_CONCERT,Karachi,23465,5400.0,Friday,17,67.9,73.3,13990,75546000.0,HIGH
MUSIC_CONCERT,Peshawar,8297,7400.0,Sunday,10,37.5,20.6,2793,20668200.0,LOW
MUSIC_FESTIVAL,Karachi,27332,10600.0,Saturday,10,95.6,39.7,15396,163197600.0,HIGH
MUSIC_FESTIVAL,Karachi,16405,10500.0,Saturday,17,40.3,20.8,5075,53287500.0,LOW
CRICKET_MATCH,Rawalpindi,33094,3600.0,Sunday,9,73.3,75.8,21297,76669200.0,HIGH
MUSIC_CONCERT,Karachi,19201,7600.0,Thursday,13,91.2,56.6,10110,76836000.0,MEDIUM
KABADDI,Islamabad,7040,1000.0,Friday,9,40.1,97.5,3987,3987000.0,HIGH
KABADDI,Multan,13988,600.0,Sunday,15,70.4,77.2,8840,5304000.0,HIGH
CRICKET_MATCH,Faisalabad,25559,4000.0,Sunday,17,87.8,60.4,16783,67132000.0,HIGH
BOXING,Lahore,3987,3200.0,Sunday,14,98.1,82.8,2918,9337600.0,HIGH
MUSIC_FESTIVAL,Peshawar,27579,4600.0,Sunday,22,81.4,75.0,17650,81190000.0,HIGH
MUSIC_FESTIVAL,Karachi,29483,4500.0,Tuesday,10,52.8,39.0,10125,45562500.0,LOW
CRICKET_MATCH,Lahore,18503,1700.0,Sunday,14,79.8,61.4,11936,20291200.0,HIGH
CRICKET_MATCH,Karachi,23344,3700.0,Friday,17,80.2,63.4,14887,55081900.0,HIGH
CRICKET_MATCH,Quetta,26947,3500.0,Sunday,11,79.8,55.2,16629,58201500.0,HIGH
MUSIC_CONCERT,Karachi,13533,3700.0,Friday,17,89.7,34.0,8005,29618500.0,HIGH
MUSIC_CONCERT,Karachi,18808,7600.0,Saturday,16,40.6,37.4,7313,55578800.0,MEDIUM
FOOTBALL_MATCH,Islamabad,16148,1300.0,Friday,21,41.9,41.9,6976,9068800.0,MEDIUM
CRICKET_MATCH,Lahore,32155,3800.0,Thursday,20,76.0,20.8,13337,50680600.0,MEDIUM
CRICKET_MATCH,Lahore,33193,2800.0,Monday,15,96.0,91.5,22355,62594000.0,HIGH
FOOTBALL_MATCH,Lahore,18780,2000.0,Sunday,16,64.8,73.5,11118,22236000.0,HIGH
MUSIC_FESTIVAL,Lahore,9381,6700.0,Sunday,18,96.5,73.8,6370,42679000.0,HIGH
KABADDI,Lahore,11602,1000.0,Tuesday,14,95.0,64.6,6845,6845000.0,HIGH
CRICKET_MATCH,Lahore,25012,4000.0,Saturday,11,92.8,73.8,17731,70924000.0,HIGH
FOOTBALL_MATCH,Islamabad,19179,900.0,Saturday,15,93.2,96.6,14651,13185900.0,HIGH
CRICKET_MATCH,Lahore,33212,4400.0,Friday,12,92.5,50.0,21438,94327200.0,HIGH
MUSIC_FESTIVAL,Karachi,21808,9000.0,Thursday,19,87.5,75.6,11641,104769000.0,MEDIUM
CRICKET_MATCH,Multan,28711,2600.0,Sunday,18,79.5,48.0,17348,45104800.0,HIGH
FOOTBALL_MATCH,Karachi,21882,1900.0,Saturday,22,36.6,86.6,11373,21608700.0,MEDIUM
CRICKET_MATCH,Islamabad,33173,1600.0,Saturday,13,43.5,86.9,19022,30435200.0,HIGH
BOXING,Lahore,4887,3300.0,Saturday,16,43.6,90.4,2667,8801100.0,MEDIUM
BOXING,Lahore,4323,4900.0,Tuesday,15,36.5,20.4,1007,4934300.0,LOW
MUSIC_CONCERT,Lahore,24193,3900.0,Friday,15,42.5,43.3,10557,41172300.0,MEDIUM
CRICKET_MATCH,Lahore,29939,3600.0,Wednesday,16,93.9,30.4,15188,54676800.0,MEDIUM
CRICKET_MATCH,Lahore,20131,2600.0,Wednesday,18,77.5,55.4,10372,26967200.0,MEDIUM
CRICKET_MATCH,Lahore,20424,3400.0,Saturday,11,55.0,58.6,10892,37032800.0,MEDIUM
BOXING,Lahore,6384,2200.0,Sunday,11,85.8,40.0,3739,8225800.0,HIGH
CRICKET_MATCH,Lahore,27200,2800.0,Friday,10,66.3,76.4,16982,47549600.0,HIGH
KABADDI,Karachi,7317,1800.0,Wednesday,9,44.1,41.0,2448,4406400.0,LOW
MUSIC_CONCERT,Lahore,7216,3700.0,Saturday,18,91.6,86.6,5269,19495300.0,HIGH
MUSIC_CONCERT,Karachi,16826,6300.0,Sunday,14,56.7,33.9,7563,47646900.0,MEDIUM
CRICKET_MATCH,Karachi,18016,3100.0,Saturday,14,79.7,48.6,10864,33678400.0,HIGH
FOOTBALL_MATCH,Islamabad,12670,1800.0,Sunday,21,53.6,68.5,6828,12290400.0,MEDIUM
CRICKET_MATCH,Lahore,20623,3200.0,Saturday,18,67.0,67.2,12398,39673600.0,HIGH
BOXING,Rawalpindi,8158,3300.0,Saturday,20,87.2,26.1,4475,14767500.0,MEDIUM
MUSIC_CONCERT,Islamabad,20513,2600.0,Tuesday,16,45.0,86.0,9467,24614200.0,MEDIUM
CRICKET_MATCH,Lahore,32450,4200.0,Thursday,22,97.5,66.6,19701,82744200.0,HIGH
CRICKET_MATCH,Multan,19473,3900.0,Friday,14,39.5,87.8,10607,41367300.0,MEDIUM
MUSIC_CONCERT,Peshawar,13260,3500.0,Friday,14,69.2,87.7,8623,30180500.0,HIGH
MUSIC_CONCERT,Lahore,8311,5000.0,Sunday,9,93.6,62.6,5557,27785000.0,HIGH
CRICKET_MATCH,Lahore,37279,3700.0,Sunday,20,95.5,91.0,28485,105394500.0,HIGH
KABADDI,Rawalpindi,8736,1800.0,Tuesday,15,49.9,86.2,4100,7380000.0,MEDIUM
CRICKET_MATCH,Islamabad,19946,4300.0,Wednesday,15,44.2,94.7,9510,40893000.0,MEDIUM
CRICKET_MATCH,Lahore,33740,4200.0,Friday,18,81.4,86.3,23483,98628600.0,HIGH
MUSIC_FESTIVAL,Lahore,24684,4800.0,Thursday,17,37.7,84.1,9811,47092800.0,MEDIUM
MUSIC_CONCERT,Karachi,13176,8000.0,Saturday,22,66.1,56.6,6979,55832000.0,MEDIUM
MUSIC_CONCERT,Karachi,15883,7800.0,Sunday,20,86.0,36.5,8822,68811600.0,HIGH
CRICKET_MATCH,Islamabad,22501,2400.0,Sunday,15,70.9,91.0,15320,36768000.0,HIGH
MUSIC_CONCERT,Karachi,15618,4900.0,Saturday,16,47.0,76.4,8263,40488700.0,MEDIUM
CRICKET_MATCH,Karachi,23914,2700.0,Sunday,12,66.2,42.0,12882,34781400.0,MEDIUM
CRICKET_MATCH,Islamabad,18082,3400.0,Friday,17,94.0,46.6,11745,39933000.0,HIGH
KABADDI,Lahore,14364,800.0,Wednesday,22,74.5,73.5,7710,6168000.0,MEDIUM
CRICKET_MATCH,Lahore,35382,1300.0,Friday,9,81.2,57.3,22747,29571100.0,HIGH
MUSIC_CONCERT,Islamabad,9804,3300.0,Saturday,16,56.5,26.4,4420,14586000.0,MEDIUM
KABADDI,Multan,12937,1100.0,Saturday,11,47.1,31.0,5507,6057700.0,MEDIUM
CRICKET_MATCH,Karachi,37525,2100.0,Wednesday,22,51.4,78.2,17931,37655100.0,MEDIUM
CRICKET_MATCH,Karachi,37266,3700.0,Friday,9,69.1,45.6,20556,76057200.0,HIGH
CRICKET_MATCH,Lahore,30293,1600.0,Friday,10,52.9,59.6,16371,26193600.0,MEDIUM
CRICKET_MATCH,Karachi,30812,4200.0,Sunday,14,69.7,79.8,19593,82290600.0,HIGH
KABADDI,Karachi,9084,1700.0,Friday,13,80.3,78.6,6041,10269700.0,HIGH
MUSIC_CONCERT,Lahore,6045,8000.0,Saturday,22,82.0,33.0,3206,25648000.0,MEDIUM
CRICKET_MATCH,Lahore,34588,3600.0,Saturday,11,45.5,27.7,14494,52178400.0,MEDIUM
CRICKET_MATCH,Karachi,31184,1600.0,Thursday,17,83.0,66.1,17761,28417600.0,HIGH
KABADDI,Lahore,11284,1100.0,Saturday,16,78.1,77.8,7435,8178500.0,HIGH
MUSIC_CONCERT,Karachi,5552,3300.0,Sunday,21,35.8,31.6,2144,7075200.0,MEDIUM
CRICKET_MATCH,Lahore,25816,4500.0,Friday,11,38.8,49.0,11383,51223500.0,MEDIUM
CRICKET_MATCH,Karachi,18824,2300.0,Sunday,10,76.4,87.9,13072,30065600.0,HIGH
KABADDI,Lahore,9748,1300.0,Wednesday,16,59.6,93.6,5143,6685900.0,MEDIUM
CRICKET_MATCH,Multan,23578,3800.0,Monday,22,44.4,55.4,9025,34295000.0,MEDIUM
CRICKET_MATCH,Karachi,23197,4200.0,Sunday,13,37.8,26.2,8867,37241400.0,MEDIUM
MUSIC_CONCERT,Islamabad,13030,7000.0,Sunday,17,45.2,40.1,5433,38031000.0,MEDIUM
KABADDI,Rawalpindi,10695,1400.0,Sunday,9,96.3,38.2,6696,9374400.0,HIGH
KABADDI,Karachi,12768,1100.0,Saturday,18,81.6,38.6,7329,8061900.0,HIGH
MUSIC_CONCERT,Lahore,24067,6100.0,Sunday,11,68.8,58.5,13423,81880300.0,HIGH
BOXING,Karachi,4961,1800.0,Sunday,13,95.3,65.5,3412,6141600.0,HIGH
CRICKET_MATCH,Karachi,18937,4100.0,Sunday,10,74.6,29.6,10026,41106600.0,MEDIUM
CRICKET_MATCH,Islamabad,25595,3000.0,Saturday,11,81.4,89.4,18226,54678000.0,HIGH
CRICKET_MATCH,Karachi,18424,1300.0,Friday,12,53.1,68.4,10414,13538200.0,HIGH
CRICKET_MATCH,Lahore,29502,4200.0,Sunday,12,72.7,66.6,18118,76095600.0,HIGH
BOXING,Lahore,6051,3200.0,Friday,19,44.2,97.0,3420,10944000.0,HIGH
MUSIC_CONCERT,Karachi,6905,7700.0,Saturday,17,60.9,69.0,3751,28882700.0,MEDIUM
MUSIC_FESTIVAL,Islamabad,20238,10800.0,Friday,9,37.1,92.5,9604,103723200.0,MEDIUM
KABADDI,Karachi,8694,1600.0,Saturday,20,48.9,42.3,3975,6360000.0,MEDIUM
CRICKET_MATCH,Karachi,21595,1400.0,Friday,17,39.8,38.7,9511,13315400.0,MEDIUM
CRICKET_MATCH,Quetta,19267,2000.0,Monday,17,59.8,60.3,8965,17930000.0,MEDIUM
MUSIC_CONCERT,Islamabad,4421,7800.0,Sunday,19,89.0,59.7,2762,21543600.0,HIGH
KABADDI,Lahore,9266,1700.0,Friday,14,59.2,37.7,4481,7617700.0,MEDIUM
KABADDI,Lahore,13017,1100.0,Saturday,19,88.2,74.6,8966,9862600.0,HIGH
MUSIC_CONCERT,Lahore,13849,5100.0,Tuesday,9,77.0,22.3,5608,28600800.0,MEDIUM
MUSIC_CONCERT,Lahore,22484,3600.0,Monday,19,67.6,73.9,11446,41205600.0,MEDIUM
MUSIC_CONCERT,Lahore,20349,8300.0,Wednesday,21,50.2,55.7,7442,61768600.0,MEDIUM
CRICKET_MATCH,Lahore,30131,1900.0,Saturday,20,94.0,73.7,21927,41661300.0,HIGH
MUSIC_CONCERT,Lahore,12876,3600.0,Tuesday,14,38.5,57.2,4612,16603200.0,MEDIUM
MUSIC_CONCERT,Lahore,6226,6500.0,Sunday,16,79.1,96.2,4282,27833000.0,HIGH
CRICKET_MATCH,Multan,22388,2000.0,Wednesday,13,74.8,46.1,10881,21762000.0,MEDIUM
KABADDI,Lahore,8422,1700.0,Wednesday,13,63.2,96.6,4597,7814900.0,MEDIUM
CRICKET_MATCH,Karachi,25226,1200.0,Wednesday,9,50.4,25.1,8768,10521600.0,LOW
MUSIC_FESTIVAL,Karachi,17269,3500.0,Monday,9,62.6,73.3,8166,28581000.0,MEDIUM
CRICKET_MATCH,Quetta,30177,2900.0,Saturday,16,90.9,55.4,20020,58058000.0,HIGH
KABADDI,Lahore,13316,1100.0,Sunday,21,88.6,84.1,9508,10458800.0,HIGH
CRICKET_MATCH,Karachi,20843,1700.0,Saturday,13,95.2,81.6,15702,26693400.0,HIGH
MUSIC_CONCERT,Faisalabad,8111,5500.0,Wednesday,16,54.7,82.4,3802,20911000.0,MEDIUM
CRICKET_MATCH,Multan,30463,2600.0,Thursday,18,59.8,27.4,11541,30006600.0,MEDIUM
CRICKET_MATCH,Rawalpindi,31778,4100.0,Friday,10,36.2,84.1,16578,67969800.0,MEDIUM
FOOTBALL_MATCH,Lahore,9903,800.0,Sunday,12,95.3,36.7,6167,4933600.0,HIGH
MUSIC_FESTIVAL,Lahore,12224,11800.0,Wednesday,21,56.1,22.0,3210,37878000.0,LOW
CRICKET_MATCH,Islamabad,22979,3300.0,Saturday,19,60.9,37.0,11538,38075400.0,MEDIUM
CRICKET_MATCH,Peshawar,34809,1700.0,Friday,22,93.1,57.4,23844,40534800.0,HIGH
MUSIC_CONCERT,Karachi,6401,2800.0,Thursday,18,68.7,77.9,3385,9478000.0,MEDIUM
FOOTBALL_MATCH,Karachi,16941,1700.0,Friday,17,71.2,37.1,8930,15181000.0,MEDIUM
MUSIC_FESTIVAL,Lahore,23685,5500.0,Monday,21,46.3,28.8,6788,37334000.0,LOW
CRICKET_MATCH,Rawalpindi,33963,2200.0,Sunday,11,66.9,70.4,20913,46008600.0,HIGH
KABADDI,Lahore,13248,800.0,Wednesday,14,93.8,96.7,8838,7070400.0,HIGH
CRICKET_MATCH,Karachi,34427,3300.0,Saturday,19,70.8,66.9,21138,69755400.0,HIGH
CRICKET_MATCH,Karachi,35943,3000.0,Monday,15,51.3,73.9,16550,49650000.0,MEDIUM
BOXING,Karachi,9035,1800.0,Sunday,11,37.0,63.8,4201,7561800.0,MEDIUM
KABADDI,Lahore,13071,1200.0,Wednesday,9,56.5,81.0,6342,7610400.0,MEDIUM
MUSIC_CONCERT,Lahore,24578,7200.0,Sunday,10,71.6,96.1,16088,115833600.0,HIGH
CRICKET_MATCH,Islamabad,34531,1500.0,Sunday,19,37.7,62.4,16959,25438500.0,MEDIUM
CRICKET_MATCH,Lahore,20170,4100.0,Sunday,22,74.0,52.5,11788,48330800.0,HIGH
CRICKET_MATCH,Karachi,23118,3100.0,Friday,18,68.5,87.1,15195,47104500.0,HIGH
MUSIC_FESTIVAL,Lahore,15297,11600.0,Saturday,15,85.1,95.6,10046,116533600.0,HIGH
CRICKET_MATCH,Karachi,22163,1700.0,Friday,15,36.8,30.1,8990,15283000.0,MEDIUM
CRICKET_MATCH,Karachi,26026,4500.0,Wednesday,20,85.0,65.1,14429,64930500.0,HIGH
CRICKET_MATCH,Lahore,27019,3300.0,Friday,9,68.3,81.8,17343,57231900.0,HIGH
KABADDI,Karachi,15944,1200.0,Wednesday,18,58.7,61.6,7094,8512800.0,MEDIUM
CRICKET_MATCH,Lahore,20939,2900.0,Sunday,15,96.8,51.9,14171,41095900.0,HIGH
MUSIC_FESTIVAL,Lahore,13727,3700.0,Tuesday,18,45.2,71.1,5501,20353700.0,MEDIUM
CRICKET_MATCH,Quetta,29920,4300.0,Saturday,19,69.6,41.1,16099,69225700.0,MEDIUM
MUSIC_CONCERT,Karachi,7616,6400.0,Saturday,14,55.5,47.2,3637,23276800.0,MEDIUM
CRICKET_MATCH,Rawalpindi,23405,1500.0,Saturday,19,68.8,97.4,16272,24408000.0,HIGH
BOXING,Lahore,6723,1600.0,Saturday,14,70.3,69.6,4072,6515200.0,HIGH
MUSIC_FESTIVAL,Islamabad,18469,3900.0,Tuesday,15,40.7,88.1,7849,30611100.0,MEDIUM
CRICKET_MATCH,Rawalpindi,26351,3200.0,Saturday,15,77.3,83.0,17901,57283200.0,HIGH
MUSIC_FESTIVAL,Karachi,19557,8700.0,Thursday,9,75.6,70.9,9378,81588600.0,MEDIUM
FOOTBALL_MATCH,Karachi,13880,1600.0,Sunday,18,84.2,85.6,9686,15497600.0,HIGH
MUSIC_FESTIVAL,Karachi,22096,6100.0,Saturday,13,40.8,42.4,8746,53350600.0,MEDIUM
BOXING,Karachi,5233,3400.0,Sunday,22,54.0,69.7,2786,9472400.0,MEDIUM
CRICKET_MATCH,Peshawar,19013,2900.0,Monday,22,76.6,66.1,10201,29582900.0,MEDIUM
CRICKET_MATCH,Rawalpindi,26743,1300.0,Thursday,16,43.8,68.5,11517,14972100.0,MEDIUM
CRICKET_MATCH,Faisalabad,25391,2100.0,Wednesday,16,78.4,33.2,11847,24878700.0,MEDIUM
CRICKET_MATCH,Lahore,35559,1400.0,Monday,11,38.8,41.6,12230,17122000.0,LOW
CRICKET_MATCH,Islamabad,27355,4200.0,Wednesday,11,56.4,42.4,10737,45095400.0,MEDIUM
CRICKET_MATCH,Peshawar,23247,3600.0,Saturday,15,89.2,67.0,15835,57006000.0,HIGH
CRICKET_MATCH,Lahore,25518,4500.0,Wednesday,12,84.6,95.9,16074,72333000.0,HIGH
MUSIC_CONCERT,Lahore,10290,4300.0,Friday,14,76.3,94.4,7081,30448300.0,HIGH
CRICKET_MATCH,Islamabad,19308,4100.0,Sunday,17,90.7,37.7,11779,48293900.0,HIGH
CRICKET_MATCH,Karachi,27684,3200.0,Saturday,18,80.4,43.8,16415,52528000.0,HIGH
KABADDI,Rawalpindi,15433,1100.0,Friday,10,68.2,22.8,7474,8221400.0,MEDIUM
CRICKET_MATCH,Lahore,30723,1900.0,Friday,10,97.7,51.1,21048,39991200.0,HIGH
CRICKET_MATCH,Rawalpindi,22827,3600.0,Friday,14,79.5,85.1,15752,56707200.0,HIGH
CRICKET_MATCH,Lahore,36161,4200.0,Wednesday,11,73.5,91.4,20942,87956400.0,HIGH
MUSIC_FESTIVAL,Lahore,8059,5500.0,Saturday,9,61.2,38.4,3759,20674500.0,MEDIUM
MUSIC_CONCERT,Lahore,10986,3600.0,Friday,10,92.8,40.7,6818,24544800.0,HIGH
CRICKET_MATCH,Rawalpindi,28643,3500.0,Sunday,22,53.9,37.2,13605,47617500.0,MEDIUM
BOXING,Islamabad,8233,4900.0,Saturday,21,35.6,47.3,3268,16013200.0,MEDIUM
KABADDI,Karachi,14527,1500.0,Saturday,15,47.6,82.8,8052,12078000.0,HIGH
BOXING,Karachi,3830,2500.0,Friday,12,42.0,70.5,1898,4745000.0,MEDIUM
BOXING,Multan,4592,3000.0,Wednesday,20,55.4,81.3,2155,6465000.0,MEDIUM
KABADDI,Karachi,10380,1000.0,Saturday,10,87.9,65.5,6909,6909000.0,HIGH
CRICKET_MATCH,Rawalpindi,32464,4000.0,Friday,19,76.7,40.1,18318,73272000.0,HIGH
CRICKET_MATCH,Karachi,24097,3700.0,Wednesday,20,45.8,37.8,8307,30735900.0,LOW
FOOTBALL_MATCH,Karachi,14458,1800.0,Wednesday,20,85.5,20.7,6348,11426400.0,MEDIUM
MUSIC_CONCERT,Karachi,13151,4100.0,Wednesday,16,67.3,80.9,6865,28146500.0,MEDIUM
KABADDI,Karachi,11717,1700.0,Saturday,12,67.8,86.1,7462,12685400.0,HIGH
MUSIC_CONCERT,Islamabad,8166,6400.0,Wednesday,12,58.2,79.9,3833,24531200.0,MEDIUM
MUSIC_FESTIVAL,Karachi,14488,11700.0,Friday,10,90.3,25.8,7259,84930300.0,MEDIUM
CRICKET_MATCH,Lahore,28415,3100.0,Friday,22,55.4,79.5,16740,51894000.0,HIGH
BOXING,Multan,6816,4400.0,Saturday,9,41.0,23.6,2463,10837200.0,MEDIUM
BOXING,Karachi,7979,4300.0,Sunday,9,54.4,28.2,3382,14542600.0,MEDIUM
MUSIC_FESTIVAL,Karachi,19170,6400.0,Sunday,11,80.8,54.4,10998,70387200.0,HIGH
MUSIC_FESTIVAL,Peshawar,25430,11700.0,Friday,14,77.1,57.1,13473,157634100.0,MEDIUM
BOXING,Islamabad,9324,1600.0,Monday,15,47.0,83.7,4229,6766400.0,MEDIUM
CRICKET_MATCH,Lahore,27260,3700.0,Friday,21,42.2,73.0,14154,52369800.0,MEDIUM
MUSIC_CONCERT,Peshawar,11636,8300.0,Saturday,17,77.3,32.0,5912,49069600.0,MEDIUM
CRICKET_MATCH,Islamabad,22187,2300.0,Saturday,13,78.3,37.6,12776,29384800.0,HIGH
MUSIC_CONCERT,Karachi,7340,6400.0,Saturday,17,58.4,42.3,3495,22368000.0,MEDIUM
MUSIC_FESTIVAL,Lahore,14177,8300.0,Tuesday,16,88.9,29.6,6081,50472300.0,MEDIUM
CRICKET_MATCH,Rawalpindi,33941,3700.0,Saturday,9,97.6,42.4,22078,81688600.0,HIGH
KABADDI,Islamabad,9435,1600.0,Wednesday,19,48.2,76.8,4159,6654400.0,MEDIUM
CRICKET_MATCH,Karachi,25300,3200.0,Saturday,20,71.9,38.8,13879,44412800.0,MEDIUM
CRICKET_MATCH,Multan,30669,3900.0,Thursday,11,35.3,85.2,12956,50528400.0,MEDIUM
CRICKET_MATCH,Rawalpindi,18965,2200.0,Saturday,16,80.6,56.6,11998,26395600.0,HIGH
MUSIC_CONCERT,Lahore,11444,3900.0,Monday,17,61.5,45.2,4719,18404100.0,MEDIUM
MUSIC_FESTIVAL,Karachi,18626,7200.0,Friday,22,47.4,52.2,8147,58658400.0,MEDIUM
MUSIC_FESTIVAL,Lahore,22610,9300.0,Saturday,12,83.1,75.3,13893,129204900.0,HIGH
CRICKET_MATCH,Islamabad,18500,1800.0,Wednesday,22,86.9,60.3,10513,18923400.0,HIGH
MUSIC_CONCERT,Lahore,8554,6600.0,Sunday,22,42.1,20.6,3074,20288400.0,MEDIUM
MUSIC_CONCERT,Karachi,20433,4900.0,Saturday,22,37.6,91.9,10882,53321800.0,MEDIUM
CRICKET_MATCH,Rawalpindi,35371,3800.0,Saturday,20,56.4,25.1,15989,60758200.0,MEDIUM
CRICKET_MATCH,Multan,31291,1300.0,Friday,14,75.1,93.2,22209,28871700.0,HIGH
CRICKET_MATCH,Karachi,24771,3400.0,Friday,12,85.8,22.2,13817,46977800.0,HIGH
MUSIC_FESTIVAL,Rawalpindi,25499,9000.0,Saturday,21,69.9,80.1,14765,132885000.0,HIGH
KABADDI,Lahore,9932,1700.0,Friday,17,72.2,61.7,5883,10001100.0,HIGH
MUSIC_CONCERT,Rawalpindi,8434,6800.0,Saturday,10,86.2,59.4,5232,35577600.0,HIGH
CRICKET_MATCH,Lahore,21567,3800.0,Friday,14,68.8,25.7,10784,40979200.0,MEDIUM
MUSIC_CONCERT,Karachi,5658,7900.0,Wednesday,19,74.1,38.6,2350,18565000.0,MEDIUM
CRICKET_MATCH,Rawalpindi,28068,3400.0,Wednesday,21,68.0,80.6,15074,51251600.0,MEDIUM
CRICKET_MATCH,Lahore,32161,2200.0,Monday,11,91.3,89.5,21066,46345200.0,HIGH
KABADDI,Lahore,13944,1600.0,Thursday,18,50.1,61.3,5706,9129600.0,MEDIUM
CRICKET_MATCH,Islamabad,23800,3700.0,Saturday,12,51.9,47.6,11712,43334400.0,MEDIUM
MUSIC_CONCERT,Islamabad,24760,5000.0,Sunday,10,43.2,24.7,9529,47645000.0,MEDIUM
CRICKET_MATCH,Islamabad,32408,3500.0,Wednesday,19,87.4,73.2,19141,66993500.0,HIGH
BOXING,Islamabad,8256,4500.0,Sunday,16,61.4,41.7,3983,17923500.0,MEDIUM
CRICKET_MATCH,Karachi,26017,4400.0,Friday,18,57.3,24.3,11688,51427200.0,MEDIUM
KABADDI,Lahore,8815,1700.0,Sunday,16,97.8,71.9,6293,10698100.0,HIGH
CRICKET_MATCH,Karachi,18970,2300.0,Saturday,9,94.3,57.9,13024,29955200.0,HIGH
CRICKET_MATCH,Lahore,31285,2600.0,Saturday,18,97.2,20.9,18861,49038600.0,HIGH
MUSIC_FESTIVAL,Peshawar,29896,4400.0,Tuesday,14,44.1,28.7,8542,37584800.0,LOW
CRICKET_MATCH,Karachi,18207,2000.0,Wednesday,9,92.0,74.5,11316,22632000.0,HIGH
MUSIC_CONCERT,Karachi,20643,7800.0,Monday,14,56.0,25.0,6485,50583000.0,LOW
MUSIC_FESTIVAL,Karachi,13025,6600.0,Saturday,15,35.8,87.5,6334,41804400.0,MEDIUM
CRICKET_MATCH,Faisalabad,22358,3200.0,Thursday,10,60.0,44.3,9339,29884800.0,MEDIUM
CRICKET_MATCH,Lahore,34888,3400.0,Sunday,17,67.6,26.9,17490,59466000.0,MEDIUM
BOXING,Karachi,4573,4200.0,Thursday,16,41.9,79.3,1854,7786800.0,MEDIUM
MUSIC_FESTIVAL,Karachi,20490,5100.0,Sunday,17,69.4,60.9,11398,58129800.0,HIGH
MUSIC_FESTIVAL,Islamabad,9759,6100.0,Tuesday,18,87.4,43.9,4629,28236900.0,MEDIUM
FOOTBALL_MATCH,Lahore,15514,1600.0,Wednesday,21,59.2,51.7,6505,10408000.0,MEDIUM
MUSIC_CONCERT,Multan,18301,4700.0,Thursday,12,57.6,21.7,6102,28679400.0,LOW
CRICKET_MATCH,Peshawar,32387,4400.0,Friday,12,56.7,71.7,18314,80581600.0,HIGH
MUSIC_FESTIVAL,Karachi,21667,10600.0,Thursday,20,94.1,48.5,10393,110165800.0,MEDIUM
MUSIC_FESTIVAL,Islamabad,11794,7600.0,Saturday,16,38.1,75.7,5408,41100800.0,MEDIUM
CRICKET_MATCH,Peshawar,21590,4100.0,Tuesday,9,63.5,69.0,10500,43050000.0,MEDIUM
CRICKET_MATCH,Islamabad,32698,2300.0,Friday,16,51.9,70.8,18305,42101500.0,HIGH
CRICKET_MATCH,Lahore,30332,3800.0,Sunday,15,92.2,81.8,22083,83915400.0,HIGH
CRICKET_MATCH,Karachi,24970,1900.0,Monday,20,41.1,69.2,10440,19836000.0,MEDIUM
MUSIC_CONCERT,Islamabad,13593,7100.0,Sunday,15,61.3,52.7,6907,49039700.0,MEDIUM
CRICKET_MATCH,Karachi,21329,2700.0,Sunday,17,61.0,50.4,11521,31106700.0,MEDIUM
CRICKET_MATCH,Islamabad,29036,1600.0,Tuesday,21,91.9,29.3,14835,23736000.0,MEDIUM
CRICKET_MATCH,Peshawar,32372,2100.0,Thursday,18,48.8,80.8,15363,32262300.0,MEDIUM
MUSIC_FESTIVAL,Peshawar,28396,6900.0,Friday,15,76.3,79.4,17488,120667200.0,HIGH
KABADDI,Karachi,8092,1500.0,Saturday,10,43.6,39.2,3482,5223000.0,MEDIUM
CRICKET_MATCH,Lahore,37351,1400.0,Saturday,9,96.1,87.3,28875,40425000.0,HIGH
CRICKET_MATCH,Quetta,36059,3400.0,Saturday,9,73.0,65.9,22323,75898200.0,HIGH
MUSIC_FESTIVAL,Rawalpindi,28780,9600.0,Saturday,15,75.1,57.3,15466,148473600.0,MEDIUM
MUSIC_CONCERT,Lahore,4287,6400.0,Tuesday,13,62.8,21.4,1459,9337600.0,LOW
CRICKET_MATCH,Peshawar,35169,3700.0,Sunday,12,56.9,49.9,18168,67221600.0,MEDIUM
CRICKET_MATCH,Multan,20316,1800.0,Saturday,13,48.6,70.0,11152,20073600.0,MEDIUM
CRICKET_MATCH,Karachi,34259,3100.0,Saturday,18,73.7,27.0,18038,55917800.0,MEDIUM
CRICKET_MATCH,Karachi,20838,4300.0,Sunday,18,96.1,55.8,14049,60410700.0,HIGH
KABADDI,Karachi,13229,1300.0,Saturday,14,58.0,97.5,8353,10858900.0,HIGH
MUSIC_FESTIVAL,Lahore,19829,8700.0,Wednesday,20,91.5,75.9,10938,95160600.0,HIGH
FOOTBALL_MATCH,Karachi,16137,2100.0,Friday,18,44.5,62.7,7878,16543800.0,MEDIUM
MUSIC_CONCERT,Rawalpindi,5265,4500.0,Friday,14,94.9,61.6,3551,15979500.0,HIGH
CRICKET_MATCH,Lahore,20983,3500.0,Monday,9,57.4,23.4,7420,25970000.0,MEDIUM
MUSIC_CONCERT,Karachi,18689,8000.0,Sunday,10,59.3,94.7,11202,89616000.0,HIGH
MUSIC_CONCERT,Karachi,18107,2600.0,Tuesday,11,64.6,92.4,9977,25940200.0,HIGH
CRICKET_MATCH,Karachi,26143,4100.0,Saturday,12,81.0,73.2,17318,71003800.0,HIGH
CRICKET_MATCH,Peshawar,26030,1900.0,Friday,14,81.1,27.7,14690,27911000.0,HIGH
KABADDI,Karachi,14262,1100.0,Monday,20,65.7,36.2,5825,6407500.0,MEDIUM
CRICKET_MATCH,Karachi,31122,4000.0,Sunday,20,68.5,34.3,16153,64612000.0,MEDIUM
CRICKET_MATCH,Islamabad,28652,3900.0,Sunday,19,36.9,60.5,13372,52150800.0,MEDIUM
KABADDI,Karachi,6611,1700.0,Friday,21,54.5,36.2,3056,5195200.0,MEDIUM
MUSIC_FESTIVAL,Lahore,11523,11500.0,Wednesday,17,57.1,74.3,4600,52900000.0,MEDIUM
FOOTBALL_MATCH,Karachi,13512,1600.0,Tuesday,20,70.8,62.5,6618,10588800.0,MEDIUM
MUSIC_CONCERT,Lahore,24086,6400.0,Friday,10,70.7,21.4,11321,72454400.0,MEDIUM
CRICKET_MATCH,Lahore,23424,2500.0,Thursday,16,80.4,78.0,13663,34157500.0,HIGH
MUSIC_CONCERT,Karachi,13939,4600.0,Friday,17,80.9,34.7,7722,35521200.0,HIGH
KABADDI,Karachi,7628,1100.0,Sunday,10,50.1,84.3,4349,4783900.0,HIGH
MUSIC_CONCERT,Peshawar,17176,7000.0,Saturday,17,84.3,47.7,10007,70049000.0,HIGH
CRICKET_MATCH,Karachi,25907,2900.0,Sunday,15,36.3,46.4,11299,32767100.0,MEDIUM
KABADDI,Karachi,9372,1600.0,Saturday,17,80.8,20.9,4904,7846400.0,MEDIUM
KABADDI,Islamabad,14208,1500.0,Friday,14,41.5,97.0,8054,12081000.0,HIGH
CRICKET_MATCH,Lahore,31102,1300.0,Sunday,10,81.7,67.7,20862,27120600.0,HIGH
CRICKET_MATCH,Islamabad,27789,3300.0,Friday,16,68.7,53.0,15878,52397400.0,HIGH
CRICKET_MATCH,Lahore,21139,2600.0,Sunday,18,63.0,27.5,10382,26993200.0,MEDIUM
CRICKET_MATCH,Faisalabad,29643,2700.0,Thursday,17,79.2,74.5,16857,45513900.0,HIGH
MUSIC_CONCERT,Lahore,22643,7400.0,Tuesday,20,37.3,42.1,6557,48521800.0,LOW
CRICKET_MATCH,Karachi,20250,3000.0,Sunday,16,49.3,97.1,12372,37116000.0,HIGH
CRICKET_MATCH,Lahore,24121,4100.0,Saturday,10,74.5,94.1,16651,68269100.0,HIGH
MUSIC_CONCERT,Quetta,12181,6800.0,Sunday,16,89.2,77.4,8242,56045600.0,HIGH
CRICKET_MATCH,Karachi,33303,3000.0,Sunday,11,59.4,95.7,21492,64476000.0,HIGH
FOOTBALL_MATCH,Karachi,8283,2100.0,Monday,11,51.6,28.2,2722,5716200.0,LOW
CRICKET_MATCH,Lahore,23725,1300.0,Friday,17,68.2,41.8,13177,17130100.0,HIGH
MUSIC_FESTIVAL,Islamabad,23584,3700.0,Friday,21,74.8,39.8,12581,46549700.0,MEDIUM
MUSIC_CONCERT,Lahore,17219,3000.0,Saturday,17,61.9,25.6,8112,24336000.0,MEDIUM
MUSIC_CONCERT,Multan,12794,5100.0,Sunday,17,91.1,95.8,9487,48383700.0,HIGH
CRICKET_MATCH,Lahore,32112,2000.0,Thursday,12,68.5,24.7,13131,26262000.0,MEDIUM
MUSIC_CONCERT,Lahore,15544,8400.0,Saturday,20,37.3,86.8,7685,64554000.0,MEDIUM
CRICKET_MATCH,Lahore,22075,3000.0,Saturday,22,49.3,79.9,12538,37614000.0,HIGH
CRICKET_MATCH,Karachi,30778,3400.0,Tuesday,15,63.8,49.3,13636,46362400.0,MEDIUM
CRICKET_MATCH,Karachi,24162,2100.0,Sunday,21,79.7,21.5,13101,27512100.0,MEDIUM
KABADDI,Lahore,13636,900.0,Saturday,16,49.1,20.5,5567,5010300.0,MEDIUM
FOOTBALL_MATCH,Rawalpindi,13737,1400.0,Sunday,21,97.5,35.9,8583,12016200.0,HIGH
FOOTBALL_MATCH,Karachi,16992,2000.0,Thursday,21,55.4,58.5,7124,14248000.0,MEDIUM
CRICKET_MATCH,Karachi,26002,2800.0,Tuesday,13,69.1,55.7,12561,35170800.0,MEDIUM
CRICKET_MATCH,Karachi,31453,2900.0,Friday,21,36.2,65.7,15224,44149600.0,MEDIUM
MUSIC_CONCERT,Karachi,18633,6100.0,Tuesday,9,91.6,80.2,11133,67911300.0,HIGH
CRICKET_MATCH,Karachi,35877,3700.0,Sunday,17,85.5,49.4,22337,82646900.0,HIGH
MUSIC_CONCERT,Lahore,16992,3000.0,Monday,14,47.5,32.5,5682,17046000.0,LOW
CRICKET_MATCH,Lahore,30126,3800.0,Saturday,11,94.7,82.4,22260,84588000.0,HIGH
MUSIC_CONCERT,Multan,17090,5900.0,Friday,11,55.2,45.9,8145,48055500.0,MEDIUM
KABADDI,Faisalabad,6372,1400.0,Friday,22,79.3,42.4,3650,5110000.0,HIGH
CRICKET_MATCH,Karachi,25071,2300.0,Monday,22,87.4,79.6,15417,35459100.0,HIGH
CRICKET_MATCH,Lahore,31749,2600.0,Saturday,18,82.4,92.9,23093,60041800.0,HIGH
KABADDI,Islamabad,8891,800.0,Saturday,9,93.7,91.4,6699,5359200.0,HIGH
MUSIC_CONCERT,Karachi,15983,8400.0,Thursday,21,90.3,30.7,7238,60799200.0,MEDIUM
CRICKET_MATCH,Lahore,24586,2800.0,Sunday,16,98.7,59.2,17280,48384000.0,HIGH
CRICKET_MATCH,Lahore,37703,4500.0,Thursday,10,46.7,27.2,11916,53622000.0,LOW
MUSIC_CONCERT,Islamabad,14641,5400.0,Friday,20,54.5,95.0,8788,47455200.0,HIGH
BOXING,Islamabad,6967,2300.0,Saturday,9,75.7,36.8,3756,8638800.0,MEDIUM
CRICKET_MATCH,Lahore,18822,2900.0,Tuesday,15,81.9,35.4,9028,26181200.0,MEDIUM
FOOTBALL_MATCH,Lahore,8221,900.0,Sunday,22,69.2,89.3,5390,4851000.0,HIGH
CRICKET_MATCH,Lahore,24880,4200.0,Friday,19,39.7,95.5,13998,58791600.0,HIGH
KABADDI,Islamabad,15579,1600.0,Tuesday,17,88.9,74.4,9152,14643200.0,HIGH
CRICKET_MATCH,Lahore,21888,3600.0,Friday,14,96.5,29.4,13451,48423600.0,HIGH
MUSIC_FESTIVAL,Lahore,21499,8700.0,Saturday,16,61.0,57.9,10583,92072100.0,MEDIUM
FOOTBALL_MATCH,Rawalpindi,18352,1800.0,Friday,16,49.4,83.7,10299,18538200.0,HIGH
FOOTBALL_MATCH,Lahore,13300,2500.0,Saturday,17,36.2,64.7,6109,15272500.0,MEDIUM
KABADDI,Islamabad,9270,900.0,Monday,15,50.2,30.3,3123,2810700.0,LOW
MUSIC_FESTIVAL,Lahore,18117,10100.0,Thursday,17,79.8,33.4,7098,71689800.0,MEDIUM
MUSIC_CONCERT,Lahore,16772,6000.0,Sunday,17,93.3,87.4,12118,72708000.0,HIGH
FOOTBALL_MATCH,Lahore,15566,2500.0,Monday,20,41.0,61.1,5733,14332500.0,MEDIUM
MUSIC_CONCERT,Islamabad,7993,7500.0,Sunday,19,70.4,75.1,4760,35700000.0,HIGH
KABADDI,Multan,8598,1800.0,Tuesday,9,79.5,49.1,4192,7545600.0,MEDIUM
FOOTBALL_MATCH,Rawalpindi,9666,1800.0,Sunday,14,52.7,61.5,5007,9012600.0,MEDIUM
CRICKET_MATCH,Karachi,34312,1900.0,Friday,20,71.5,96.2,24005,45609500.0,HIGH
FOOTBALL_MATCH,Islamabad,19273,1700.0,Saturday,16,80.8,45.7,11267,19153900.0,HIGH
CRICKET_MATCH,Lahore,32338,3500.0,Tuesday,18,88.6,72.6,19196,67186000.0,HIGH
MUSIC_FESTIVAL,Lahore,12757,10100.0,Monday,17,64.0,33.5,4245,42874500.0,LOW
CRICKET_MATCH,Multan,29360,1200.0,Wednesday,12,82.9,29.5,14106,16927200.0,MEDIUM
MUSIC_FESTIVAL,Lahore,25938,7800.0,Tuesday,21,54.3,81.1,11189,87274200.0,MEDIUM
KABADDI,Lahore,12115,800.0,Thursday,10,48.6,85.8,5698,4558400.0,MEDIUM
KABADDI,Lahore,11437,1600.0,Friday,19,47.0,72.1,5999,9598400.0,MEDIUM
KABADDI,Lahore,12241,700.0,Saturday,17,58.0,32.3,5785,4049500.0,MEDIUM
CRICKET_MATCH,Lahore,27272,3400.0,Sunday,17,37.3,38.8,11384,38705600.0,MEDIUM
CRICKET_MATCH,Karachi,30126,2100.0,Saturday,20,53.1,91.1,18571,38999100.0,HIGH
CRICKET_MATCH,Karachi,34471,2400.0,Saturday,16,76.7,42.5,20041,48098400.0,HIGH
KABADDI,Multan,13115,1700.0,Friday,11,76.5,83.9,8708,14803600.0,HIGH
CRICKET_MATCH,Rawalpindi,20703,2000.0,Friday,13,39.7,42.3,9211,18422000.0,MEDIUM
MUSIC_CONCERT,Karachi,15151,3100.0,Friday,10,53.4,93.3,9209,28547900.0,HIGH
CRICKET_MATCH,Lahore,36802,1400.0,Sunday,22,71.5,91.3,25424,35593600.0,HIGH
CRICKET_MATCH,Karachi,22147,2900.0,Wednesday,11,55.4,23.4,7758,22498200.0,MEDIUM
CRICKET_MATCH,Karachi,19747,3300.0,Monday,9,61.8,80.1,10135,33445500.0,MEDIUM
MUSIC_FESTIVAL,Lahore,16232,6300.0,Saturday,12,80.6,33.2,8451,53241300.0,MEDIUM
MUSIC_CONCERT,Islamabad,19151,6600.0,Wednesday,13,35.6,36.8,5276,34821600.0,LOW
CRICKET_MATCH,Karachi,28330,1400.0,Sunday,20,52.7,55.9,15066,21092400.0,MEDIUM
FOOTBALL_MATCH,Karachi,8038,2300.0,Sunday,10,44.1,65.0,3947,9078100.0,MEDIUM
CRICKET_MATCH,Karachi,29276,3900.0,Monday,11,43.2,45.4,10322,40255800.0,MEDIUM
MUSIC_FESTIVAL,Lahore,26535,11900.0,Tuesday,20,96.4,64.9,13806,164291400.0,MEDIUM
BOXING,Faisalabad,6937,4800.0,Friday,14,59.1,33.3,3127,15009600.0,MEDIUM
CRICKET_MATCH,Rawalpindi,24886,2400.0,Saturday,14,68.7,21.7,12427,29824800.0,MEDIUM
KABADDI,Lahore,6208,1000.0,Thursday,15,82.0,64.6,3360,3360000.0,MEDIUM
CRICKET_MATCH,Multan,18599,3700.0,Saturday,20,38.0,60.4,8778,32478600.0,MEDIUM
MUSIC_FESTIVAL,Karachi,11709,4600.0,Saturday,17,50.4,73.8,6097,28046200.0,MEDIUM
CRICKET_MATCH,Multan,34597,2200.0,Thursday,12,88.3,70.7,20646,45421200.0,HIGH
KABADDI,Rawalpindi,11723,700.0,Monday,13,90.2,90.0,7474,5231800.0,HIGH
CRICKET_MATCH,Karachi,32004,2700.0,Saturday,19,58.9,55.8,17468,47163600.0,MEDIUM
MUSIC_CONCERT,Lahore,13768,5800.0,Wednesday,10,59.0,20.7,4524,26239200.0,LOW
MUSIC_CONCERT,Lahore,14316,3800.0,Sunday,14,83.4,69.2,9380,35644000.0,HIGH
BOXING,Karachi,9238,1600.0,Friday,12,53.9,72.7,5099,8158400.0,HIGH
KABADDI,Islamabad,14460,1400.0,Saturday,13,42.5,60.7,6949,9728600.0,MEDIUM
MUSIC_CONCERT,Lahore,22792,2600.0,Sunday,15,51.5,73.8,12659,32913400.0,HIGH
CRICKET_MATCH,Lahore,25972,4400.0,Sunday,14,59.8,45.2,13268,58379200.0,MEDIUM
CRICKET_MATCH,Rawalpindi,35206,1900.0,Friday,16,38.3,31.6,14561,27665900.0,MEDIUM
CRICKET_MATCH,Quetta,36979,3400.0,Wednesday,14,65.6,71.8,18713,63624200.0,MEDIUM
MUSIC_FESTIVAL,Karachi,23546,7200.0,Saturday,18,82.4,39.1,12619,90856800.0,MEDIUM
CRICKET_MATCH,Lahore,28291,1400.0,Friday,22,67.9,55.6,16637,23291800.0,HIGH
MUSIC_CONCERT,Lahore,24967,5300.0,Wednesday,16,39.6,58.3,8820,46746000.0,MEDIUM
BOXING,Lahore,6602,3300.0,Sunday,21,63.2,57.2,3540,11682000.0,MEDIUM
CRICKET_MATCH,Peshawar,29659,4000.0,Wednesday,22,80.4,66.7,16153,64612000.0,MEDIUM
CRICKET_MATCH,Lahore,25983,3600.0,Monday,22,38.7,22.3,7276,26193600.0,LOW
CRICKET_MATCH,Karachi,24500,1500.0,Monday,12,38.8,97.2,11815,17722500.0,MEDIUM
CRICKET_MATCH,Lahore,19634,1900.0,Saturday,20,58.7,75.9,11797,22414300.0,HIGH
CRICKET_MATCH,Karachi,32059,2200.0,Saturday,15,47.5,53.2,16030,35266000.0,MEDIUM
CRICKET_MATCH,Islamabad,22814,1600.0,Thursday,11,94.8,34.9,12224,19558400.0,MEDIUM
MUSIC_CONCERT,Rawalpindi,21551,5200.0,Thursday,9,72.2,26.3,8539,44402800.0,MEDIUM
MUSIC_FESTIVAL,Lahore,12076,11900.0,Thursday,21,53.4,72.4,4562,54287800.0,MEDIUM
CRICKET_MATCH,Lahore,26390,2900.0,Saturday,17,80.1,44.7,15732,45622800.0,HIGH
CRICKET_MATCH,Lahore,23442,3600.0,Monday,17,59.0,37.9,9263,33346800.0,MEDIUM
CRICKET_MATCH,Peshawar,21505,3500.0,Sunday,14,43.5,49.6,10043,35150500.0,MEDIUM
BOXING,Multan,3802,4500.0,Wednesday,10,50.2,66.2,1527,6871500.0,MEDIUM
MUSIC_CONCERT,Karachi,4502,3800.0,Sunday,16,76.1,72.4,2862,10875600.0,HIGH
CRICKET_MATCH,Islamabad,30756,3700.0,Wednesday,18,38.3,70.3,12236,45273200.0,MEDIUM
CRICKET_MATCH,Islamabad,32262,4100.0,Saturday,14,52.5,87.3,19061,78150100.0,HIGH
MUSIC_CONCERT,Lahore,20141,3500.0,Wednesday,15,48.3,37.1,6957,24349500.0,LOW
KABADDI,Peshawar,13939,1000.0,Tuesday,21,47.9,69.7,5939,5939000.0,MEDIUM
CRICKET_MATCH,Karachi,22719,4400.0,Sunday,9,78.7,27.9,12234,53829600.0,MEDIUM
KABADDI,Karachi,13748,1500.0,Sunday,11,87.9,62.7,9007,13510500.0,HIGH
CRICKET_MATCH,Karachi,20870,2100.0,Friday,9,80.8,65.5,13698,28765800.0,HIGH
CRICKET_MATCH,Lahore,22758,3100.0,Saturday,18,76.3,36.9,12768,39580800.0,HIGH
MUSIC_CONCERT,Lahore,17038,4900.0,Saturday,9,93.7,50.6,10899,53405100.0,HIGH
MUSIC_CONCERT,Islamabad,9968,5400.0,Sunday,20,38.7,84.5,5131,27707400.0,MEDIUM
CRICKET_MATCH,Lahore,29659,2400.0,Thursday,20,45.7,31.6,10021,24050400.0,LOW
MUSIC_FESTIVAL,Islamabad,25482,5900.0,Friday,19,61.5,53.9,12832,75708800.0,MEDIUM
CRICKET_MATCH,Lahore,37553,3400.0,Friday,21,58.8,92.8,23773,80828200.0,HIGH
MUSIC_CONCERT,Karachi,20766,7200.0,Friday,9,61.8,59.3,10919,78616800.0,MEDIUM
FOOTBALL_MATCH,Lahore,15790,2300.0,Sunday,12,48.2,76.6,8455,19446500.0,MEDIUM
MUSIC_CONCERT,Karachi,24324,3400.0,Wednesday,21,44.6,84.5,10963,37274200.0,MEDIUM
MUSIC_FESTIVAL,Islamabad,17585,10500.0,Tuesday,15,67.6,35.9,6146,64533000.0,LOW
CRICKET_MATCH,Lahore,22271,2000.0,Saturday,15,94.4,37.0,14182,28364000.0,HIGH
MUSIC_FESTIVAL,Karachi,12323,7100.0,Saturday,20,60.1,79.2,6818,48407800.0,HIGH
MUSIC_CONCERT,Karachi,6038,7900.0,Wednesday,21,37.8,78.8,2293,18114700.0,MEDIUM
MUSIC_CONCERT,Islamabad,19977,5200.0,Friday,13,80.2,24.7,10432,54246400.0,MEDIUM
CRICKET_MATCH,Peshawar,23461,1900.0,Sunday,20,53.6,45.2,11847,22509300.0,MEDIUM
MUSIC_CONCERT,Islamabad,12063,3500.0,Wednesday,14,50.7,51.1,4697,16439500.0,MEDIUM
MUSIC_CONCERT,Lahore,22369,5300.0,Saturday,10,55.8,84.7,12975,68767500.0,HIGH
CRICKET_MATCH,Lahore,19262,3700.0,Saturday,13,81.3,52.9,11858,43874600.0,HIGH
MUSIC_FESTIVAL,Lahore,13731,12000.0,Friday,15,87.4,92.2,8981,107772000.0,HIGH
CRICKET_MATCH,Karachi,27903,3800.0,Sunday,22,72.6,97.7,19372,73613600.0,HIGH
CRICKET_MATCH,Lahore,18349,4100.0,Saturday,17,55.6,80.9,10761,44120100.0,HIGH
KABADDI,Karachi,6440,1500.0,Friday,14,54.9,72.0,3572,5358000.0,HIGH
KABADDI,Karachi,8808,1700.0,Saturday,20,43.0,50.6,4009,6815300.0,MEDIUM
KABADDI,Karachi,8562,600.0,Saturday,22,94.7,25.2,5078,3046800.0,HIGH
CRICKET_MATCH,Rawalpindi,21152,4300.0,Saturday,18,75.8,64.7,13121,56420300.0,HIGH
MUSIC_FESTIVAL,Lahore,18247,6900.0,Sunday,12,36.7,48.2,7105,49024500.0,MEDIUM
CRICKET_MATCH,Lahore,36717,4200.0,Friday,11,77.4,47.4,21434,90022800.0,HIGH
CRICKET_MATCH,Islamabad,27614,1400.0,Thursday,17,63.6,73.6,14275,19985000.0,MEDIUM
CRICKET_MATCH,Karachi,34457,3600.0,Wednesday,15,97.2,56.2,20129,72464400.0,HIGH
KABADDI,Islamabad,15654,1500.0,Monday,19,87.4,78.7,9287,13930500.0,HIGH
MUSIC_FESTIVAL,Karachi,14949,12000.0,Monday,22,46.0,51.1,4426,53112000.0,LOW
BOXING,Lahore,5205,4200.0,Sunday,21,81.1,31.8,2778,11667600.0,MEDIUM
MUSIC_CONCERT,Rawalpindi,21855,4800.0,Saturday,14,66.1,56.0,12028,57734400.0,HIGH
CRICKET_MATCH,Rawalpindi,37865,3000.0,Saturday,15,47.0,94.2,22533,67599000.0,HIGH
KABADDI,Islamabad,13538,1000.0,Saturday,16,79.7,82.5,9170,9170000.0,HIGH
FOOTBALL_MATCH,Lahore,11180,1100.0,Sunday,13,70.0,36.0,5859,6444900.0,MEDIUM
FOOTBALL_MATCH,Karachi,21133,1200.0,Friday,11,36.9,50.5,9203,11043600.0,MEDIUM
CRICKET_MATCH,Karachi,36114,1900.0,Sunday,11,76.4,92.4,25586,48613400.0,HIGH
BOXING,Lahore,3035,3400.0,Friday,21,75.6,29.6,1557,5293800.0,MEDIUM
FOOTBALL_MATCH,Peshawar,21401,2300.0,Sunday,10,44.2,39.8,9169,21088700.0,MEDIUM
MUSIC_CONCERT,Lahore,21404,8000.0,Saturday,16,57.3,40.5,9769,78152000.0,MEDIUM
FOOTBALL_MATCH,Faisalabad,13534,900.0,Thursday,9,72.5,64.5,6849,6164100.0,MEDIUM
CRICKET_MATCH,Karachi,26009,1500.0,Saturday,20,43.9,52.0,12702,19053000.0,MEDIUM
KABADDI,Lahore,9117,800.0,Saturday,16,89.6,26.2,5243,4194400.0,HIGH
CRICKET_MATCH,Karachi,20535,2000.0,Tuesday,11,36.8,69.1,8235,16470000.0,MEDIUM
MUSIC_CONCERT,Multan,8963,3100.0,Saturday,17,41.6,27.7,3581,11101100.0,MEDIUM
KABADDI,Islamabad,12091,1000.0,Thursday,20,42.4,67.3,4830,4830000.0,MEDIUM
CRICKET_MATCH,Rawalpindi,30860,3100.0,Monday,22,68.8,59.5,15103,46819300.0,MEDIUM
MUSIC_FESTIVAL,Islamabad,22247,8400.0,Sunday,20,74.7,58.5,12174,102261600.0,MEDIUM
FOOTBALL_MATCH,Islamabad,9026,1700.0,Saturday,19,60.8,25.3,4139,7036300.0,MEDIUM
CRICKET_MATCH,Rawalpindi,35670,2300.0,Sunday,10,53.5,69.9,20103,46236900.0,HIGH
KABADDI,Lahore,8846,1400.0,Saturday,18,86.8,53.6,5564,7789600.0,HIGH
CRICKET_MATCH,Karachi,26512,3900.0,Friday,17,39.4,52.1,12065,47053500.0,MEDIUM
MUSIC_CONCERT,Lahore,17887,4600.0,Friday,14,52.9,66.5,9454,43488400.0,MEDIUM
MUSIC_CONCERT,Quetta,6293,3000.0,Saturday,9,37.5,67.3,3045,9135000.0,MEDIUM
MUSIC_FESTIVAL,Faisalabad,25996,6000.0,Sunday,13,35.9,21.2,8452,50712000.0,LOW
FOOTBALL_MATCH,Lahore,8476,1000.0,Thursday,18,57.6,29.8,3074,3074000.0,MEDIUM
FOOTBALL_MATCH,Islamabad,15426,1600.0,Sunday,17,47.5,38.4,6821,10913600.0,MEDIUM
MUSIC_CONCERT,Peshawar,15356,3400.0,Sunday,21,52.2,72.9,8449,28726600.0,HIGH
CRICKET_MATCH,Lahore,28018,2700.0,Saturday,14,87.5,65.0,18941,51140700.0,HIGH
KABADDI,Karachi,14974,800.0,Sunday,15,45.4,79.1,8110,6488000.0,MEDIUM
KABADDI,Peshawar,7947,1500.0,Friday,12,84.9,77.8,5417,8125500.0,HIGH
CRICKET_MATCH,Lahore,37715,1300.0,Sunday,9,78.2,86.5,26575,34547500.0,HIGH
CRICKET_MATCH,Islamabad,33310,3000.0,Saturday,13,55.9,49.4,17203,51609000.0,MEDIUM
MUSIC_CONCERT,Lahore,20303,3500.0,Monday,10,70.0,46.9,9162,32067000.0,MEDIUM
MUSIC_CONCERT,Peshawar,19014,2500.0,Sunday,16,63.4,84.8,11945,29862500.0,HIGH
CRICKET_MATCH,Faisalabad,35977,4100.0,Friday,12,43.2,38.5,15612,64009200.0,MEDIUM
CRICKET_MATCH,Faisalabad,27939,3400.0,Friday,9,93.1,56.0,18710,63614000.0,HIGH
CRICKET_MATCH,Karachi,32465,1500.0,Saturday,18,71.5,35.2,17852,26778000.0,MEDIUM
MUSIC_CONCERT,Multan,14225,6500.0,Tuesday,15,91.3,91.3,8838,57447000.0,HIGH
CRICKET_MATCH,Rawalpindi,25704,3200.0,Friday,20,87.7,51.8,16459,52668800.0,HIGH
MUSIC_CONCERT,Karachi,20640,5300.0,Sunday,19,40.1,36.6,8275,43857500.0,MEDIUM
CRICKET_MATCH,Rawalpindi,24512,2600.0,Monday,10,48.3,74.0,11085,28821000.0,MEDIUM
KABADDI,Lahore,8991,1700.0,Thursday,11,44.3,39.1,2978,5062600.0,LOW
CRICKET_MATCH,Karachi,35801,2000.0,Monday,22,88.2,93.6,23451,46902000.0,HIGH
MUSIC_CONCERT,Lahore,11965,4900.0,Friday,17,90.2,48.7,7440,36456000.0,HIGH
CRICKET_MATCH,Lahore,31730,2300.0,Saturday,21,68.8,71.8,19853,45661900.0,HIGH
KABADDI,Lahore,10114,1500.0,Sunday,17,41.7,46.9,4474,6711000.0,MEDIUM
CRICKET_MATCH,Islamabad,26301,4200.0,Sunday,10,43.7,83.0,14370,60354000.0,MEDIUM
MUSIC_CONCERT,Karachi,22936,7600.0,Saturday,11,87.1,90.0,15933,121090800.0,HIGH
MUSIC_CONCERT,Islamabad,13249,7300.0,Thursday,19,94.5,81.5,7993,58348900.0,HIGH
CRICKET_MATCH,Lahore,32155,4500.0,Sunday,20,47.8,86.2,18253,82138500.0,HIGH
MUSIC_CONCERT,Karachi,20080,6700.0,Saturday,17,35.7,27.9,7087,47482900.0,MEDIUM
KABADDI,Karachi,8042,1500.0,Saturday,9,56.2,92.1,4904,7356000.0,HIGH
CRICKET_MATCH,Rawalpindi,36565,4400.0,Saturday,10,37.0,68.7,17702,77888800.0,MEDIUM
CRICKET_MATCH,Karachi,32834,1200.0,Sunday,19,88.0,87.8,24472,29366400.0,HIGH
CRICKET_MATCH,Islamabad,22492,3300.0,Saturday,10,66.5,73.4,13813,45582900.0,HIGH
MUSIC_CONCERT,Multan,7558,6900.0,Friday,18,76.1,35.7,3949,27248100.0,MEDIUM
MUSIC_CONCERT,Islamabad,13813,8000.0,Saturday,22,61.3,67.5,7444,59552000.0,MEDIUM
CRICKET_MATCH,Lahore,21658,4100.0,Monday,11,57.1,27.1,7744,31750400.0,MEDIUM
FOOTBALL_MATCH,Lahore,10694,2200.0,Friday,18,49.2,74.3,5712,12566400.0,MEDIUM
MUSIC_CONCERT,Multan,7884,8200.0,Friday,11,84.3,51.9,4610,37802000.0,HIGH
MUSIC_FESTIVAL,Lahore,12780,8100.0,Wednesday,18,79.5,31.8,5119,41463900.0,MEDIUM
FOOTBALL_MATCH,Multan,11284,800.0,Monday,21,58.1,96.4,6009,4807200.0,MEDIUM
MUSIC_FESTIVAL,Karachi,13952,3600.0,Tuesday,10,55.6,90.3,6814,24530400.0,MEDIUM
KABADDI,Peshawar,13517,1200.0,Saturday,16,35.1,89.7,7120,8544000.0,MEDIUM
CRICKET_MATCH,Rawalpindi,23106,2600.0,Sunday,16,39.1,81.5,12396,32229600.0,MEDIUM
MUSIC_CONCERT,Quetta,22550,5200.0,Sunday,16,74.9,74.0,14107,73356400.0,HIGH
FOOTBALL_MATCH,Karachi,20078,1500.0,Thursday,10,67.9,71.1,10062,15093000.0,MEDIUM
FOOTBALL_MATCH,Rawalpindi,12397,2400.0,Saturday,21,62.8,28.3,5811,13946400.0,MEDIUM
FOOTBALL_MATCH,Karachi,20514,1400.0,Sunday,17,88.0,90.2,14872,20820800.0,HIGH
MUSIC_CONCERT,Karachi,16643,7600.0,Wednesday,19,67.2,88.7,8601,65367600.0,MEDIUM
MUSIC_CONCERT,Islamabad,18822,7900.0,Saturday,15,59.6,78.3,10545,83305500.0,HIGH
CRICKET_MATCH,Multan,37776,2800.0,Saturday,20,45.3,92.3,22112,61913600.0,HIGH
CRICKET_MATCH,Quetta,28462,2700.0,Tuesday,13,87.5,63.1,16260,43902000.0,HIGH
FOOTBALL_MATCH,Rawalpindi,11711,2100.0,Sunday,15,71.9,54.9,6692,14053200.0,HIGH
KABADDI,Karachi,11879,1400.0,Sunday,16,40.9,95.5,6671,9339400.0,HIGH
CRICKET_MATCH,Karachi,19586,2300.0,Monday,17,76.5,56.2,10098,23225400.0,MEDIUM
MUSIC_CONCERT,Islamabad,13406,3100.0,Tuesday,10,62.2,70.0,6469,20053900.0,MEDIUM
FOOTBALL_MATCH,Lahore,15138,1300.0,Monday,14,86.9,49.1,7853,10208900.0,MEDIUM
CRICKET_MATCH,Lahore,25662,1600.0,Thursday,17,93.8,69.6,15880,25408000.0,HIGH
CRICKET_MATCH,Karachi,25404,2200.0,Friday,21,73.4,76.2,16630,36586000.0,HIGH
CRICKET_MATCH,Lahore,31333,2100.0,Saturday,14,81.8,68.7,20933,43959300.0,HIGH
MUSIC_FESTIVAL,Lahore,17837,8900.0,Thursday,10,38.6,60.1,5572,49590800.0,LOW
CRICKET_MATCH,Lahore,27542,4300.0,Sunday,9,70.9,43.4,15112,64981600.0,MEDIUM
CRICKET_MATCH,Lahore,33904,3500.0,Friday,20,83.3,70.2,22639,79236500.0,HIGH
FOOTBALL_MATCH,Lahore,19390,2400.0,Monday,11,66.8,90.9,10475,25140000.0,MEDIUM
CRICKET_MATCH,Quetta,26556,3800.0,Thursday,19,73.0,20.5,10696,40644800.0,MEDIUM
CRICKET_MATCH,Karachi,31355,3600.0,Saturday,13,92.5,30.4,18877,67957200.0,HIGH
CRICKET_MATCH,Karachi,30806,2600.0,Friday,15,47.7,29.3,13500,35100000.0,MEDIUM
KABADDI,Islamabad,9199,900.0,Thursday,18,41.3,92.0,4211,3789900.0,MEDIUM
KABADDI,Lahore,15818,1600.0,Tuesday,18,79.2,71.7,8610,13776000.0,MEDIUM
CRICKET_MATCH,Faisalabad,32864,4200.0,Sunday,11,87.7,94.2,24299,102055800.0,HIGH
CRICKET_MATCH,Rawalpindi,18981,2700.0,Sunday,17,89.4,65.5,12991,35075700.0,HIGH
MUSIC_FESTIVAL,Lahore,18228,3600.0,Thursday,18,76.1,56.0,8741,31467600.0,MEDIUM
CRICKET_MATCH,Karachi,21552,3800.0,Friday,20,88.3,81.8,15375,58425000.0,HIGH
CRICKET_MATCH,Multan,35305,2100.0,Saturday,12,79.8,32.6,20136,42285600.0,HIGH
CRICKET_MATCH,Faisalabad,29938,1200.0,Saturday,18,40.6,49.7,14141,16969200.0,MEDIUM
FOOTBALL_MATCH,Karachi,11658,2200.0,Friday,10,83.8,56.4,7218,15879600.0,HIGH
MUSIC_CONCERT,Islamabad,24379,5600.0,Sunday,11,46.5,43.3,10716,60009600.0,MEDIUM
CRICKET_MATCH,Lahore,23052,3500.0,Saturday,13,50.1,49.0,11301,39553500.0,MEDIUM
MUSIC_CONCERT,Quetta,9406,8000.0,Friday,11,60.3,26.1,4060,32480000.0,MEDIUM
CRICKET_MATCH,Lahore,35858,3000.0,Saturday,13,55.1,35.4,17157,51471000.0,MEDIUM
CRICKET_MATCH,Faisalabad,30850,2900.0,Sunday,12,55.6,46.2,15673,45451700.0,MEDIUM
MUSIC_CONCERT,Islamabad,16601,4200.0,Sunday,21,45.8,82.1,9025,37905000.0,MEDIUM
CRICKET_MATCH,Islamabad,25098,2200.0,Monday,19,53.8,34.2,9440,20768000.0,MEDIUM
KABADDI,Karachi,9767,1500.0,Thursday,18,36.3,47.0,3149,4723500.0,LOW
CRICKET_MATCH,Lahore,24719,2700.0,Friday,21,65.3,25.1,12187,32904900.0,MEDIUM
MUSIC_CONCERT,Lahore,19856,3500.0,Thursday,11,84.2,63.5,10842,37947000.0,MEDIUM
CRICKET_MATCH,Lahore,26594,1500.0,Saturday,20,90.2,67.7,18649,27973500.0,HIGH
MUSIC_CONCERT,Lahore,4612,5300.0,Sunday,14,87.5,87.5,3256,17256800.0,HIGH
CRICKET_MATCH,Rawalpindi,25286,2700.0,Saturday,16,61.7,83.9,15843,42776100.0,HIGH
MUSIC_CONCERT,Karachi,14068,6400.0,Sunday,21,81.7,42.3,7928,50739200.0,HIGH
CRICKET_MATCH,Lahore,27805,2800.0,Thursday,20,53.4,30.7,10058,28162400.0,MEDIUM
MUSIC_CONCERT,Faisalabad,7017,3400.0,Sunday,12,38.6,32.2,2789,9482600.0,MEDIUM
CRICKET_MATCH,Multan,27926,2900.0,Saturday,17,78.3,95.6,20013,58037700.0,HIGH
MUSIC_FESTIVAL,Peshawar,19740,11200.0,Friday,14,76.5,72.5,11242,125910400.0,HIGH
CRICKET_MATCH,Quetta,28572,1700.0,Saturday,13,86.3,23.3,16407,27891900.0,HIGH
CRICKET_MATCH,Lahore,34237,3500.0,Tuesday,11,74.4,30.7,14914,52199000.0,MEDIUM
FOOTBALL_MATCH,Karachi,18002,1800.0,Sunday,13,45.0,57.9,8644,15559200.0,MEDIUM
CRICKET_MATCH,Rawalpindi,33818,3700.0,Saturday,13,89.6,36.2,20459,75698300.0,HIGH
CRICKET_MATCH,Islamabad,21201,1700.0,Thursday,22,75.1,82.7,12312,20930400.0,HIGH
MUSIC_FESTIVAL,Lahore,8752,11500.0,Saturday,20,86.7,64.7,5130,58995000.0,HIGH
MUSIC_FESTIVAL,Rawalpindi,15556,8800.0,Saturday,20,84.5,67.8,9403,82746400.0,HIGH
CRICKET_MATCH,Lahore,19341,4000.0,Wednesday,12,54.1,56.1,8114,32456000.0,MEDIUM
MUSIC_FESTIVAL,Lahore,21981,5600.0,Monday,20,39.8,40.0,6364,35638400.0,LOW
KABADDI,Karachi,14696,1500.0,Friday,14,46.3,66.0,7456,11184000.0,MEDIUM
CRICKET_MATCH,Karachi,32525,3800.0,Saturday,11,40.9,75.9,16942,64379600.0,MEDIUM
MUSIC_CONCERT,Karachi,23866,4900.0,Sunday,18,50.6,48.9,11308,55409200.0,MEDIUM
BOXING,Lahore,4969,2800.0,Sunday,9,64.4,59.4,2732,7649600.0,MEDIUM
MUSIC_FESTIVAL,Multan,13565,9100.0,Friday,15,93.0,85.5,9203,83747300.0,HIGH
CRICKET_MATCH,Lahore,32947,1500.0,Saturday,15,90.8,31.6,20205,30307500.0,HIGH
BOXING,Lahore,8501,4100.0,Friday,20,81.0,62.5,5192,21287200.0,HIGH
CRICKET_MATCH,Multan,25930,1300.0,Saturday,12,36.5,47.2,11669,15169700.0,MEDIUM
CRICKET_MATCH,Faisalabad,24517,1800.0,Wednesday,17,56.8,74.8,12054,21697200.0,MEDIUM
CRICKET_MATCH,Multan,32287,3400.0,Friday,20,78.7,21.5,17094,58119600.0,MEDIUM
MUSIC_FESTIVAL,Rawalpindi,19829,4300.0,Saturday,10,43.3,72.3,9764,41985200.0,MEDIUM
MUSIC_CONCERT,Islamabad,6422,8300.0,Monday,21,86.3,28.0,2773,23015900.0,MEDIUM
MUSIC_CONCERT,Karachi,17960,7700.0,Saturday,9,93.5,25.1,9981,76853700.0,HIGH
FOOTBALL_MATCH,Lahore,16865,1900.0,Sunday,11,57.7,76.5,9674,18380600.0,HIGH
CRICKET_MATCH,Karachi,23985,3900.0,Friday,15,80.2,69.9,15652,61042800.0,HIGH
CRICKET_MATCH,Karachi,24947,4100.0,Friday,17,44.5,89.8,14147,58002700.0,HIGH
CRICKET_MATCH,Lahore,31790,2100.0,Sunday,10,79.2,60.5,20277,42581700.0,HIGH
CRICKET_MATCH,Islamabad,32739,4000.0,Saturday,14,36.4,61.3,15261,61044000.0,MEDIUM
MUSIC_CONCERT,Karachi,14971,3700.0,Thursday,11,44.6,75.1,6365,23550500.0,MEDIUM
KABADDI,Lahore,9668,1000.0,Thursday,13,80.4,45.2,4706,4706000.0,MEDIUM
CRICKET_MATCH,Lahore,28744,3000.0,Saturday,20,80.6,22.9,15603,46809000.0,MEDIUM
CRICKET_MATCH,Islamabad,37522,3600.0,Saturday,17,76.0,37.9,20972,75499200.0,HIGH
CRICKET_MATCH,Lahore,22509,1300.0,Wednesday,11,65.6,38.6,9851,12806300.0,MEDIUM
CRICKET_MATCH,Multan,20500,2200.0,Thursday,9,78.2,46.2,10202,22444400.0,MEDIUM
MUSIC_FESTIVAL,Karachi,27177,8700.0,Sunday,13,84.5,93.6,18198,158322600.0,HIGH
KABADDI,Karachi,10293,1000.0,Saturday,9,96.9,82.8,7644,7644000.0,HIGH
MUSIC_CONCERT,Karachi,13904,7200.0,Sunday,16,91.9,93.0,10052,72374400.0,HIGH
FOOTBALL_MATCH,Rawalpindi,18537,1900.0,Saturday,15,85.9,97.9,13585,25811500.0,HIGH
CRICKET_MATCH,Karachi,34683,2000.0,Sunday,19,79.5,53.8,21604,43208000.0,HIGH
CRICKET_MATCH,Islamabad,30416,1700.0,Wednesday,10,71.7,37.7,13854,23551800.0,MEDIUM
MUSIC_CONCERT,Karachi,18833,6300.0,Saturday,22,42.7,63.7,8879,55937700.0,MEDIUM
MUSIC_CONCERT,Lahore,22290,5200.0,Monday,19,45.6,88.7,10086,52447200.0,MEDIUM
CRICKET_MATCH,Multan,20485,1800.0,Saturday,17,87.5,56.3,13531,24355800.0,HIGH
FOOTBALL_MATCH,Rawalpindi,15459,1400.0,Friday,13,86.4,59.4,9924,13893600.0,HIGH
FOOTBALL_MATCH,Islamabad,16398,1300.0,Thursday,15,74.3,30.5,6969,9059700.0,MEDIUM
KABADDI,Multan,12120,600.0,Sunday,12,63.1,52.8,6589,3953400.0,MEDIUM
MUSIC_FESTIVAL,Multan,16485,8100.0,Sunday,20,36.7,50.2,6364,51548400.0,MEDIUM
KABADDI,Islamabad,7873,1500.0,Monday,21,55.9,47.4,3125,4687500.0,MEDIUM
KABADDI,Rawalpindi,12102,1200.0,Saturday,9,61.9,89.2,7575,9090000.0,HIGH
CRICKET_MATCH,Islamabad,24172,3900.0,Friday,22,66.1,24.6,11759,45860100.0,MEDIUM
CRICKET_MATCH,Islamabad,36472,1600.0,Friday,16,94.5,95.8,28701,45921600.0,HIGH
CRICKET_MATCH,Islamabad,24487,2600.0,Sunday,21,42.0,20.6,9675,25155000.0,MEDIUM
CRICKET_MATCH,Rawalpindi,27964,3200.0,Thursday,9,68.2,93.8,16001,51203200.0,HIGH
MUSIC_CONCERT,Lahore,15055,6600.0,Sunday,11,58.5,62.7,7921,52278600.0,MEDIUM
MUSIC_CONCERT,Multan,10880,6700.0,Wednesday,14,98.4,74.8,6586,44126200.0,HIGH
CRICKET_MATCH,Multan,37810,3600.0,Saturday,16,90.2,34.6,22834,82202400.0,HIGH
MUSIC_CONCERT,Lahore,4528,6400.0,Saturday,16,63.1,71.0,2561,16390400.0,HIGH
CRICKET_MATCH,Rawalpindi,28325,1500.0,Thursday,10,99.0,88.8,19459,29188500.0,HIGH
CRICKET_MATCH,Lahore,36308,3500.0,Thursday,17,67.9,30.9,14949,52321500.0,MEDIUM
CRICKET_MATCH,Karachi,35246,3600.0,Sunday,12,45.7,29.9,14990,53964000.0,MEDIUM
CRICKET_MATCH,Islamabad,28554,4500.0,Saturday,12,70.6,43.7,15617,70276500.0,MEDIUM
CRICKET_MATCH,Lahore,37878,3500.0,Thursday,22,49.5,32.6,13143,46000500.0,LOW
FOOTBALL_MATCH,Rawalpindi,18159,2000.0,Saturday,10,75.7,28.6,9455,18910000.0,MEDIUM
CRICKET_MATCH,Rawalpindi,32127,2900.0,Monday,9,95.0,72.9,20000,58000000.0,HIGH
MUSIC_FESTIVAL,Karachi,26026,10900.0,Wednesday,18,85.3,36.7,10803,117752700.0,MEDIUM
CRICKET_MATCH,Lahore,33693,4500.0,Friday,15,52.5,72.0,18524,83358000.0,MEDIUM
CRICKET_MATCH,Lahore,27212,3800.0,Tuesday,19,54.0,87.2,13559,51524200.0,MEDIUM
CRICKET_MATCH,Islamabad,23196,3200.0,Sunday,18,39.4,70.9,11759,37628800.0,MEDIUM
KABADDI,Quetta,12999,600.0,Saturday,11,53.3,29.3,5825,3495000.0,MEDIUM
CRICKET_MATCH,Islamabad,25322,3600.0,Sunday,12,40.9,64.7,12516,45057600.0,MEDIUM
MUSIC_CONCERT,Lahore,7143,6800.0,Saturday,19,67.0,50.7,3762,25581600.0,MEDIUM
FOOTBALL_MATCH,Islamabad,21812,2100.0,Sunday,17,80.3,46.8,12710,26691000.0,HIGH
FOOTBALL_MATCH,Karachi,9470,1000.0,Saturday,14,83.1,44.8,5643,5643000.0,HIGH
KABADDI,Rawalpindi,11678,1300.0,Saturday,22,38.8,92.5,6387,8303100.0,MEDIUM
CRICKET_MATCH,Lahore,19382,2200.0,Sunday,9,56.8,77.9,11564,25440800.0,HIGH
CRICKET_MATCH,Rawalpindi,27528,3700.0,Saturday,17,53.4,30.4,12518,46316600.0,MEDIUM
CRICKET_MATCH,Karachi,25114,2000.0,Monday,17,41.7,57.1,9779,19558000.0,MEDIUM
KABADDI,Faisalabad,15434,1400.0,Saturday,13,58.2,44.8,7712,10796800.0,MEDIUM
CRICKET_MATCH,Karachi,19705,2200.0,Sunday,16,54.2,96.3,12471,27436200.0,HIGH
CRICKET_MATCH,Islamabad,23997,1200.0,Sunday,15,75.6,96.3,17280,20736000.0,HIGH
MUSIC_FESTIVAL,Peshawar,15962,8900.0,Saturday,19,91.5,44.9,9142,81363800.0,HIGH
CRICKET_MATCH,Lahore,29391,1600.0,Saturday,16,64.1,47.5,16229,25966400.0,HIGH
MUSIC_CONCERT,Peshawar,18535,6500.0,Sunday,17,82.8,66.8,11644,75686000.0,HIGH
MUSIC_CONCERT,Islamabad,22978,8100.0,Tuesday,22,44.3,57.4,8024,64994400.0,LOW
CRICKET_MATCH,Lahore,30129,4400.0,Saturday,10,92.3,36.6,18416,81030400.0,HIGH
CRICKET_MATCH,Karachi,35699,2000.0,Thursday,18,44.8,71.5,15601,31202000.0,MEDIUM
CRICKET_MATCH,Islamabad,26759,3900.0,Saturday,13,47.3,46.1,12569,49019100.0,MEDIUM
BOXING,Lahore,5704,2700.0,Saturday,16,41.8,71.0,2822,7619400.0,MEDIUM
KABADDI,Karachi,15940,1700.0,Tuesday,11,54.8,49.9,6338,10774600.0,MEDIUM
MUSIC_CONCERT,Karachi,9725,7200.0,Wednesday,19,70.4,74.6,4827,34754400.0,MEDIUM
MUSIC_FESTIVAL,Islamabad,29075,4100.0,Saturday,19,98.2,72.1,20329,83348900.0,HIGH
BOXING,Lahore,3647,2900.0,Tuesday,14,85.8,59.7,1933,5605700.0,MEDIUM
CRICKET_MATCH,Multan,18124,2300.0,Thursday,14,59.3,75.0,9027,20762100.0,MEDIUM
CRICKET_MATCH,Faisalabad,27729,3800.0,Sunday,15,71.9,56.0,16288,61894400.0,HIGH
MUSIC_CONCERT,Faisalabad,16767,5000.0,Thursday,21,74.9,29.1,6954,34770000.0,MEDIUM
CRICKET_MATCH,Islamabad,22807,3500.0,Friday,19,87.7,34.2,13553,47435500.0,HIGH
CRICKET_MATCH,Lahore,36354,3200.0,Sunday,11,82.1,39.2,21370,68384000.0,HIGH
MUSIC_CONCERT,Rawalpindi,20009,8400.0,Wednesday,16,71.4,24.9,7353,61765200.0,MEDIUM
CRICKET_MATCH,Lahore,37146,4300.0,Friday,16,77.8,75.5,24323,104588900.0,HIGH
MUSIC_FESTIVAL,Lahore,29901,7100.0,Saturday,17,82.7,48.7,16796,119251600.0,HIGH
BOXING,Karachi,4817,4000.0,Saturday,16,43.5,27.3,1844,7376000.0,MEDIUM
CRICKET_MATCH,Karachi,35198,3900.0,Sunday,11,47.8,84.0,19934,77742600.0,HIGH
MUSIC_FESTIVAL,Rawalpindi,11101,11100.0,Sunday,14,79.1,73.3,6460,71706000.0,HIGH
CRICKET_MATCH,Islamabad,19654,1400.0,Saturday,17,89.4,55.3,13128,18379200.0,HIGH
CRICKET_MATCH,Karachi,34515,2200.0,Wednesday,9,61.2,39.3,14380,31636000.0,MEDIUM
CRICKET_MATCH,Lahore,18394,2300.0,Monday,11,97.7,31.8,9824,22595200.0,MEDIUM
CRICKET_MATCH,Quetta,25319,2600.0,Friday,10,48.8,55.8,12878,33482800.0,MEDIUM
FOOTBALL_MATCH,Karachi,11573,1100.0,Tuesday,20,61.7,89.0,6080,6688000.0,MEDIUM
CRICKET_MATCH,Karachi,27173,2800.0,Saturday,16,59.2,34.7,13409,37545200.0,MEDIUM
CRICKET_MATCH,Lahore,25106,3400.0,Saturday,14,94.5,64.4,17472,59404800.0,HIGH
CRICKET_MATCH,Rawalpindi,29147,2800.0,Monday,18,53.3,95.0,15218,42610400.0,MEDIUM
MUSIC_CONCERT,Islamabad,9060,6500.0,Sunday,19,65.1,69.7,5156,33514000.0,HIGH
MUSIC_CONCERT,Lahore,20326,2900.0,Wednesday,19,47.0,54.3,7880,22852000.0,MEDIUM
CRICKET_MATCH,Lahore,30842,4100.0,Friday,16,68.4,75.9,19182,78646200.0,HIGH
CRICKET_MATCH,Islamabad,28933,4300.0,Saturday,10,89.9,84.3,20895,89848500.0,HIGH
CRICKET_MATCH,Islamabad,24632,3200.0,Friday,19,54.5,66.1,13586,43475200.0,HIGH
CRICKET_MATCH,Lahore,24755,4100.0,Friday,14,86.9,88.0,17862,73234200.0,HIGH
MUSIC_CONCERT,Faisalabad,15130,3300.0,Monday,15,93.3,60.1,8670,28611000.0,HIGH
MUSIC_CONCERT,Lahore,9589,7300.0,Friday,16,39.7,84.7,4850,35405000.0,MEDIUM
CRICKET_MATCH,Karachi,29612,1600.0,Saturday,17,83.4,94.3,21959,35134400.0,HIGH
CRICKET_MATCH,Faisalabad,32843,2500.0,Sunday,13,51.3,59.1,17306,43265000.0,MEDIUM
CRICKET_MATCH,Karachi,36888,2300.0,Friday,19,46.2,67.2,19530,44919000.0,MEDIUM
KABADDI,Islamabad,9033,1300.0,Friday,11,73.5,67.5,5551,7216300.0,HIGH
CRICKET_MATCH,Karachi,30015,2200.0,Saturday,10,80.2,81.0,20775,45705000.0,HIGH
MUSIC_FESTIVAL,Lahore,20672,8900.0,Sunday,16,60.3,84.2,11452,101922800.0,HIGH
MUSIC_CONCERT,Quetta,6976,4700.0,Thursday,9,37.5,22.1,1807,8492900.0,LOW
CRICKET_MATCH,Karachi,35855,4000.0,Friday,18,93.2,77.2,25776,103104000.0,HIGH
KABADDI,Multan,12595,1300.0,Sunday,14,81.8,81.1,8560,11128000.0,HIGH
MUSIC_FESTIVAL,Lahore,25526,5300.0,Saturday,10,52.4,74.6,13410,71073000.0,MEDIUM
KABADDI,Lahore,8568,900.0,Tuesday,11,66.8,75.7,4393,3953700.0,MEDIUM
CRICKET_MATCH,Lahore,35992,4000.0,Saturday,16,36.8,23.2,13403,53612000.0,MEDIUM
CRICKET_MATCH,Islamabad,30825,2500.0,Wednesday,9,56.7,54.5,13430,33575000.0,MEDIUM
MUSIC_CONCERT,Karachi,22281,5700.0,Friday,14,68.4,83.8,13864,79024800.0,HIGH
KABADDI,Multan,8192,1300.0,Friday,11,68.1,92.9,5388,7004400.0,HIGH
BOXING,Karachi,7072,2700.0,Sunday,14,48.3,37.9,3085,8329500.0,MEDIUM
MUSIC_CONCERT,Faisalabad,5091,4300.0,Friday,11,84.7,65.2,3292,14155600.0,HIGH
MUSIC_CONCERT,Lahore,21083,5400.0,Thursday,19,54.1,82.7,9866,53276400.0,MEDIUM
MUSIC_FESTIVAL,Multan,28476,5300.0,Wednesday,19,72.1,78.7,14508,76892400.0,MEDIUM
CRICKET_MATCH,Rawalpindi,28093,2100.0,Sunday,16,52.4,68.3,15643,32850300.0,HIGH
KABADDI,Rawalpindi,8178,600.0,Wednesday,13,62.2,21.5,2960,1776000.0,MEDIUM
MUSIC_CONCERT,Rawalpindi,21116,4300.0,Friday,12,48.3,76.5,11368,48882400.0,MEDIUM
MUSIC_CONCERT,Rawalpindi,17592,4400.0,Wednesday,17,75.5,80.3,9661,42508400.0,MEDIUM
KABADDI,Islamabad,14704,1800.0,Saturday,13,62.2,76.4,8689,15640200.0,HIGH
CRICKET_MATCH,Lahore,20687,3100.0,Friday,20,36.0,79.7,10693,33148300.0,MEDIUM
MUSIC_CONCERT,Lahore,7756,7200.0,Friday,22,36.8,53.6,3241,23335200.0,MEDIUM
MUSIC_CONCERT,Peshawar,10061,2800.0,Friday,12,65.2,97.5,6687,18723600.0,HIGH
CRICKET_MATCH,Islamabad,26623,1600.0,Sunday,16,46.7,80.1,15133,24212800.0,HIGH
FOOTBALL_MATCH,Rawalpindi,14534,2200.0,Saturday,16,72.4,65.1,8693,19124600.0,HIGH
CRICKET_MATCH,Karachi,22494,3300.0,Saturday,16,61.1,92.9,14455,47701500.0,HIGH
CRICKET_MATCH,Lahore,19279,1800.0,Sunday,12,76.9,90.8,13631,24535800.0,HIGH
CRICKET_MATCH,Lahore,24538,2500.0,Sunday,21,96.0,83.5,18540,46350000.0,HIGH
CRICKET_MATCH,Islamabad,20221,3000.0,Thursday,9,68.8,64.0,10137,30411000.0,MEDIUM
KABADDI,Karachi,11164,1600.0,Sunday,10,85.4,61.1,7157,11451200.0,HIGH
KABADDI,Lahore,6854,600.0,Monday,12,83.2,45.6,3434,2060400.0,MEDIUM
BOXING,Karachi,6212,3600.0,Friday,18,94.0,39.6,3762,13543200.0,HIGH
MUSIC_CONCERT,Lahore,22970,6800.0,Sunday,10,48.7,60.0,11054,75167200.0,MEDIUM
CRICKET_MATCH,Karachi,37152,4400.0,Thursday,19,87.9,65.1,21028,92523200.0,HIGH
CRICKET_MATCH,Lahore,32385,3900.0,Thursday,18,93.0,39.1,16956,66128400.0,MEDIUM
MUSIC_CONCERT,Rawalpindi,16530,4200.0,Thursday,22,60.1,92.0,8629,36241800.0,MEDIUM
CRICKET_MATCH,Karachi,21340,3500.0,Saturday,22,55.1,63.5,11635,40722500.0,MEDIUM
MUSIC_FESTIVAL,Karachi,29643,10000.0,Friday,11,95.9,61.1,18441,184410000.0,HIGH
MUSIC_CONCERT,Lahore,13811,6900.0,Saturday,17,75.2,54.0,7802,53833800.0,HIGH
FOOTBALL_MATCH,Lahore,8275,2200.0,Sunday,17,59.4,24.5,3706,8153200.0,MEDIUM
MUSIC_FESTIVAL,Karachi,20295,11200.0,Saturday,22,85.7,88.8,13085,146552000.0,HIGH
CRICKET_MATCH,Karachi,18714,1500.0,Wednesday,19,54.5,44.7,7670,11505000.0,MEDIUM
CRICKET_MATCH,Islamabad,24054,1500.0,Sunday,17,46.3,70.1,13052,19578000.0,MEDIUM
KABADDI,Lahore,6809,1500.0,Thursday,15,69.8,67.4,3398,5097000.0,MEDIUM
CRICKET_MATCH,Islamabad,31215,2000.0,Tuesday,12,71.2,65.6,16272,32544000.0,MEDIUM
MUSIC_FESTIVAL,Multan,28362,4000.0,Tuesday,9,87.8,61.0,15121,60484000.0,MEDIUM
CRICKET_MATCH,Rawalpindi,27053,2500.0,Saturday,11,64.2,34.2,13880,34700000.0,MEDIUM
KABADDI,Lahore,6036,1600.0,Tuesday,22,87.1,41.9,3015,4824000.0,MEDIUM
KABADDI,Karachi,14114,700.0,Tuesday,16,54.9,60.9,6103,4272100.0,MEDIUM
BOXING,Lahore,6811,3900.0,Thursday,12,71.8,81.6,3578,13954200.0,MEDIUM
CRICKET_MATCH,Lahore,28273,1200.0,Thursday,18,48.3,53.7,11626,13951200.0,MEDIUM
CRICKET_MATCH,Quetta,37692,1600.0,Saturday,18,59.7,35.9,19098,30556800.0,MEDIUM
MUSIC_CONCERT,Lahore,16499,4600.0,Sunday,10,89.9,26.9,9376,43129600.0,HIGH
CRICKET_MATCH,Karachi,29403,1500.0,Saturday,22,48.8,71.7,16348,24522000.0,HIGH
MUSIC_CONCERT,Islamabad,19037,7600.0,Thursday,16,86.9,53.0,9546,72549600.0,MEDIUM
KABADDI,Islamabad,8655,1600.0,Wednesday,15,53.1,29.8,2957,4731200.0,LOW
MUSIC_CONCERT,Karachi,18017,7000.0,Sunday,19,37.2,72.6,8436,59052000.0,MEDIUM
MUSIC_CONCERT,Lahore,21365,4000.0,Monday,18,42.0,36.2,6753,27012000.0,LOW
CRICKET_MATCH,Karachi,32696,2900.0,Sunday,17,82.7,59.7,21037,61007300.0,HIGH
KABADDI,Karachi,12447,700.0,Wednesday,10,51.8,43.9,4709,3296300.0,MEDIUM
MUSIC_CONCERT,Lahore,16583,4200.0,Sunday,13,76.9,92.7,11389,47833800.0,HIGH
CRICKET_MATCH,Karachi,18151,2900.0,Thursday,14,79.7,37.8,8665,25128500.0,MEDIUM
MUSIC_FESTIVAL,Lahore,22257,9700.0,Friday,21,57.1,52.8,10192,98862400.0,MEDIUM
FOOTBALL_MATCH,Lahore,19486,1000.0,Saturday,10,65.4,94.8,12753,12753000.0,HIGH
CRICKET_MATCH,Karachi,31507,2200.0,Saturday,10,60.8,44.9,16672,36678400.0,MEDIUM
CRICKET_MATCH,Lahore,27514,4300.0,Thursday,21,95.6,70.3,16744,71999200.0,HIGH
MUSIC_FESTIVAL,Karachi,13648,7100.0,Saturday,22,55.5,44.7,6138,43579800.0,MEDIUM
CRICKET_MATCH,Islamabad,19511,4300.0,Saturday,22,46.7,28.6,8213,35315900.0,MEDIUM
MUSIC_CONCERT,Rawalpindi,22642,8400.0,Monday,18,58.4,68.9,9708,81547200.0,MEDIUM
MUSIC_CONCERT,Lahore,20615,5700.0,Monday,22,77.8,91.5,11890,67773000.0,HIGH
CRICKET_MATCH,Lahore,37126,2200.0,Friday,12,79.6,55.3,23227,51099400.0,HIGH
CRICKET_MATCH,Lahore,25749,3800.0,Tuesday,16,94.1,68.8,15518,58968400.0,HIGH
MUSIC_CONCERT,Islamabad,4571,3500.0,Saturday,22,91.4,67.5,3122,10927000.0,HIGH
CRICKET_MATCH,Islamabad,35586,2000.0,Wednesday,21,53.5,52.4,15014,30028000.0,MEDIUM
MUSIC_CONCERT,Lahore,16232,7200.0,Friday,19,64.1,68.0,9028,65000600.0,HIGH
CRICKET_MATCH,Peshawar,27762,2600.0,Wednesday,13,82.8,40.2,13801,35882600.0,MEDIUM
FOOTBALL_MATCH,Lahore,21217,1100.0,Saturday,17,93.7,49.5,13720,15092000.0,HIGH
MUSIC_CONCERT,Karachi,13231,6400.0,Tuesday,12,56.6,54.5,5291,33862400.0,MEDIUM
CRICKET_MATCH,Islamabad,24609,3600.0,Monday,11,63.4,87.4,13176,47433600.0,MEDIUM
CRICKET_MATCH,Multan,32629,1600.0,Monday,18,92.6,47.2,18217,29147200.0,HIGH
CRICKET_MATCH,Islamabad,30273,2100.0,Sunday,16,57.9,69.5,17572,36901200.0,HIGH
CRICKET_MATCH,Rawalpindi,34554,1900.0,Tuesday,9,65.8,36.6,14831,28178900.0,MEDIUM
FOOTBALL_MATCH,Karachi,13151,1400.0,Saturday,17,92.9,39.7,8115,11361000.0,HIGH
MUSIC_CONCERT,Rawalpindi,10406,7100.0,Monday,12,86.3,70.6,5688,40384800.0,MEDIUM
CRICKET_MATCH,Lahore,32294,3600.0,Tuesday,19,50.6,79.5,15103,54370800.0,MEDIUM
FOOTBALL_MATCH,Multan,8188,1900.0,Friday,17,55.8,56.0,4219,8016100.0,MEDIUM
BOXING,Karachi,7881,1500.0,Friday,16,57.6,46.1,3940,5910000.0,MEDIUM
CRICKET_MATCH,Rawalpindi,25145,1700.0,Sunday,11,93.4,91.0,19364,32918800.0,HIGH
CRICKET_MATCH,Karachi,23927,1900.0,Sunday,11,98.9,30.6,15274,29020600.0,HIGH
MUSIC_FESTIVAL,Islamabad,8599,5800.0,Saturday,22,84.5,76.2,5557,32230600.0,HIGH
MUSIC_CONCERT,Karachi,17133,3400.0,Saturday,17,66.0,73.8,10352,35196800.0,HIGH
KABADDI,Islamabad,11301,1000.0,Friday,11,35.7,73.8,5544,5544000.0,MEDIUM
KABADDI,Lahore,9576,600.0,Friday,12,79.6,93.0,6761,4056600.0,HIGH
CRICKET_MATCH,Lahore,27145,3700.0,Sunday,17,59.9,76.8,16154,59769800.0,HIGH
KABADDI,Lahore,11193,1500.0,Saturday,20,75.5,43.5,6275,9412500.0,HIGH
FOOTBALL_MATCH,Lahore,17817,1800.0,Saturday,12,73.8,47.6,10021,18037800.0,HIGH
KABADDI,Multan,7870,600.0,Wednesday,19,65.8,50.5,3526,2115600.0,MEDIUM
CRICKET_MATCH,Lahore,36408,4100.0,Monday,11,95.4,22.4,17820,73062000.0,MEDIUM
CRICKET_MATCH,Faisalabad,30521,4400.0,Sunday,22,36.5,91.3,16443,72349200.0,MEDIUM
CRICKET_MATCH,Karachi,23453,1900.0,Thursday,15,80.6,25.7,10729,20385100.0,MEDIUM
MUSIC_FESTIVAL,Lahore,9827,9500.0,Friday,14,61.2,74.6,5200,49400000.0,MEDIUM
CRICKET_MATCH,Rawalpindi,34923,4000.0,Tuesday,9,80.7,77.0,19959,79836000.0,HIGH
FOOTBALL_MATCH,Islamabad,15202,1700.0,Sunday,22,78.2,85.8,10263,17447100.0,HIGH
CRICKET_MATCH,Karachi,22438,2300.0,Monday,18,35.7,63.2,8528,19614400.0,MEDIUM
CRICKET_MATCH,Karachi,37885,2800.0,Sunday,16,53.3,76.6,21825,61110000.0,HIGH
MUSIC_CONCERT,Islamabad,16139,5600.0,Tuesday,9,47.1,43.6,5529,30962400.0,LOW
KABADDI,Lahore,9537,1000.0,Sunday,12,45.7,78.2,5141,5141000.0,MEDIUM
FOOTBALL_MATCH,Quetta,20366,2400.0,Saturday,14,81.6,46.8,11924,28617600.0,HIGH
CRICKET_MATCH,Faisalabad,24716,3700.0,Wednesday,14,50.3,90.4,12187,45091900.0,MEDIUM
MUSIC_CONCERT,Islamabad,20088,3900.0,Saturday,15,65.4,32.7,9959,38840100.0,MEDIUM
CRICKET_MATCH,Lahore,24818,3100.0,Thursday,22,50.8,44.6,9546,29592600.0,MEDIUM
CRICKET_MATCH,Islamabad,22286,3500.0,Wednesday,19,72.1,58.9,11087,38804500.0,MEDIUM
FOOTBALL_MATCH,Lahore,12739,1000.0,Sunday,20,81.1,80.5,8632,8632000.0,HIGH
CRICKET_MATCH,Lahore,20089,2400.0,Friday,22,56.2,78.4,11938,28651200.0,HIGH
CRICKET_MATCH,Lahore,23605,4200.0,Friday,13,73.6,36.4,12794,53734800.0,MEDIUM
KABADDI,Karachi,13340,1200.0,Wednesday,13,87.8,31.3,6381,7657200.0,MEDIUM
BOXING,Multan,9822,2300.0,Friday,12,41.0,43.7,4186,9627800.0,MEDIUM
MUSIC_CONCERT,Islamabad,7321,3200.0,Sunday,14,80.5,57.7,4537,14518400.0,HIGH
CRICKET_MATCH,Islamabad,29773,2900.0,Friday,15,55.7,62.0,16313,47307700.0,MEDIUM
CRICKET_MATCH,Karachi,36933,3000.0,Sunday,18,42.8,53.5,17639,52917000.0,MEDIUM
CRICKET_MATCH,Karachi,19216,2300.0,Sunday,18,69.9,71.7,12098,27825400.0,HIGH
MUSIC_FESTIVAL,Karachi,12885,8900.0,Tuesday,9,49.5,53.3,4332,38554800.0,LOW
KABADDI,Quetta,12893,600.0,Wednesday,17,87.6,93.8,8226,4935600.0,HIGH
MUSIC_CONCERT,Lahore,12933,3400.0,Sunday,22,37.7,40.4,5362,18230800.0,MEDIUM
CRICKET_MATCH,Multan,27906,3000.0,Friday,16,41.3,68.9,14245,42735000.0,MEDIUM
FOOTBALL_MATCH,Karachi,13082,900.0,Monday,15,68.3,67.7,6519,5867100.0,MEDIUM
CRICKET_MATCH,Karachi,30236,4100.0,Thursday,17,72.7,42.0,13707,56198700.0,MEDIUM
KABADDI,Islamabad,13430,700.0,Saturday,11,81.7,52.1,8205,5743500.0,HIGH
MUSIC_FESTIVAL,Karachi,10797,9200.0,Sunday,18,51.6,48.5,4643,42715600.0,MEDIUM
MUSIC_FESTIVAL,Multan,8818,6800.0,Tuesday,12,88.9,33.5,3960,26928000.0,MEDIUM
KABADDI,Peshawar,14434,1000.0,Tuesday,15,96.0,57.2,8303,8303000.0,HIGH
FOOTBALL_MATCH,Karachi,14806,2100.0,Sunday,14,66.9,50.2,8009,16818900.0,MEDIUM
MUSIC_FESTIVAL,Lahore,15926,7700.0,Saturday,22,83.7,33.9,8350,64295000.0,MEDIUM
BOXING,Karachi,7314,4000.0,Saturday,21,68.6,55.1,3996,15984000.0,MEDIUM
CRICKET_MATCH,Peshawar,30717,2900.0,Saturday,10,39.4,52.9,14254,41336600.0,MEDIUM
FOOTBALL_MATCH,Lahore,20069,1800.0,Friday,10,55.9,30.2,9067,16320600.0,MEDIUM
CRICKET_MATCH,Islamabad,18012,3700.0,Saturday,18,40.6,30.2,7317,27072900.0,MEDIUM
FOOTBALL_MATCH,Islamabad,13894,1800.0,Friday,15,98.3,70.5,9886,17794800.0,HIGH
FOOTBALL_MATCH,Islamabad,15050,1800.0,Wednesday,17,49.7,75.1,6634,11941200.0,MEDIUM
KABADDI,Lahore,9017,1500.0,Saturday,19,75.7,93.4,6187,9280500.0,HIGH
CRICKET_MATCH,Islamabad,25392,4300.0,Friday,20,53.2,26.8,11193,48129900.0,MEDIUM
CRICKET_MATCH,Peshawar,34102,2400.0,Sunday,17,76.8,29.2,18705,44892000.0,MEDIUM
FOOTBALL_MATCH,Lahore,8689,1800.0,Thursday,15,48.5,24.0,2681,4825800.0,LOW
MUSIC_CONCERT,Lahore,23522,3000.0,Sunday,19,85.3,61.5,15257,45771000.0,HIGH
BOXING,Faisalabad,6740,2800.0,Sunday,16,42.1,68.6,3297,9231600.0,MEDIUM
CRICKET_MATCH,Lahore,29766,2600.0,Wednesday,18,92.3,51.5,16698,43414800.0,HIGH
MUSIC_FESTIVAL,Multan,21292,10600.0,Sunday,11,88.8,82.2,13713,145357800.0,HIGH
MUSIC_FESTIVAL,Karachi,28687,7900.0,Friday,9,78.4,73.6,17278,136496200.0,HIGH
CRICKET_MATCH,Lahore,32863,3600.0,Sunday,15,39.3,96.9,18692,67291200.0,HIGH
CRICKET_MATCH,Multan,35386,1300.0,Friday,16,48.3,30.8,16039,20850700.0,MEDIUM
MUSIC_CONCERT,Karachi,11408,5300.0,Saturday,10,90.0,24.5,6363,33723900.0,HIGH
MUSIC_CONCERT,Karachi,14694,7900.0,Friday,17,42.8,41.4,5951,47012900.0,MEDIUM
MUSIC_FESTIVAL,Karachi,16142,5400.0,Wednesday,12,45.0,21.5,4264,23025600.0,LOW
MUSIC_CONCERT,Karachi,5765,2700.0,Wednesday,18,69.8,92.7,3289,8880300.0,HIGH
KABADDI,Lahore,15745,1100.0,Friday,19,52.5,43.7,7521,8273100.0,MEDIUM
KABADDI,Karachi,11778,1400.0,Saturday,17,49.2,63.1,6027,8437800.0,MEDIUM
CRICKET_MATCH,Faisalabad,20291,2700.0,Saturday,21,71.9,44.8,11506,31066200.0,HIGH
CRICKET_MATCH,Lahore,22866,2700.0,Saturday,11,58.8,39.2,11523,31112100.0,MEDIUM
FOOTBALL_MATCH,Islamabad,16429,1900.0,Thursday,16,44.0,31.9,5105,9699500.0,LOW
KABADDI,Karachi,12453,800.0,Friday,19,69.2,45.0,6794,5435200.0,MEDIUM
KABADDI,Rawalpindi,7584,1500.0,Monday,10,59.8,68.0,3511,5266500.0,MEDIUM
MUSIC_CONCERT,Lahore,5307,3400.0,Sunday,22,82.0,95.8,3817,12977800.0,HIGH
CRICKET_MATCH,Faisalabad,20085,2500.0,Sunday,11,41.6,63.5,10074,25185000.0,MEDIUM
KABADDI,Karachi,6031,1400.0,Friday,9,74.7,61.6,3640,5096000.0,HIGH
CRICKET_MATCH,Lahore,18291,3900.0,Monday,13,62.9,22.8,6767,26391300.0,MEDIUM
CRICKET_MATCH,Lahore,21686,3800.0,Wednesday,12,61.0,85.5,11283,42875400.0,MEDIUM
MUSIC_CONCERT,Lahore,16579,6800.0,Saturday,21,49.9,23.5,6540,44472000.0,MEDIUM
BOXING,Karachi,4642,2800.0,Saturday,9,36.9,90.7,2436,6820800.0,MEDIUM
MUSIC_FESTIVAL,Karachi,16769,4500.0,Sunday,18,89.3,62.0,10695,48127500.0,HIGH
CRICKET_MATCH,Rawalpindi,21909,1900.0,Thursday,17,55.9,33.1,8399,15958100.0,MEDIUM
FOOTBALL_MATCH,Karachi,9223,2300.0,Saturday,14,78.6,55.2,5496,12640800.0,HIGH
CRICKET_MATCH,Lahore,30268,4000.0,Saturday,14,95.6,97.6,23575,94300000.0,HIGH
CRICKET_MATCH,Islamabad,28844,4300.0,Thursday,22,71.2,43.8,13003,55912900.0,MEDIUM
MUSIC_CONCERT,Islamabad,12638,3000.0,Saturday,19,60.4,41.0,6370,19110000.0,MEDIUM
BOXING,Lahore,6419,3400.0,Tuesday,10,52.2,29.2,2082,7078800.0,LOW
MUSIC_CONCERT,Lahore,8373,6400.0,Friday,22,94.8,66.6,5638,36083200.0,HIGH
CRICKET_MATCH,Lahore,29233,3500.0,Sunday,15,78.7,27.0,15858,55503000.0,MEDIUM
MUSIC_CONCERT,Islamabad,22963,6400.0,Friday,20,77.6,79.7,14734,94297600.0,HIGH
CRICKET_MATCH,Islamabad,35806,3700.0,Sunday,20,62.3,91.7,22964,84966800.0,HIGH
MUSIC_CONCERT,Karachi,11558,4700.0,Saturday,17,89.1,92.7,8427,39606900.0,HIGH
CRICKET_MATCH,Rawalpindi,31271,1800.0,Wednesday,14,80.7,28.4,14550,26190000.0,MEDIUM
CRICKET_MATCH,Rawalpindi,24745,1900.0,Saturday,19,53.1,63.5,13581,25803900.0,MEDIUM
FOOTBALL_MATCH,Karachi,10609,800.0,Friday,16,73.4,27.6,5494,4395200.0,MEDIUM
MUSIC_FESTIVAL,Multan,27465,6500.0,Friday,20,62.5,64.6,14554,94601000.0,MEDIUM
CRICKET_MATCH,Lahore,24734,1500.0,Tuesday,13,35.4,83.6,10772,16158000.0,MEDIUM
CRICKET_MATCH,Lahore,31860,2300.0,Friday,10,86.7,61.9,21285,48955500.0,HIGH
MUSIC_CONCERT,Lahore,12250,6300.0,Monday,21,42.9,88.0,5304,33415200.0,MEDIUM
CRICKET_MATCH,Lahore,26650,4200.0,Tuesday,12,67.6,82.5,14251,59854200.0,MEDIUM
CRICKET_MATCH,Karachi,34487,4000.0,Friday,20,56.5,41.6,16977,67908000.0,MEDIUM
CRICKET_MATCH,Peshawar,35125,2000.0,Thursday,9,56.9,69.1,16734,33468000.0,MEDIUM
CRICKET_MATCH,Lahore,27764,1600.0,Sunday,9,65.6,20.6,13620,21792000.0,MEDIUM
MUSIC_FESTIVAL,Lahore,18893,5100.0,Friday,14,98.8,50.9,12120,61812000.0,HIGH
MUSIC_CONCERT,Karachi,16842,8300.0,Saturday,10,61.1,38.6,7812,64839600.0,MEDIUM
FOOTBALL_MATCH,Peshawar,12723,1700.0,Saturday,14,46.7,93.1,7319,12442300.0,HIGH
MUSIC_FESTIVAL,Karachi,19604,5100.0,Saturday,9,74.3,51.6,10809,55125900.0,HIGH
FOOTBALL_MATCH,Karachi,15659,2200.0,Thursday,19,50.1,71.0,6722,14788400.0,MEDIUM
CRICKET_MATCH,Lahore,23203,2500.0,Sunday,18,41.8,77.1,12444,31110000.0,MEDIUM
CRICKET_MATCH,Lahore,20976,4200.0,Saturday,11,38.2,80.3,10887,45725400.0,MEDIUM
CRICKET_MATCH,Quetta,25426,2100.0,Sunday,22,36.5,77.4,13220,27762000.0,MEDIUM
CRICKET_MATCH,Faisalabad,26619,2500.0,Friday,17,62.6,42.6,14056,35140000.0,MEDIUM
MUSIC_FESTIVAL,Lahore,22702,7800.0,Tuesday,10,62.3,73.5,10043,78335400.0,MEDIUM
MUSIC_CONCERT,Faisalabad,10486,7900.0,Saturday,16,46.9,62.8,4969,39255100.0,MEDIUM
CRICKET_MATCH,Islamabad,24490,4100.0,Monday,14,85.2,66.6,13756,56399600.0,HIGH
KABADDI,Multan,7944,1200.0,Friday,20,43.3,20.1,3046,3655200.0,MEDIUM
MUSIC_CONCERT,Karachi,9973,3800.0,Wednesday,14,93.6,40.1,5193,19733400.0,MEDIUM
MUSIC_FESTIVAL,Karachi,21447,6900.0,Saturday,15,72.6,92.6,13619,93971100.0,HIGH
MUSIC_CONCERT,Karachi,19858,8400.0,Sunday,13,36.8,42.6,7586,63722400.0,MEDIUM
FOOTBALL_MATCH,Islamabad,21171,1800.0,Friday,20,96.6,54.2,14066,25318800.0,HIGH
MUSIC_CONCERT,Lahore,20317,7200.0,Sunday,19,54.7,34.6,8888,63993600.0,MEDIUM
KABADDI,Lahore,11521,1100.0,Friday,12,63.8,30.8,5620,6182000.0,MEDIUM
KABADDI,Karachi,6411,1200.0,Friday,14,53.2,36.3,2956,3547200.0,MEDIUM
CRICKET_MATCH,Islamabad,28687,2600.0,Sunday,16,81.6,63.2,18650,48490000.0,HIGH
CRICKET_MATCH,Lahore,18246,3500.0,Sunday,12,66.1,91.7,11987,41954500.0,HIGH
FOOTBALL_MATCH,Islamabad,19009,2200.0,Sunday,13,43.5,45.4,8374,18422800.0,MEDIUM
CRICKET_MATCH,Faisalabad,20171,2900.0,Thursday,15,41.7,45.2,7128,20671200.0,MEDIUM
CRICKET_MATCH,Lahore,29523,2800.0,Saturday,14,81.4,64.0,19189,53729200.0,HIGH
MUSIC_CONCERT,Islamabad,19528,4500.0,Wednesday,21,50.2,47.8,7271,32719500.0,MEDIUM
CRICKET_MATCH,Karachi,33276,1800.0,Friday,12,43.8,91.0,19414,34945200.0,HIGH
KABADDI,Multan,13278,1700.0,Friday,21,67.0,49.5,7201,12241700.0,MEDIUM
KABADDI,Lahore,13457,900.0,Sunday,12,86.4,58.3,8648,7783200.0,HIGH
MUSIC_FESTIVAL,Islamabad,10060,10300.0,Sunday,18,52.8,61.6,4624,47627200.0,MEDIUM
FOOTBALL_MATCH,Rawalpindi,11334,2000.0,Friday,12,52.7,81.0,6408,12816000.0,HIGH
CRICKET_MATCH,Faisalabad,31087,3800.0,Monday,9,88.4,64.0,17697,67248600.0,HIGH
KABADDI,Islamabad,13190,1700.0,Sunday,13,44.5,38.7,5685,9664500.0,MEDIUM
MUSIC_CONCERT,Karachi,4944,6200.0,Wednesday,16,74.5,29.7,2009,12455800.0,MEDIUM
MUSIC_FESTIVAL,Islamabad,13361,11100.0,Saturday,15,96.1,93.1,9289,103107900.0,HIGH
CRICKET_MATCH,Multan,32638,1800.0,Monday,13,88.8,82.5,20592,37065600.0,HIGH
CRICKET_MATCH,Karachi,23284,3300.0,Friday,11,39.0,21.8,8894,29350200.0,MEDIUM
MUSIC_FESTIVAL,Lahore,17244,10100.0,Sunday,19,55.5,84.1,9095,91859500.0,MEDIUM
CRICKET_MATCH,Peshawar,28916,2100.0,Tuesday,9,44.1,66.1,12151,25517100.0,MEDIUM
KABADDI,Islamabad,15509,1500.0,Friday,21,95.8,60.5,10534,15801000.0,HIGH
CRICKET_MATCH,Islamabad,30764,3800.0,Thursday,15,98.1,21.0,15325,58235000.0,MEDIUM
CRICKET_MATCH,Lahore,32891,3900.0,Sunday,21,50.0,80.9,18644,72711600.0,HIGH
CRICKET_MATCH,Islamabad,32003,2200.0,Sunday,19,77.9,35.4,18226,40097200.0,HIGH
CRICKET_MATCH,Karachi,27866,3400.0,Wednesday,11,88.9,76.8,16885,57409000.0,HIGH
BOXING,Islamabad,3333,2600.0,Tuesday,12,50.0,21.2,1005,2613000.0,LOW
MUSIC_FESTIVAL,Lahore,17456,9800.0,Saturday,22,47.0,82.1,8599,84270200.0,MEDIUM
CRICKET_MATCH,Islamabad,29369,2700.0,Thursday,13,35.7,21.8,8041,21710700.0,LOW
MUSIC_CONCERT,Quetta,23329,6100.0,Saturday,21,61.4,38.4,11191,68265100.0,MEDIUM
CRICKET_MATCH,Lahore,31218,2600.0,Monday,20,92.6,40.9,16721,43474600.0,MEDIUM
KABADDI,Faisalabad,10780,700.0,Tuesday,16,92.8,32.3,5423,3796100.0,MEDIUM
CRICKET_MATCH,Karachi,22656,1800.0,Saturday,21,43.2,57.5,11269,20284200.0,MEDIUM
MUSIC_FESTIVAL,Multan,20410,4200.0,Wednesday,15,48.1,42.1,6850,28770000.0,LOW
MUSIC_CONCERT,Rawalpindi,6665,6200.0,Sunday,17,61.1,97.5,4170,25854000.0,HIGH
BOXING,Karachi,7935,4500.0,Monday,19,85.0,65.2,4203,18913500.0,MEDIUM
MUSIC_CONCERT,Islamabad,4415,2600.0,Wednesday,11,74.2,64.2,2280,5928000.0,MEDIUM
KABADDI,Multan,6707,600.0,Sunday,22,67.9,37.2,3505,2103000.0,MEDIUM
MUSIC_FESTIVAL,Karachi,10684,7400.0,Friday,19,72.9,51.9,5672,41972800.0,MEDIUM
MUSIC_CONCERT,Karachi,11494,6900.0,Saturday,18,41.2,29.7,4329,29870100.0,MEDIUM
MUSIC_FESTIVAL,Islamabad,27750,4800.0,Wednesday,9,65.6,79.5,13614,65347200.0,MEDIUM
FOOTBALL_MATCH,Rawalpindi,11503,1300.0,Saturday,9,98.5,45.8,7523,9779900.0,HIGH
CRICKET_MATCH,Rawalpindi,24180,2000.0,Saturday,20,40.7,78.7,13049,26098000.0,MEDIUM
FOOTBALL_MATCH,Rawalpindi,10559,1500.0,Thursday,18,68.2,49.0,4720,7080000.0,MEDIUM
CRICKET_MATCH,Karachi,26137,1900.0,Sunday,21,53.9,97.1,16619,31576100.0,HIGH
KABADDI,Rawalpindi,9971,1000.0,Saturday,22,69.6,33.3,5150,5150000.0,MEDIUM
FOOTBALL_MATCH,Lahore,20822,2000.0,Friday,9,71.7,20.1,10086,20172000.0,MEDIUM
KABADDI,Karachi,8957,1300.0,Saturday,10,72.0,66.4,5429,7057700.0,HIGH
CRICKET_MATCH,Lahore,36113,1500.0,Saturday,10,89.5,94.3,27631,41446500.0,HIGH
CRICKET_MATCH,Karachi,28093,3300.0,Wednesday,15,59.9,70.5,13544,44695200.0,MEDIUM
FOOTBALL_MATCH,Karachi,20951,1600.0,Friday,17,68.0,26.7,10262,16419200.0,MEDIUM
MUSIC_FESTIVAL,Karachi,8026,11400.0,Thursday,16,35.7,62.2,2323,26482200.0,LOW
CRICKET_MATCH,Islamabad,20583,2200.0,Friday,12,85.5,90.9,15165,33363000.0,HIGH
CRICKET_MATCH,Karachi,21055,3600.0,Saturday,10,51.6,20.5,8926,32133600.0,MEDIUM
MUSIC_CONCERT,Karachi,10801,6900.0,Friday,11,87.3,33.0,6025,41572500.0,HIGH
KABADDI,Lahore,7658,800.0,Sunday,18,52.0,83.5,4421,3536800.0,HIGH
CRICKET_MATCH,Karachi,21951,4200.0,Thursday,13,35.7,89.7,9508,39933600.0,MEDIUM
CRICKET_MATCH,Lahore,25299,2800.0,Friday,17,44.9,75.2,13689,38329200.0,MEDIUM
CRICKET_MATCH,Lahore,27933,3400.0,Sunday,16,98.1,97.3,22114,75187600.0,HIGH
MUSIC_FESTIVAL,Islamabad,20279,4700.0,Saturday,21,55.5,27.0,8561,40236700.0,MEDIUM
CRICKET_MATCH,Islamabad,22137,2100.0,Saturday,20,42.0,62.6,11148,23410800.0,MEDIUM
CRICKET_MATCH,Islamabad,29423,3100.0,Monday,22,42.6,73.4,12531,38846100.0,MEDIUM
CRICKET_MATCH,Karachi,19714,2300.0,Friday,11,54.9,74.8,11455,26346500.0,HIGH
CRICKET_MATCH,Karachi,29388,2800.0,Thursday,17,37.4,81.9,12629,35361200.0,MEDIUM
MUSIC_CONCERT,Multan,23715,4700.0,Sunday,18,67.7,91.6,15322,72013400.0,HIGH
CRICKET_MATCH,Karachi,21347,3300.0,Thursday,11,48.7,48.2,8205,27076500.0,MEDIUM
CRICKET_MATCH,Karachi,19986,2800.0,Sunday,18,68.2,23.4,9972,27921600.0,MEDIUM
FOOTBALL_MATCH,Lahore,11544,800.0,Saturday,20,44.0,48.3,5303,4242400.0,MEDIUM
CRICKET_MATCH,Karachi,35085,3300.0,Thursday,22,62.5,72.4,17424,57499200.0,MEDIUM
CRICKET_MATCH,Karachi,27646,2600.0,Saturday,16,73.3,36.6,15274,39712400.0,HIGH
MUSIC_CONCERT,Karachi,7786,4600.0,Sunday,9,39.0,83.2,4034,18556400.0,MEDIUM
MUSIC_CONCERT,Karachi,18415,3100.0,Sunday,12,60.5,37.1,9096,28197600.0,MEDIUM
MUSIC_FESTIVAL,Karachi,26855,5400.0,Wednesday,12,54.4,20.8,7994,43167600.0,LOW
MUSIC_CONCERT,Islamabad,18284,3800.0,Thursday,14,50.4,59.6,7450,28310000.0,MEDIUM
BOXING,Rawalpindi,8014,4800.0,Thursday,20,73.7,76.7,4119,19771200.0,MEDIUM
CRICKET_MATCH,Rawalpindi,24659,2600.0,Monday,20,72.7,47.3,11762,30581200.0,MEDIUM
MUSIC_CONCERT,Islamabad,24644,2800.0,Saturday,10,75.4,78.4,16145,45206000.0,HIGH
MUSIC_CONCERT,Faisalabad,7044,3300.0,Sunday,15,45.2,54.2,3366,11107800.0,MEDIUM
MUSIC_CONCERT,Lahore,7883,3000.0,Friday,13,53.3,33.4,3613,10839000.0,MEDIUM
FOOTBALL_MATCH,Lahore,10940,1800.0,Saturday,18,48.4,27.1,4550,8190000.0,MEDIUM
CRICKET_MATCH,Lahore,33351,1800.0,Saturday,14,69.6,75.4,21384,38491200.0,HIGH
MUSIC_CONCERT,Islamabad,22204,5500.0,Friday,19,64.5,50.1,11652,64086000.0,MEDIUM
MUSIC_CONCERT,Multan,19762,4700.0,Tuesday,22,56.1,91.2,9912,46586400.0,MEDIUM
MUSIC_FESTIVAL,Lahore,27186,10300.0,Saturday,14,85.3,62.1,15843,163182900.0,HIGH
CRICKET_MATCH,Peshawar,36847,2300.0,Sunday,22,41.0,47.2,16948,38980400.0,MEDIUM
CRICKET_MATCH,Lahore,21371,2700.0,Saturday,22,97.4,47.2,14290,38583000.0,HIGH
CRICKET_MATCH,Peshawar,26527,3600.0,Monday,20,42.5,30.3,8337,30013200.0,LOW
MUSIC_CONCERT,Karachi,14116,5100.0,Wednesday,22,84.5,66.3,7666,39096600.0,MEDIUM
CRICKET_MATCH,Lahore,20788,3800.0,Monday,19,58.6,65.4,9584,36419200.0,MEDIUM
CRICKET_MATCH,Karachi,22125,3400.0,Saturday,14,90.4,82.4,16053,54580200.0,HIGH
MUSIC_FESTIVAL,Lahore,11606,7000.0,Saturday,18,39.7,35.7,4279,29953000.0,MEDIUM
CRICKET_MATCH,Lahore,35924,2900.0,Tuesday,20,59.0,42.7,14802,42925800.0,MEDIUM
MUSIC_CONCERT,Karachi,12766,8300.0,Sunday,16,56.5,27.6,5350,44405000.0,MEDIUM
CRICKET_MATCH,Rawalpindi,18220,3400.0,Saturday,18,98.6,43.0,11985,40749000.0,HIGH
MUSIC_CONCERT,Karachi,14205,7900.0,Saturday,12,98.1,53.4,9125,72087500.0,HIGH
KABADDI,Karachi,11613,700.0,Sunday,18,47.1,95.2,6839,4787300.0,HIGH
MUSIC_FESTIVAL,Islamabad,8753,7600.0,Tuesday,16,75.3,70.9,4254,32330400.0,MEDIUM
MUSIC_FESTIVAL,Islamabad,21875,11200.0,Sunday,17,69.3,81.1,12338,138185600.0,HIGH
CRICKET_MATCH,Lahore,25488,2300.0,Tuesday,21,44.9,45.4,9432,21693600.0,MEDIUM
CRICKET_MATCH,Karachi,25206,4400.0,Friday,21,45.7,31.3,10668,46939200.0,MEDIUM
CRICKET_MATCH,Lahore,27680,1500.0,Sunday,12,98.3,40.0,18335,27502500.0,HIGH
BOXING,Lahore,4961,4700.0,Sunday,9,64.0,40.0,2414,11345800.0,MEDIUM
MUSIC_CONCERT,Islamabad,9958,5200.0,Friday,11,43.1,65.5,4831,25121200.0,MEDIUM
FOOTBALL_MATCH,Lahore,11483,900.0,Saturday,9,48.7,46.6,5420,4878000.0,MEDIUM
KABADDI,Karachi,12635,1600.0,Saturday,15,52.2,86.9,7342,11747200.0,HIGH
CRICKET_MATCH,Islamabad,26629,2000.0,Sunday,20,67.7,97.1,18292,36584000.0,HIGH
MUSIC_CONCERT,Lahore,21166,2600.0,Tuesday,9,56.5,46.8,8607,22378200.0,MEDIUM
MUSIC_FESTIVAL,Karachi,29487,4700.0,Sunday,19,64.1,75.0,16937,79603900.0,HIGH
CRICKET_MATCH,Lahore,30869,3400.0,Friday,12,45.7,71.3,16366,55644400.0,MEDIUM
FOOTBALL_MATCH,Faisalabad,8219,2500.0,Friday,21,55.9,35.2,3776,9440000.0,MEDIUM
CRICKET_MATCH,Karachi,27219,1600.0,Friday,22,39.5,91.6,15520,24832000.0,HIGH
KABADDI,Rawalpindi,14029,1100.0,Friday,9,91.9,35.6,8490,9339000.0,HIGH
FOOTBALL_MATCH,Karachi,15146,1100.0,Sunday,21,47.7,77.5,8242,9066200.0,MEDIUM
CRICKET_MATCH,Lahore,34272,3700.0,Saturday,21,83.4,47.1,20871,77222700.0,HIGH
CRICKET_MATCH,Islamabad,34673,1600.0,Sunday,10,57.4,48.6,18370,29392000.0,MEDIUM
CRICKET_MATCH,Faisalabad,34763,2000.0,Wednesday,19,65.4,55.5,16487,32974000.0,MEDIUM
FOOTBALL_MATCH,Islamabad,20165,1100.0,Saturday,22,53.6,87.4,11918,13109800.0,HIGH
KABADDI,Rawalpindi,15570,1200.0,Sunday,9,79.6,30.9,8510,10212000.0,MEDIUM
CRICKET_MATCH,Multan,24886,4100.0,Saturday,21,89.1,24.3,14199,58215900.0,HIGH
MUSIC_CONCERT,Lahore,5958,5600.0,Saturday,13,53.3,51.4,2892,16195200.0,MEDIUM
MUSIC_CONCERT,Lahore,14319,2800.0,Saturday,15,50.5,24.3,6107,17099600.0,MEDIUM
CRICKET_MATCH,Islamabad,20183,3100.0,Sunday,11,78.6,73.6,13349,41381900.0,HIGH
CRICKET_MATCH,Karachi,21774,3800.0,Sunday,22,47.5,79.3,12066,45850800.0,HIGH
MUSIC_CONCERT,Rawalpindi,24303,3300.0,Tuesday,16,75.9,86.7,13957,46058100.0,HIGH
MUSIC_FESTIVAL,Peshawar,22272,4100.0,Sunday,22,41.0,78.0,11124,45608400.0,MEDIUM
CRICKET_MATCH,Karachi,18777,1800.0,Friday,13,74.7,91.5,13154,23677200.0,HIGH
CRICKET_MATCH,Lahore,20566,3700.0,Thursday,13,67.9,78.4,10881,40259700.0,MEDIUM
CRICKET_MATCH,Rawalpindi,28095,3200.0,Sunday,21,42.3,93.0,16100,51520000.0,HIGH
KABADDI,Lahore,13404,1200.0,Friday,13,76.5,35.1,7311,8773200.0,MEDIUM
CRICKET_MATCH,Rawalpindi,18078,2000.0,Sunday,16,63.6,59.0,10418,20836000.0,HIGH
CRICKET_MATCH,Karachi,19581,2300.0,Thursday,10,48.9,97.5,10090,23207000.0,MEDIUM
BOXING,Islamabad,8874,4900.0,Monday,10,57.6,73.2,3941,19310900.0,MEDIUM
KABADDI,Lahore,13967,800.0,Friday,22,66.5,88.5,8998,7198400.0,HIGH
CRICKET_MATCH,Islamabad,25839,4200.0,Tuesday,20,40.9,22.4,7348,30861600.0,LOW
CRICKET_MATCH,Karachi,20162,3100.0,Saturday,16,96.3,88.0,15399,47736900.0,HIGH
KABADDI,Karachi,15177,700.0,Thursday,17,77.6,74.4,8367,5856900.0,HIGH
CRICKET_MATCH,Lahore,35869,2700.0,Friday,19,41.6,33.3,15232,41126400.0,MEDIUM
CRICKET_MATCH,Islamabad,31913,4300.0,Tuesday,20,87.7,22.0,14622,62874600.0,MEDIUM
MUSIC_CONCERT,Multan,23004,5000.0,Thursday,18,55.6,40.3,8520,42600000.0,MEDIUM
CRICKET_MATCH,Lahore,18964,4000.0,Sunday,18,73.2,91.4,12884,51536000.0,HIGH
MUSIC_CONCERT,Lahore,14739,4000.0,Tuesday,10,52.7,72.1,6573,26292000.0,MEDIUM
MUSIC_FESTIVAL,Lahore,10673,8400.0,Saturday,12,81.9,91.7,7014,58917600.0,HIGH
CRICKET_MATCH,Islamabad,23293,4000.0,Sunday,16,81.3,54.8,14401,57604000.0,HIGH
CRICKET_MATCH,Islamabad,19718,4200.0,Saturday,10,70.3,93.1,13238,55599600.0,HIGH
KABADDI,Karachi,7228,1100.0,Sunday,12,50.4,56.1,3620,3982000.0,MEDIUM
MUSIC_CONCERT,Lahore,14602,6300.0,Tuesday,18,51.2,35.9,4875,30712500.0,LOW
MUSIC_FESTIVAL,Karachi,28162,3500.0,Thursday,21,59.5,31.8,10068,35238000.0,MEDIUM
MUSIC_CONCERT,Karachi,5840,4000.0,Sunday,21,44.3,97.5,3375,13500000.0,HIGH
CRICKET_MATCH,Karachi,34881,2100.0,Saturday,9,56.6,46.0,18028,37858800.0,MEDIUM
BOXING,Quetta,3536,1800.0,Saturday,10,78.8,32.5,1922,3459600.0,MEDIUM
CRICKET_MATCH,Lahore,37689,2100.0,Saturday,15,88.2,20.7,21561,45278100.0,HIGH
FOOTBALL_MATCH,Islamabad,15124,1300.0,Friday,9,56.3,42.3,7366,9575800.0,MEDIUM
CRICKET_MATCH,Karachi,27356,4400.0,Monday,20,49.9,89.4,13247,58286800.0,MEDIUM
CRICKET_MATCH,Karachi,36355,3400.0,Sunday,9,88.3,61.7,24210,82314000.0,HIGH
MUSIC_CONCERT,Islamabad,11587,5100.0,Saturday,10,92.0,69.3,7864,40106400.0,HIGH
FOOTBALL_MATCH,Islamabad,11527,2500.0,Friday,12,61.2,91.9,7159,17897500.0,HIGH
CRICKET_MATCH,Quetta,18299,1700.0,Sunday,15,36.7,60.0,8783,14931100.0,MEDIUM
CRICKET_MATCH,Lahore,36770,2800.0,Thursday,12,79.5,85.4,21928,61398400.0,HIGH
MUSIC_CONCERT,Lahore,16590,6400.0,Thursday,13,85.2,45.3,8032,51404800.0,MEDIUM
MUSIC_CONCERT,Islamabad,7963,2800.0,Sunday,12,36.2,96.2,4401,12322800.0,HIGH
CRICKET_MATCH,Karachi,22687,3600.0,Sunday,12,73.1,26.1,11764,42350400.0,MEDIUM
CRICKET_MATCH,Lahore,22171,1500.0,Friday,17,72.7,76.5,14580,21870000.0,HIGH
CRICKET_MATCH,Lahore,31067,1700.0,Tuesday,14,59.2,71.5,15319,26042300.0,MEDIUM
MUSIC_FESTIVAL,Lahore,11695,4900.0,Wednesday,20,83.0,35.0,5191,25435900.0,MEDIUM
KABADDI,Multan,15112,1700.0,Saturday,11,62.4,50.3,7966,13542200.0,MEDIUM
KABADDI,Lahore,15715,1400.0,Friday,14,78.3,44.4,9022,12630800.0,HIGH
KABADDI,Karachi,13242,1400.0,Sunday,21,68.1,27.4,6533,9146200.0,MEDIUM
CRICKET_MATCH,Lahore,27941,3000.0,Sunday,15,50.9,65.6,15038,45114000.0,MEDIUM
MUSIC_CONCERT,Karachi,24001,4300.0,Sunday,15,73.8,97.5,16476,70846800.0,HIGH
FOOTBALL_MATCH,Lahore,10700,1900.0,Friday,16,82.2,63.6,6775,12872500.0,HIGH
CRICKET_MATCH,Karachi,35389,2600.0,Sunday,21,97.3,62.5,25028,65072800.0,HIGH
CRICKET_MATCH,Lahore,36085,1700.0,Friday,12,59.3,23.1,17050,28985000.0,MEDIUM
KABADDI,Rawalpindi,9302,1400.0,Wednesday,9,39.1,30.9,2728,3819200.0,LOW
MUSIC_FESTIVAL,Lahore,21339,4600.0,Monday,14,98.2,60.0,12067,55508200.0,HIGH
CRICKET_MATCH,Karachi,33834,1800.0,Friday,16,74.9,96.8,24176,43516800.0,HIGH
MUSIC_CONCERT,Multan,23750,7400.0,Sunday,13,95.6,88.4,17194,127235600.0,HIGH
MUSIC_CONCERT,Islamabad,15084,6500.0,Wednesday,21,41.6,46.5,4871,31661500.0,LOW
CRICKET_MATCH,Karachi,21162,3300.0,Wednesday,11,56.9,62.4,9536,31468800.0,MEDIUM
CRICKET_MATCH,Karachi,26306,2600.0,Sunday,12,43.6,63.1,13347,34702200.0,MEDIUM
CRICKET_MATCH,Karachi,31137,2500.0,Monday,16,88.5,73.5,18758,46895000.0,HIGH
MUSIC_CONCERT,Islamabad,6137,6600.0,Sunday,14,91.3,73.6,4151,27396600.0,HIGH
CRICKET_MATCH,Quetta,34414,3600.0,Thursday,21,67.1,81.6,18404,66254400.0,MEDIUM
CRICKET_MATCH,Islamabad,23948,2900.0,Monday,21,46.9,21.9,7535,21851500.0,LOW
FOOTBALL_MATCH,Karachi,9805,2400.0,Sunday,13,43.1,93.6,5472,13132800.0,HIGH
MUSIC_CONCERT,Islamabad,7569,8200.0,Tuesday,21,72.6,25.5,2838,23271600.0,MEDIUM
CRICKET_MATCH,Karachi,30977,2600.0,Saturday,17,67.4,57.1,18017,46844200.0,HIGH
CRICKET_MATCH,Lahore,29620,3900.0,Thursday,18,79.5,91.7,17904,69825600.0,HIGH
FOOTBALL_MATCH,Karachi,8456,1700.0,Monday,11,54.5,58.0,3524,5990800.0,MEDIUM
KABADDI,Faisalabad,6448,1200.0,Monday,15,60.8,25.0,2330,2796000.0,MEDIUM
MUSIC_CONCERT,Lahore,4067,2800.0,Tuesday,17,36.4,37.9,1251,3502800.0,LOW
CRICKET_MATCH,Islamabad,19862,3100.0,Monday,19,74.0,65.1,10386,32196600.0,MEDIUM
MUSIC_CONCERT,Lahore,22186,7900.0,Saturday,21,62.1,26.9,9786,77309400.0,MEDIUM
BOXING,Karachi,8901,4200.0,Friday,19,93.9,53.0,5649,23725800.0,HIGH
KABADDI,Lahore,13554,1500.0,Thursday,20,76.1,45.7,6348,9522000.0,MEDIUM
BOXING,Karachi,3127,2100.0,Friday,12,60.5,83.6,1878,3943800.0,HIGH
CRICKET_MATCH,Rawalpindi,23895,2400.0,Sunday,18,51.9,28.6,10839,26013600.0,MEDIUM
CRICKET_MATCH,Karachi,31020,2000.0,Sunday,18,92.9,73.3,22393,44786000.0,HIGH
BOXING,Islamabad,6825,2600.0,Saturday,11,36.0,51.7,2903,7547800.0,MEDIUM
FOOTBALL_MATCH,Rawalpindi,17459,1800.0,Sunday,9,55.9,65.8,9442,16995600.0,MEDIUM
KABADDI,Peshawar,15234,1000.0,Thursday,17,95.4,36.0,7921,7921000.0,MEDIUM
CRICKET_MATCH,Lahore,23515,3100.0,Friday,21,76.9,67.6,15050,46655000.0,HIGH
MUSIC_FESTIVAL,Karachi,28122,7200.0,Saturday,9,69.1,72.6,16024,115372800.0,HIGH
KABADDI,Lahore,6367,900.0,Saturday,10,48.0,25.5,2653,2387700.0,MEDIUM
CRICKET_MATCH,Quetta,33640,1500.0,Friday,17,88.3,84.3,24746,37119000.0,HIGH
CRICKET_MATCH,Peshawar,33461,4100.0,Friday,13,48.1,87.2,19209,78756900.0,HIGH
MUSIC_CONCERT,Karachi,18897,2600.0,Sunday,12,50.9,25.0,8147,21182200.0,MEDIUM
MUSIC_CONCERT,Rawalpindi,23024,2500.0,Sunday,17,47.3,67.0,12050,30125000.0,MEDIUM
FOOTBALL_MATCH,Karachi,12907,2200.0,Friday,17,45.1,66.3,6438,14163600.0,MEDIUM
MUSIC_CONCERT,Islamabad,4058,8500.0,Saturday,10,96.0,21.0,2229,18946500.0,MEDIUM
CRICKET_MATCH,Lahore,26294,3600.0,Thursday,11,73.5,46.7,12399,44636400.0,MEDIUM
CRICKET_MATCH,Rawalpindi,22507,1300.0,Tuesday,20,75.8,95.6,13918,18093400.0,HIGH
MUSIC_CONCERT,Lahore,21169,3900.0,Friday,11,96.1,63.3,14551,56748900.0,HIGH
MUSIC_CONCERT,Rawalpindi,18752,8300.0,Friday,13,49.8,92.8,10444,86685200.0,HIGH
BOXING,Rawalpindi,6945,4300.0,Monday,21,35.4,72.7,2527,10866100.0,MEDIUM
MUSIC_CONCERT,Islamabad,18334,5900.0,Sunday,11,73.3,22.2,8896,52486400.0,MEDIUM
CRICKET_MATCH,Lahore,36830,2000.0,Friday,18,67.5,26.1,18734,37468000.0,MEDIUM
MUSIC_CONCERT,Karachi,19114,2600.0,Saturday,14,65.6,76.3,11746,30539600.0,HIGH
CRICKET_MATCH,Lahore,34035,1300.0,Monday,10,39.0,63.3,13602,17682600.0,MEDIUM
CRICKET_MATCH,Karachi,36749,3200.0,Wednesday,14,64.1,29.9,14592,46694400.0,MEDIUM
CRICKET_MATCH,Lahore,22701,1300.0,Sunday,14,53.4,67.9,12829,16677700.0,HIGH
CRICKET_MATCH,Peshawar,25417,4500.0,Saturday,10,52.6,83.2,14695,66127500.0,HIGH
CRICKET_MATCH,Karachi,27558,1800.0,Sunday,14,49.2,78.7,15788,28418400.0,HIGH
CRICKET_MATCH,Karachi,29057,3500.0,Sunday,14,56.3,39.2,14208,49728000.0,MEDIUM
CRICKET_MATCH,Karachi,27214,1700.0,Friday,14,57.6,40.1,13841,23529700.0,MEDIUM
CRICKET_MATCH,Karachi,29322,3000.0,Thursday,20,54.8,95.5,15470,46410000.0,MEDIUM
KABADDI,Islamabad,7489,600.0,Sunday,21,97.6,89.2,5722,3433200.0,HIGH
CRICKET_MATCH,Karachi,31607,3700.0,Sunday,22,94.7,44.8,20405,75498500.0,HIGH
CRICKET_MATCH,Peshawar,20334,3100.0,Saturday,13,71.8,84.3,13474,41769400.0,HIGH
MUSIC_CONCERT,Karachi,20096,3000.0,Sunday,15,97.8,32.6,12525,37575000.0,HIGH
MUSIC_CONCERT,Quetta,23773,7600.0,Sunday,21,98.4,35.4,14277,108505200.0,HIGH
MUSIC_CONCERT,Multan,4202,5800.0,Friday,20,57.8,34.1,1923,11153400.0,MEDIUM
CRICKET_MATCH,Lahore,18230,4200.0,Saturday,13,63.5,26.8,8753,36762600.0,MEDIUM
MUSIC_CONCERT,Peshawar,15320,8000.0,Sunday,19,96.4,86.7,11008,88064000.0,HIGH
CRICKET_MATCH,Lahore,29683,4200.0,Saturday,9,74.0,65.1,18262,76700400.0,HIGH
CRICKET_MATCH,Rawalpindi,20962,1500.0,Monday,20,48.6,40.2,7892,11838000.0,MEDIUM
CRICKET_MATCH,Karachi,20327,1600.0,Thursday,17,79.1,86.2,12302,19683200.0,HIGH
MUSIC_CONCERT,Multan,6784,8400.0,Tuesday,11,48.2,82.6,2882,24208800.0,MEDIUM
CRICKET_MATCH,Multan,31485,2800.0,Wednesday,10,56.7,27.9,11558,32362400.0,MEDIUM
CRICKET_MATCH,Rawalpindi,18803,2000.0,Sunday,18,49.6,70.2,10375,20750000.0,HIGH
CRICKET_MATCH,Rawalpindi,30553,3700.0,Monday,14,50.7,76.3,14034,51925800.0,MEDIUM
MUSIC_CONCERT,Karachi,18582,4100.0,Wednesday,16,35.3,75.8,7233,29655300.0,MEDIUM
KABADDI,Lahore,11766,1400.0,Thursday,10,91.4,76.4,7097,9935800.0,HIGH
CRICKET_MATCH,Karachi,29093,4000.0,Saturday,12,53.9,33.2,13427,53708000.0,MEDIUM
KABADDI,Lahore,12396,1500.0,Saturday,10,40.5,44.6,5357,8035500.0,MEDIUM
FOOTBALL_MATCH,Islamabad,8175,1300.0,Wednesday,20,40.6,85.8,3572,4643600.0,MEDIUM
BOXING,Karachi,4444,2900.0,Wednesday,20,70.6,90.1,2440,7076000.0,MEDIUM
CRICKET_MATCH,Faisalabad,33306,2600.0,Wednesday,17,98.5,41.8,18651,48492600.0,HIGH
MUSIC_CONCERT,Islamabad,16195,5400.0,Friday,18,44.3,21.8,6137,33139800.0,MEDIUM
CRICKET_MATCH,Rawalpindi,23691,1800.0,Thursday,21,41.4,87.1,11008,19814400.0,MEDIUM
BOXING,Lahore,6532,3100.0,Sunday,10,63.1,49.4,3382,10484200.0,MEDIUM
CRICKET_MATCH,Multan,34223,2900.0,Friday,18,71.1,45.7,19333,56065700.0,HIGH
CRICKET_MATCH,Peshawar,35927,3000.0,Monday,10,53.8,47.1,14473,43419000.0,MEDIUM
CRICKET_MATCH,Karachi,28346,3900.0,Saturday,22,54.4,52.4,14516,56612400.0,MEDIUM
KABADDI,Islamabad,11456,1200.0,Thursday,21,62.2,49.5,4901,5881200.0,MEDIUM
CRICKET_MATCH,Rawalpindi,21413,2000.0,Saturday,13,55.1,64.2,11936,23872000.0,HIGH
MUSIC_CONCERT,Lahore,11085,6500.0,Thursday,20,93.6,26.2,5179,33663500.0,MEDIUM
CRICKET_MATCH,Karachi,27332,3800.0,Saturday,13,37.7,95.8,15269,58022200.0,HIGH
BOXING,Karachi,7807,2600.0,Saturday,20,50.0,93.0,4537,11796200.0,HIGH
MUSIC_CONCERT,Lahore,11386,6400.0,Sunday,15,86.7,92.9,8070,51648000.0,HIGH
KABADDI,Karachi,15953,700.0,Thursday,9,88.4,88.6,10007,7004900.0,HIGH
MUSIC_CONCERT,Lahore,5940,4600.0,Thursday,20,42.1,71.5,2379,10943400.0,MEDIUM
BOXING,Lahore,4806,4700.0,Friday,10,97.3,37.2,2905,13653500.0,HIGH
CRICKET_MATCH,Lahore,18656,4200.0,Sunday,19,79.4,23.9,9934,41722800.0,MEDIUM
MUSIC_CONCERT,Faisalabad,6503,6000.0,Sunday,19,52.4,27.7,2731,16386000.0,MEDIUM
CRICKET_MATCH,Karachi,35042,3500.0,Tuesday,14,64.2,45.3,15203,53210500.0,MEDIUM
KABADDI,Faisalabad,13038,1600.0,Tuesday,10,54.0,59.3,5460,8736000.0,MEDIUM
MUSIC_CONCERT,Karachi,14645,8300.0,Friday,12,44.6,97.5,8043,66756900.0,MEDIUM
CRICKET_MATCH,Karachi,32628,2800.0,Tuesday,18,53.6,54.0,13727,38435600.0,MEDIUM
CRICKET_MATCH,Karachi,24498,3100.0,Thursday,14,72.1,60.9,12378,38371800.0,MEDIUM
FOOTBALL_MATCH,Karachi,14348,1500.0,Tuesday,21,87.9,74.2,8377,12565500.0,HIGH
MUSIC_CONCERT,Lahore,17789,2900.0,Saturday,20,58.3,34.1,8531,24739900.0,MEDIUM
MUSIC_FESTIVAL,Islamabad,27425,7100.0,Sunday,15,57.3,92.8,15817,112300700.0,HIGH
KABADDI,Lahore,8338,1500.0,Sunday,18,65.0,61.3,4717,7075500.0,HIGH
BOXING,Islamabad,3110,4300.0,Friday,13,76.3,41.5,1677,7211100.0,MEDIUM
MUSIC_FESTIVAL,Islamabad,29571,11100.0,Saturday,16,83.1,92.9,19102,212032200.0,HIGH
CRICKET_MATCH,Lahore,19718,1400.0,Sunday,14,55.9,68.8,11359,15902600.0,HIGH
CRICKET_MATCH,Lahore,18125,2900.0,Tuesday,13,72.5,57.7,9065,26288500.0,MEDIUM
MUSIC_CONCERT,Rawalpindi,20046,3100.0,Saturday,12,59.9,65.3,11269,34933900.0,HIGH
MUSIC_CONCERT,Karachi,23318,3700.0,Friday,14,80.8,78.4,15603,57731100.0,HIGH
MUSIC_CONCERT,Lahore,9917,7900.0,Wednesday,14,45.5,32.1,2894,22862600.0,LOW
CRICKET_MATCH,Quetta,28394,2800.0,Friday,14,51.4,87.5,16929,47401200.0,HIGH
CRICKET_MATCH,Lahore,35988,3700.0,Monday,9,62.3,94.8,19761,73115700.0,MEDIUM
CRICKET_MATCH,Islamabad,25590,1400.0,Saturday,14,91.9,64.2,17902,25062800.0,HIGH
CRICKET_MATCH,Quetta,20082,2600.0,Thursday,9,71.7,73.2,10804,28090400.0,MEDIUM
CRICKET_MATCH,Lahore,30134,3400.0,Thursday,13,96.8,87.1,19928,67755200.0,HIGH
MUSIC_CONCERT,Lahore,19058,3300.0,Tuesday,15,41.6,49.2,6707,22133100.0,MEDIUM
CRICKET_MATCH,Lahore,32301,2300.0,Sunday,9,64.5,97.4,21757,50041100.0,HIGH
MUSIC_CONCERT,Karachi,9093,2900.0,Friday,21,61.8,73.1,5367,15564300.0,HIGH
CRICKET_MATCH,Lahore,18284,3300.0,Saturday,9,73.4,53.1,10774,35554200.0,HIGH
KABADDI,Islamabad,11566,1800.0,Saturday,21,87.0,72.8,7806,14050800.0,HIGH
CRICKET_MATCH,Lahore,28757,3900.0,Friday,21,88.9,60.7,19043,74267700.0,HIGH
CRICKET_MATCH,Karachi,26218,4400.0,Wednesday,14,77.9,28.7,11470,50468000.0,MEDIUM
CRICKET_MATCH,Quetta,36658,4000.0,Saturday,15,76.1,82.1,24451,97804000.0,HIGH
MUSIC_FESTIVAL,Rawalpindi,11972,10800.0,Tuesday,14,95.7,64.0,6262,67629600.0,MEDIUM
MUSIC_CONCERT,Islamabad,17679,6000.0,Tuesday,13,59.6,82.1,8537,51222000.0,MEDIUM
FOOTBALL_MATCH,Karachi,19573,1700.0,Saturday,14,88.3,32.1,11328,19257600.0,HIGH
CRICKET_MATCH,Islamabad,22113,2500.0,Wednesday,21,94.0,62.0,13142,32855000.0,HIGH
MUSIC_FESTIVAL,Karachi,22378,10500.0,Thursday,22,66.5,79.8,10185,106942500.0,MEDIUM
CRICKET_MATCH,Karachi,28328,1800.0,Friday,11,81.7,97.1,20985,37773000.0,HIGH
CRICKET_MATCH,Lahore,35673,1400.0,Friday,17,59.1,89.0,22780,31892000.0,HIGH
KABADDI,Multan,8511,1700.0,Saturday,13,45.2,87.4,4727,8035900.0,HIGH
MUSIC_FESTIVAL,Karachi,13720,3500.0,Saturday,10,72.5,39.3,7203,25210500.0,MEDIUM
CRICKET_MATCH,Lahore,35539,4400.0,Saturday,22,47.6,85.4,20101,88444400.0,HIGH
CRICKET_MATCH,Karachi,37172,3600.0,Saturday,22,64.3,33.2,18708,67348800.0,MEDIUM
MUSIC_FESTIVAL,Karachi,13153,6300.0,Thursday,20,90.9,35.5,6117,38537100.0,MEDIUM
CRICKET_MATCH,Rawalpindi,24226,3500.0,Thursday,18,40.5,28.6,7346,25711000.0,LOW
CRICKET_MATCH,Islamabad,20976,3900.0,Friday,18,36.9,86.9,11174,43578600.0,MEDIUM
KABADDI,Rawalpindi,11251,800.0,Thursday,15,73.8,28.4,4741,3792800.0,MEDIUM
MUSIC_CONCERT,Lahore,7499,7100.0,Sunday,11,56.2,30.8,3257,23124700.0,MEDIUM
FOOTBALL_MATCH,Karachi,10913,2200.0,Sunday,9,61.7,39.2,5383,11842600.0,MEDIUM
MUSIC_FESTIVAL,Karachi,24587,5600.0,Wednesday,11,61.0,64.7,10592,59315200.0,MEDIUM
BOXING,Lahore,4822,1600.0,Monday,17,40.5,88.7,2130,3408000.0,MEDIUM
CRICKET_MATCH,Lahore,28736,1900.0,Monday,13,35.2,52.6,10186,19353400.0,MEDIUM
MUSIC_FESTIVAL,Rawalpindi,16633,5200.0,Wednesday,15,92.5,62.6,9089,47262800.0,MEDIUM
CRICKET_MATCH,Lahore,24971,1400.0,Tuesday,11,48.9,33.0,8998,12597200.0,MEDIUM
CRICKET_MATCH,Karachi,27507,3600.0,Saturday,12,62.3,40.7,14153,50950800.0,MEDIUM
KABADDI,Lahore,15340,1000.0,Sunday,9,97.2,30.4,9399,9399000.0,HIGH
CRICKET_MATCH,Lahore,31158,4100.0,Saturday,11,87.9,52.0,19795,81159500.0,HIGH
CRICKET_MATCH,Lahore,29108,2000.0,Wednesday,15,41.9,66.0,12004,24008000.0,MEDIUM
CRICKET_MATCH,Faisalabad,30077,2700.0,Friday,12,67.5,42.2,16363,44180100.0,MEDIUM
CRICKET_MATCH,Rawalpindi,22175,3300.0,Friday,10,81.7,86.0,15581,51417300.0,HIGH
MUSIC_CONCERT,Faisalabad,6859,7800.0,Sunday,22,79.7,96.5,4676,36472800.0,HIGH
KABADDI,Karachi,8962,1200.0,Sunday,13,83.7,29.4,5003,6003600.0,HIGH
MUSIC_FESTIVAL,Lahore,21616,6700.0,Sunday,13,64.3,21.4,9236,61881200.0,MEDIUM
CRICKET_MATCH,Karachi,35751,4100.0,Friday,10,46.3,81.6,19782,81106200.0,HIGH
CRICKET_MATCH,Karachi,30857,2200.0,Saturday,19,64.8,34.9,16019,35241800.0,MEDIUM
CRICKET_MATCH,Rawalpindi,23210,1500.0,Tuesday,14,76.5,47.5,11590,17385000.0,MEDIUM
CRICKET_MATCH,Lahore,20909,2700.0,Saturday,18,73.9,50.8,12327,33282900.0,HIGH
CRICKET_MATCH,Karachi,28408,3800.0,Wednesday,12,39.5,91.5,12916,49080800.0,MEDIUM
MUSIC_CONCERT,Lahore,7405,2700.0,Friday,22,39.2,71.4,3722,10049400.0,MEDIUM
MUSIC_FESTIVAL,Karachi,23993,8500.0,Saturday,9,96.8,23.2,12984,110364000.0,MEDIUM
MUSIC_FESTIVAL,Islamabad,28878,8600.0,Thursday,11,44.7,21.2,6933,59623800.0,LOW
CRICKET_MATCH,Karachi,32923,4300.0,Monday,22,53.8,35.6,12019,51681700.0,MEDIUM
MUSIC_CONCERT,Karachi,4820,4200.0,Monday,17,84.1,44.8,2381,10000200.0,MEDIUM
CRICKET_MATCH,Karachi,25255,2100.0,Monday,18,61.2,57.8,11708,24586800.0,MEDIUM
CRICKET_MATCH,Karachi,37046,2700.0,Monday,15,46.6,85.4,17547,47376900.0,MEDIUM
MUSIC_CONCERT,Rawalpindi,18941,4600.0,Tuesday,21,64.9,44.6,7932,36487200.0,MEDIUM
KABADDI,Multan,13104,1500.0,Wednesday,14,71.4,49.4,6028,9042000.0,MEDIUM
CRICKET_MATCH,Faisalabad,29017,3300.0,Wednesday,22,64.0,45.7,12637,41702100.0,MEDIUM
CRICKET_MATCH,Rawalpindi,22453,3700.0,Sunday,9,93.8,20.7,13067,48347900.0,HIGH
CRICKET_MATCH,Karachi,37513,3900.0,Thursday,17,53.2,94.5,19238,75028200.0,MEDIUM
MUSIC_CONCERT,Islamabad,16206,8000.0,Tuesday,21,77.3,30.8,6598,52784000.0,MEDIUM
FOOTBALL_MATCH,Karachi,21710,1500.0,Saturday,17,42.2,42.4,9400,14100000.0,MEDIUM
MUSIC_FESTIVAL,Lahore,29000,11900.0,Sunday,9,60.1,30.1,11517,137052300.0,MEDIUM
CRICKET_MATCH,Rawalpindi,32860,1900.0,Saturday,22,82.4,58.3,21218,40314200.0,HIGH
CRICKET_MATCH,Lahore,26086,3600.0,Thursday,21,49.4,92.7,12943,46594800.0,MEDIUM
FOOTBALL_MATCH,Peshawar,20680,1700.0,Saturday,21,72.7,27.9,10541,17919700.0,MEDIUM
FOOTBALL_MATCH,Karachi,9666,2200.0,Saturday,14,44.8,54.4,4523,9950600.0,MEDIUM
CRICKET_MATCH,Islamabad,25389,2800.0,Saturday,15,41.6,21.7,10028,28078400.0,MEDIUM
MUSIC_CONCERT,Islamabad,23784,7200.0,Saturday,10,68.5,80.1,14341,103255200.0,HIGH
MUSIC_CONCERT,Multan,15774,8100.0,Sunday,18,78.2,70.0,9588,77662800.0,HIGH
MUSIC_FESTIVAL,Islamabad,10200,9700.0,Sunday,16,42.3,74.6,4661,45211700.0,MEDIUM
MUSIC_CONCERT,Islamabad,16142,7200.0,Saturday,16,93.7,56.8,10318,74289600.0,HIGH
MUSIC_CONCERT,Lahore,21367,2900.0,Friday,14,49.4,90.8,12563,36432700.0,HIGH
KABADDI,Karachi,12623,800.0,Saturday,17,42.7,51.9,5851,4680800.0,MEDIUM
MUSIC_CONCERT,Lahore,10051,8300.0,Sunday,11,48.0,60.1,4708,39076400.0,MEDIUM
CRICKET_MATCH,Islamabad,22115,3500.0,Monday,10,45.9,74.2,9675,33862500.0,MEDIUM
CRICKET_MATCH,Karachi,37024,3100.0,Sunday,10,40.8,60.6,18036,55911600.0,MEDIUM
CRICKET_MATCH,Islamabad,24371,2400.0,Wednesday,14,86.1,34.8,12122,29092800.0,MEDIUM
FOOTBALL_MATCH,Lahore,11417,900.0,Friday,15,66.7,44.7,6106,5495400.0,MEDIUM
CRICKET_MATCH,Lahore,24587,2400.0,Sunday,14,59.9,27.2,11805,28332000.0,MEDIUM
MUSIC_FESTIVAL,Islamabad,18607,7700.0,Wednesday,19,95.8,53.7,9661,74389700.0,MEDIUM
CRICKET_MATCH,Lahore,33234,1900.0,Friday,11,58.7,67.5,19271,36614900.0,HIGH
CRICKET_MATCH,Lahore,31930,1800.0,Tuesday,13,45.7,29.2,10730,19314000.0,LOW
FOOTBALL_MATCH,Lahore,17080,1700.0,Friday,16,52.5,69.2,9176,15599200.0,MEDIUM
CRICKET_MATCH,Faisalabad,19883,3100.0,Wednesday,14,50.3,89.6,9847,30525700.0,MEDIUM
CRICKET_MATCH,Islamabad,22821,2000.0,Friday,10,66.9,46.3,12709,25418000.0,HIGH
CRICKET_MATCH,Karachi,21822,3100.0,Friday,15,53.7,37.3,10415,32286500.0,MEDIUM
FOOTBALL_MATCH,Lahore,16338,2300.0,Sunday,16,68.0,89.7,10496,24140800.0,HIGH
CRICKET_MATCH,Karachi,36100,2800.0,Sunday,12,77.8,74.0,23879,66861200.0,HIGH
MUSIC_CONCERT,Rawalpindi,6477,7600.0,Tuesday,20,84.7,28.2,2793,21226800.0,MEDIUM
MUSIC_CONCERT,Islamabad,17135,8100.0,Saturday,9,80.5,51.8,9783,79242300.0,HIGH
CRICKET_MATCH,Lahore,27655,1500.0,Monday,10,48.2,72.6,12611,18916500.0,MEDIUM
CRICKET_MATCH,Lahore,28437,1500.0,Monday,12,42.4,64.8,11794,17691000.0,MEDIUM
CRICKET_MATCH,Lahore,33332,2800.0,Tuesday,15,69.7,68.2,17219,48213200.0,MEDIUM
MUSIC_CONCERT,Islamabad,13502,6000.0,Sunday,10,47.7,64.2,6664,39984000.0,MEDIUM
CRICKET_MATCH,Rawalpindi,18368,2600.0,Sunday,14,40.4,82.2,9976,25937600.0,MEDIUM
CRICKET_MATCH,Lahore,37233,2300.0,Wednesday,10,68.7,45.0,17065,39249500.0,MEDIUM
MUSIC_CONCERT,Lahore,17598,6300.0,Wednesday,20,55.9,75.3,7918,49883400.0,MEDIUM
FOOTBALL_MATCH,Lahore,10747,800.0,Wednesday,15,83.4,97.3,6766,5412800.0,HIGH
CRICKET_MATCH,Faisalabad,25562,4400.0,Friday,10,55.1,50.4,12940,56936000.0,MEDIUM
CRICKET_MATCH,Lahore,25139,2000.0,Saturday,11,97.6,81.7,19119,38238000.0,HIGH
MUSIC_FESTIVAL,Rawalpindi,18010,11300.0,Wednesday,17,83.5,39.2,7417,83812100.0,MEDIUM
MUSIC_CONCERT,Islamabad,10704,3200.0,Saturday,21,38.7,42.0,4536,14515200.0,MEDIUM
MUSIC_CONCERT,Karachi,5887,3900.0,Thursday,12,67.6,92.9,3264,12729600.0,HIGH
FOOTBALL_MATCH,Lahore,19975,1200.0,Sunday,22,71.0,22.0,9829,11794800.0,MEDIUM
FOOTBALL_MATCH,Lahore,8059,2500.0,Saturday,13,79.5,37.0,4452,11130000.0,HIGH
MUSIC_FESTIVAL,Islamabad,8544,3500.0,Friday,17,66.9,57.7,4699,16446500.0,MEDIUM
MUSIC_FESTIVAL,Rawalpindi,27448,8900.0,Sunday,15,65.9,51.3,13525,120372500.0,MEDIUM
CRICKET_MATCH,Islamabad,31555,4100.0,Sunday,16,58.5,69.1,17918,73463800.0,HIGH
MUSIC_CONCERT,Karachi,21614,6500.0,Thursday,19,52.4,35.0,7234,47021000.0,LOW
CRICKET_MATCH,Lahore,32813,2400.0,Thursday,11,95.6,25.5,16726,40142400.0,MEDIUM
CRICKET_MATCH,Faisalabad,31333,4400.0,Sunday,19,55.3,48.8,15760,69344000.0,MEDIUM
BOXING,Rawalpindi,3558,4600.0,Wednesday,19,39.1,60.9,1231,5662600.0,LOW
CRICKET_MATCH,Lahore,32684,2600.0,Monday,12,45.7,63.8,13629,35435400.0,MEDIUM
MUSIC_FESTIVAL,Faisalabad,16861,8400.0,Friday,15,89.9,66.9,10542,88552800.0,HIGH
CRICKET_MATCH,Islamabad,35454,4400.0,Sunday,12,72.5,62.8,21361,93988400.0,HIGH
FOOTBALL_MATCH,Karachi,9050,2500.0,Saturday,10,84.8,39.2,5229,13072500.0,HIGH
MUSIC_FESTIVAL,Islamabad,28422,7300.0,Sunday,22,86.8,79.6,18559,135480700.0,HIGH
MUSIC_FESTIVAL,Rawalpindi,29530,10700.0,Saturday,18,87.7,26.8,14787,158220900.0,MEDIUM
CRICKET_MATCH,Islamabad,32292,2200.0,Tuesday,14,70.2,35.5,14237,31321400.0,MEDIUM
CRICKET_MATCH,Lahore,33756,2400.0,Saturday,17,46.3,77.7,18747,44992800.0,HIGH
KABADDI,Karachi,10022,700.0,Saturday,10,44.5,41.8,4467,3126900.0,MEDIUM
CRICKET_MATCH,Peshawar,26336,1900.0,Tuesday,9,71.7,58.5,13329,25325100.0,MEDIUM
MUSIC_FESTIVAL,Lahore,10634,9100.0,Wednesday,16,58.5,45.5,3712,33779200.0,LOW
MUSIC_FESTIVAL,Karachi,15288,7800.0,Monday,9,70.7,59.5,6710,52338000.0,MEDIUM
CRICKET_MATCH,Karachi,26992,2000.0,Saturday,9,66.9,47.0,15079,30158000.0,HIGH
CRICKET_MATCH,Karachi,19485,2500.0,Sunday,11,73.5,97.5,13760,34400000.0,HIGH
CRICKET_MATCH,Islamabad,37207,2400.0,Saturday,13,37.1,47.9,16608,39859200.0,MEDIUM
MUSIC_FESTIVAL,Faisalabad,25056,11900.0,Sunday,21,37.1,68.9,10220,121618000.0,MEDIUM
CRICKET_MATCH,Lahore,30166,4000.0,Monday,20,81.2,89.3,18224,72896000.0,HIGH
CRICKET_MATCH,Lahore,35798,2500.0,Sunday,17,47.4,69.8,19297,48242500.0,MEDIUM
CRICKET_MATCH,Lahore,21894,4200.0,Sunday,19,76.7,64.1,13637,57275400.0,HIGH
KABADDI,Multan,9846,900.0,Thursday,18,70.0,64.4,4888,4399200.0,MEDIUM
CRICKET_MATCH,Islamabad,32481,3400.0,Sunday,10,97.8,58.7,22544,76649600.0,HIGH
CRICKET_MATCH,Lahore,27386,4400.0,Thursday,20,88.5,83.0,16787,73862800.0,HIGH
MUSIC_FESTIVAL,Rawalpindi,26408,6800.0,Sunday,20,61.4,23.9,11143,75772400.0,MEDIUM
MUSIC_FESTIVAL,Multan,25741,9300.0,Sunday,9,74.5,89.0,15868,147572400.0,HIGH
MUSIC_CONCERT,Rawalpindi,18996,4300.0,Saturday,9,42.5,65.7,9300,39990000.0,MEDIUM
CRICKET_MATCH,Peshawar,26048,2100.0,Saturday,16,59.7,86.2,16383,34404300.0,HIGH
CRICKET_MATCH,Lahore,18568,3100.0,Tuesday,18,82.0,20.8,8210,25451000.0,MEDIUM
KABADDI,Rawalpindi,12490,1800.0,Saturday,18,74.9,87.8,8331,14995800.0,HIGH
CRICKET_MATCH,Karachi,19945,2700.0,Friday,18,66.0,29.4,10100,27270000.0,MEDIUM
MUSIC_FESTIVAL,Rawalpindi,24791,11500.0,Sunday,10,46.3,76.3,11495,132192500.0,MEDIUM
KABADDI,Islamabad,10228,1700.0,Saturday,21,86.4,52.5,6368,10825600.0,HIGH
CRICKET_MATCH,Rawalpindi,29945,2000.0,Sunday,17,52.5,73.1,17066,34132000.0,HIGH
MUSIC_FESTIVAL,Islamabad,16805,6900.0,Monday,17,87.5,69.0,8938,61672200.0,MEDIUM
MUSIC_FESTIVAL,Lahore,15131,9000.0,Sunday,10,74.1,32.7,7207,64863000.0,MEDIUM
CRICKET_MATCH,Karachi,20218,2900.0,Sunday,11,58.9,60.1,11224,32549600.0,HIGH
KABADDI,Quetta,13711,600.0,Sunday,10,37.6,41.6,5759,3455400.0,MEDIUM
CRICKET_MATCH,Peshawar,29991,4500.0,Tuesday,14,49.9,63.7,12575,56587500.0,MEDIUM
CRICKET_MATCH,Lahore,30105,3700.0,Tuesday,15,91.9,77.6,18578,68738600.0,HIGH
CRICKET_MATCH,Lahore,34877,2600.0,Monday,20,87.4,26.3,16727,43490200.0,MEDIUM
KABADDI,Lahore,9868,1300.0,Saturday,14,71.8,60.2,5821,7567300.0,HIGH
MUSIC_FESTIVAL,Islamabad,28769,4200.0,Saturday,11,64.8,68.2,16211,68086200.0,HIGH
FOOTBALL_MATCH,Rawalpindi,19526,1600.0,Sunday,20,76.4,43.0,10975,17560000.0,HIGH
CRICKET_MATCH,Lahore,28060,4300.0,Friday,11,64.8,94.3,18325,78797500.0,HIGH
KABADDI,Karachi,11433,1700.0,Thursday,20,76.2,60.6,5769,9807300.0,MEDIUM
CRICKET_MATCH,Rawalpindi,35822,2300.0,Saturday,10,54.7,34.2,17152,39449600.0,MEDIUM
MUSIC_CONCERT,Islamabad,5352,5700.0,Sunday,10,88.7,28.4,2996,17077200.0,HIGH
CRICKET_MATCH,Karachi,26236,3500.0,Sunday,19,79.9,62.2,16659,58306500.0,HIGH
CRICKET_MATCH,Karachi,36764,2300.0,Sunday,20,56.1,49.3,19184,44123200.0,MEDIUM
CRICKET_MATCH,Karachi,22560,1400.0,Friday,13,88.2,35.0,13822,19350800.0,HIGH
MUSIC_CONCERT,Lahore,20583,5500.0,Saturday,19,66.2,22.4,9507,52288500.0,MEDIUM
CRICKET_MATCH,Karachi,33560,3200.0,Sunday,19,46.2,64.2,17307,55382400.0,MEDIUM
MUSIC_CONCERT,Islamabad,8424,2500.0,Friday,16,40.0,66.7,4172,10430000.0,MEDIUM
CRICKET_MATCH,Multan,25847,1500.0,Wednesday,14,79.8,31.1,12167,18250500.0,MEDIUM
CRICKET_MATCH,Islamabad,32195,1900.0,Wednesday,17,90.4,66.9,19228,36533200.0,HIGH
FOOTBALL_MATCH,Rawalpindi,21085,1400.0,Monday,19,86.7,94.3,13290,18606000.0,HIGH
MUSIC_FESTIVAL,Lahore,12797,8100.0,Saturday,13,77.0,96.3,8349,67626900.0,HIGH
MUSIC_FESTIVAL,Karachi,22309,6000.0,Tuesday,18,44.0,89.3,9498,56988000.0,MEDIUM
CRICKET_MATCH,Lahore,37152,2100.0,Wednesday,12,41.0,83.0,16749,35172900.0,MEDIUM
CRICKET_MATCH,Lahore,20407,4100.0,Thursday,17,57.1,36.3,7766,31840600.0,MEDIUM
CRICKET_MATCH,Islamabad,21791,1700.0,Saturday,20,89.7,32.2,13276,22569200.0,HIGH
FOOTBALL_MATCH,Quetta,11293,1600.0,Friday,18,96.6,54.7,7533,12052800.0,HIGH
FOOTBALL_MATCH,Lahore,10846,2400.0,Saturday,19,50.4,68.3,5664,13593600.0,MEDIUM
MUSIC_FESTIVAL,Karachi,14508,8800.0,Monday,22,83.8,86.4,7955,70004000.0,MEDIUM
MUSIC_FESTIVAL,Rawalpindi,22407,9600.0,Tuesday,13,71.7,38.1,8439,81014400.0,MEDIUM
CRICKET_MATCH,Lahore,37695,2600.0,Friday,9,37.0,57.4,17655,45903000.0,MEDIUM
FOOTBALL_MATCH,Karachi,18743,800.0,Thursday,13,69.7,70.5,9582,7665600.0,MEDIUM
MUSIC_CONCERT,Islamabad,13629,6400.0,Thursday,13,86.6,54.8,6994,44761600.0,MEDIUM
MUSIC_CONCERT,Islamabad,4126,6300.0,Monday,13,52.7,55.4,1602,10092600.0,MEDIUM
CRICKET_MATCH,Lahore,27812,1600.0,Sunday,21,92.4,37.6,17620,28192000.0,HIGH
CRICKET_MATCH,Karachi,25694,2700.0,Saturday,10,50.1,97.0,15822,42719400.0,HIGH
CRICKET_MATCH,Rawalpindi,21319,4200.0,Tuesday,21,39.9,57.1,7832,32894400.0,MEDIUM
CRICKET_MATCH,Karachi,26673,1900.0,Monday,14,45.2,61.6,11055,21004500.0,MEDIUM
CRICKET_MATCH,Lahore,23431,2700.0,Sunday,13,88.6,37.0,14297,38601900.0,HIGH
CRICKET_MATCH,Rawalpindi,22378,2700.0,Saturday,10,61.7,60.1,12689,34260300.0,HIGH
KABADDI,Lahore,13169,1600.0,Friday,20,86.0,39.9,7774,12438400.0,HIGH
CRICKET_MATCH,Islamabad,36505,3900.0,Saturday,18,69.0,35.8,19177,74790300.0,MEDIUM
CRICKET_MATCH,Lahore,37519,3700.0,Saturday,22,65.8,41.5,19847,73433900.0,MEDIUM
CRICKET_MATCH,Faisalabad,29012,2400.0,Saturday,16,86.6,20.2,16327,39184800.0,HIGH
MUSIC_CONCERT,Karachi,10490,2900.0,Friday,14,62.1,64.5,5977,17333300.0,HIGH
MUSIC_CONCERT,Karachi,14563,4600.0,Friday,19,86.3,50.2,8927,41064200.0,HIGH
FOOTBALL_MATCH,Lahore,8238,2000.0,Monday,18,41.4,90.1,3672,7344000.0,MEDIUM
CRICKET_MATCH,Karachi,19420,3500.0,Sunday,20,75.7,23.2,10132,35462000.0,MEDIUM
MUSIC_FESTIVAL,Multan,22672,11700.0,Saturday,19,80.0,23.4,10348,121071600.0,MEDIUM
CRICKET_MATCH,Quetta,18340,2700.0,Wednesday,11,92.5,89.1,12013,32435100.0,HIGH
CRICKET_MATCH,Karachi,29542,3300.0,Sunday,17,49.4,29.9,13035,43015500.0,MEDIUM
CRICKET_MATCH,Karachi,25520,3000.0,Sunday,21,73.7,20.2,13021,39063000.0,MEDIUM
CRICKET_MATCH,Islamabad,29185,1700.0,Sunday,19,62.7,34.0,14957,25426900.0,MEDIUM
CRICKET_MATCH,Multan,22987,2700.0,Sunday,19,59.5,84.3,14236,38437200.0,HIGH
MUSIC_FESTIVAL,Karachi,20749,8100.0,Sunday,22,41.8,82.6,10087,81704700.0,MEDIUM
KABADDI,Karachi,10075,1700.0,Wednesday,12,43.6,46.5,3497,5944900.0,LOW
CRICKET_MATCH,Karachi,23412,2400.0,Sunday,11,88.6,72.1,16388,39331200.0,HIGH
MUSIC_FESTIVAL,Islamabad,27862,11800.0,Sunday,15,83.0,59.6,15532,183277600.0,HIGH
CRICKET_MATCH,Lahore,25670,3000.0,Wednesday,20,59.5,90.6,13681,41043000.0,MEDIUM
CRICKET_MATCH,Islamabad,36879,2000.0,Tuesday,21,88.0,24.4,17749,35498000.0,MEDIUM
KABADDI,Karachi,13862,700.0,Sunday,22,40.2,83.4,7396,5177200.0,MEDIUM
KABADDI,Rawalpindi,14052,700.0,Thursday,16,75.0,33.3,6166,4316200.0,MEDIUM
CRICKET_MATCH,Lahore,26323,2700.0,Sunday,15,90.6,50.5,17147,46296900.0,HIGH
CRICKET_MATCH,Karachi,19857,1300.0,Monday,9,88.7,35.0,10232,13301600.0,MEDIUM
KABADDI,Karachi,15434,1100.0,Monday,9,58.9,74.8,7399,8138900.0,MEDIUM
BOXING,Islamabad,6488,5000.0,Friday,21,82.7,72.9,4132,20660000.0,HIGH
KABADDI,Lahore,14863,1400.0,Wednesday,13,62.4,62.7,6840,9576000.0,MEDIUM
CRICKET_MATCH,Karachi,18504,3700.0,Saturday,22,88.8,74.5,12911,47770700.0,HIGH
CRICKET_MATCH,Karachi,25467,1600.0,Saturday,16,69.0,69.9,15956,25529600.0,HIGH
CRICKET_MATCH,Karachi,36540,2800.0,Monday,22,84.0,80.6,21969,61513200.0,HIGH
CRICKET_MATCH,Islamabad,26484,2100.0,Wednesday,18,40.0,38.7,8907,18704700.0,LOW
MUSIC_FESTIVAL,Islamabad,19842,11100.0,Friday,19,72.8,53.5,10096,112065600.0,MEDIUM
FOOTBALL_MATCH,Rawalpindi,12923,1100.0,Wednesday,11,70.2,31.8,5354,5889400.0,MEDIUM
CRICKET_MATCH,Lahore,27251,2700.0,Sunday,16,74.0,53.5,16260,43902000.0,HIGH
MUSIC_CONCERT,Rawalpindi,19920,6000.0,Friday,11,79.5,74.7,12730,76380000.0,HIGH
FOOTBALL_MATCH,Karachi,18495,1700.0,Tuesday,12,93.8,73.9,11168,18985600.0,HIGH
CRICKET_MATCH,Lahore,31319,3900.0,Friday,18,85.3,75.3,21460,83694000.0,HIGH
MUSIC_CONCERT,Lahore,23179,3900.0,Tuesday,15,49.1,44.1,8417,32826300.0,MEDIUM
MUSIC_CONCERT,Karachi,13393,4800.0,Tuesday,11,87.9,71.7,7652,36729600.0,HIGH
BOXING,Rawalpindi,6313,4300.0,Wednesday,12,42.8,48.7,2093,8999900.0,LOW
CRICKET_MATCH,Islamabad,24900,2900.0,Sunday,16,74.8,93.7,17400,50460000.0,HIGH
KABADDI,Rawalpindi,8160,1000.0,Sunday,12,91.5,46.8,5160,5160000.0,HIGH
MUSIC_CONCERT,Karachi,20236,2700.0,Sunday,17,41.5,67.0,10122,27329400.0,MEDIUM
CRICKET_MATCH,Karachi,24221,3700.0,Thursday,12,89.4,78.5,14774,54663800.0,HIGH
CRICKET_MATCH,Lahore,28038,4400.0,Thursday,21,86.1,90.7,17474,76885600.0,HIGH
MUSIC_CONCERT,Karachi,23651,6200.0,Saturday,22,67.2,54.2,12778,79223600.0,MEDIUM
CRICKET_MATCH,Karachi,26255,4000.0,Saturday,12,54.8,48.1,13184,52736000.0,MEDIUM
MUSIC_CONCERT,Lahore,6699,5600.0,Sunday,21,60.9,53.5,3477,19471200.0,MEDIUM
FOOTBALL_MATCH,Lahore,19125,1200.0,Tuesday,13,97.0,45.2,10473,12567600.0,MEDIUM
CRICKET_MATCH,Karachi,33401,1200.0,Monday,9,47.9,71.0,15129,18154800.0,MEDIUM
CRICKET_MATCH,Islamabad,18372,3400.0,Saturday,15,72.1,92.8,12547,42659800.0,HIGH
MUSIC_CONCERT,Quetta,24411,5500.0,Sunday,17,40.3,29.8,9356,51458000.0,MEDIUM
CRICKET_MATCH,Peshawar,32544,3800.0,Sunday,20,48.9,63.8,16944,64387200.0,MEDIUM
KABADDI,Islamabad,8514,1400.0,Saturday,17,83.9,90.0,6037,8451800.0,HIGH
BOXING,Karachi,3931,5000.0,Sunday,9,54.4,27.8,1643,8215000.0,MEDIUM
MUSIC_CONCERT,Islamabad,5990,5600.0,Friday,14,98.1,58.5,4020,22512000.0,HIGH
MUSIC_FESTIVAL,Rawalpindi,28040,7100.0,Sunday,11,67.1,87.5,16831,119500000.0,HIGH
KABADDI,Lahore,15607,900.0,Sunday,12,68.1,90.2,10204,9183600.0,HIGH
CRICKET_MATCH,Karachi,24790,2800.0,Sunday,16,37.3,60.1,11771,32958800.0,MEDIUM
MUSIC_FESTIVAL,Rawalpindi,16553,10900.0,Thursday,12,96.2,21.9,6935,75591500.0,MEDIUM
KABADDI,Karachi,11383,600.0,Wednesday,16,46.2,28.2,3628,2176800.0,LOW
CRICKET_MATCH,Karachi,33575,4400.0,Saturday,12,69.5,65.8,20103,88453200.0,HIGH
CRICKET_MATCH,Karachi,18715,4500.0,Friday,17,60.3,29.7,8858,39861000.0,MEDIUM
MUSIC_CONCERT,Lahore,13837,6100.0,Sunday,14,61.6,31.7,6417,39143700.0,MEDIUM
CRICKET_MATCH,Karachi,35931,2300.0,Tuesday,9,76.2,80.2,20640,47472000.0,HIGH
BOXING,Karachi,8758,2300.0,Thursday,21,77.4,78.6,4816,11076800.0,MEDIUM
FOOTBALL_MATCH,Lahore,15992,1300.0,Saturday,18,44.9,85.7,8840,11492000.0,HIGH
CRICKET_MATCH,Lahore,35035,1400.0,Tuesday,10,67.0,28.2,14581,20413400.0,MEDIUM
KABADDI,Rawalpindi,7050,1100.0,Thursday,15,85.6,35.5,3393,3732300.0,MEDIUM
CRICKET_MATCH,Lahore,31357,1400.0,Friday,18,63.4,85.0,20216,28302400.0,HIGH
CRICKET_MATCH,Karachi,22742,3600.0,Saturday,15,45.6,76.2,12296,44265600.0,MEDIUM
KABADDI,Lahore,11044,1000.0,Tuesday,11,55.0,82.9,5364,5364000.0,MEDIUM
CRICKET_MATCH,Faisalabad,28288,1900.0,Sunday,9,48.6,97.2,17432,33120800.0,HIGH
MUSIC_CONCERT,Lahore,11261,5800.0,Friday,16,43.1,87.4,6032,34985600.0,MEDIUM
MUSIC_CONCERT,Karachi,14846,8300.0,Sunday,21,59.2,60.6,7597,63055100.0,MEDIUM
MUSIC_CONCERT,Multan,22064,6700.0,Friday,21,69.6,44.2,11491,76989700.0,MEDIUM
CRICKET_MATCH,Rawalpindi,27799,2800.0,Thursday,18,39.7,64.4,10969,30713200.0,MEDIUM
CRICKET_MATCH,Lahore,21522,3800.0,Tuesday,22,73.6,69.8,11370,43206000.0,MEDIUM
KABADDI,Rawalpindi,8057,1500.0,Monday,19,98.6,46.2,4464,6696000.0,HIGH
MUSIC_FESTIVAL,Karachi,10721,11100.0,Saturday,19,96.7,80.1,7129,79131900.0,HIGH
MUSIC_CONCERT,Karachi,8821,3700.0,Tuesday,18,88.1,27.2,4133,15292100.0,MEDIUM
MUSIC_CONCERT,Lahore,6563,7700.0,Friday,15,52.0,80.8,3540,27258000.0,MEDIUM
CRICKET_MATCH,Lahore,32559,2200.0,Saturday,18,36.4,22.5,12426,27337200.0,MEDIUM
CRICKET_MATCH,Islamabad,31692,4300.0,Thursday,16,88.3,58.8,17508,75284400.0,HIGH
FOOTBALL_MATCH,Karachi,19804,1300.0,Wednesday,9,38.6,87.2,8573,11144900.0,MEDIUM
CRICKET_MATCH,Karachi,33661,4300.0,Saturday,22,48.2,26.7,14198,61051400.0,MEDIUM
CRICKET_MATCH,Islamabad,18202,4400.0,Sunday,11,69.8,60.4,10673,46961200.0,HIGH
MUSIC_FESTIVAL,Rawalpindi,8941,4700.0,Tuesday,21,46.4,32.4,2696,12671200.0,LOW
CRICKET_MATCH,Lahore,34972,4400.0,Tuesday,10,88.4,89.8,22019,96883600.0,HIGH
CRICKET_MATCH,Islamabad,26762,1500.0,Sunday,9,84.7,84.9,19366,29049000.0,HIGH
CRICKET_MATCH,Lahore,27537,1900.0,Monday,13,83.4,92.8,17506,33261400.0,HIGH
MUSIC_FESTIVAL,Rawalpindi,9642,7300.0,Sunday,11,87.2,88.2,6518,47581400.0,HIGH
KABADDI,Islamabad,7365,1800.0,Monday,18,49.1,77.5,3274,5893200.0,MEDIUM
BOXING,Faisalabad,3008,3200.0,Sunday,16,81.6,34.4,1651,5283200.0,MEDIUM
MUSIC_FESTIVAL,Lahore,24915,8200.0,Thursday,14,57.7,43.6,8660,71012000.0,LOW
CRICKET_MATCH,Lahore,19035,3500.0,Sunday,18,77.7,58.8,11768,41188000.0,HIGH
KABADDI,Lahore,7617,1800.0,Thursday,22,42.8,65.9,2985,5373000.0,MEDIUM
CRICKET_MATCH,Lahore,24722,3800.0,Saturday,17,80.2,81.0,16836,63976800.0,HIGH
CRICKET_MATCH,Lahore,35460,1900.0,Tuesday,17,97.2,37.7,19493,37036700.0,MEDIUM
MUSIC_CONCERT,Peshawar,8015,4300.0,Wednesday,19,37.8,30.0,2266,9743800.0,LOW
MUSIC_CONCERT,Lahore,11129,3100.0,Saturday,14,41.0,57.6,5254,16287400.0,MEDIUM
CRICKET_MATCH,Lahore,20962,3300.0,Friday,10,42.9,32.3,8864,29251200.0,MEDIUM
CRICKET_MATCH,Rawalpindi,22840,1800.0,Sunday,17,62.6,74.1,13970,25146000.0,HIGH
KABADDI,Karachi,6912,800.0,Friday,10,53.6,64.9,3711,2968800.0,MEDIUM
CRICKET_MATCH,Rawalpindi,33337,4100.0,Sunday,11,86.6,77.8,23167,94984700.0,HIGH
CRICKET_MATCH,Lahore,23699,2300.0,Friday,14,65.3,24.9,11739,26999700.0,MEDIUM
CRICKET_MATCH,Karachi,23922,3100.0,Sunday,10,66.0,95.2,15983,49547300.0,HIGH
CRICKET_MATCH,Lahore,32862,2500.0,Sunday,13,80.9,20.0,17751,44377500.0,MEDIUM
MUSIC_CONCERT,Lahore,17598,2900.0,Thursday,10,58.2,45.4,7170,20793000.0,MEDIUM
CRICKET_MATCH,Peshawar,19898,2400.0,Sunday,20,57.6,73.0,11660,27984000.0,HIGH
CRICKET_MATCH,Lahore,37616,2500.0,Sunday,12,83.4,23.5,21001,52502500.0,HIGH
FOOTBALL_MATCH,Karachi,10822,2300.0,Wednesday,19,84.9,26.5,4846,11145800.0,MEDIUM
MUSIC_CONCERT,Karachi,8484,4400.0,Saturday,19,35.9,26.0,3096,13622400.0,MEDIUM
CRICKET_MATCH,Karachi,31052,2500.0,Monday,11,44.2,65.4,12919,32297500.0,MEDIUM
CRICKET_MATCH,Multan,36038,3800.0,Sunday,13,48.6,89.9,21074,80081200.0,HIGH
CRICKET_MATCH,Lahore,34975,3700.0,Wednesday,14,57.5,63.3,15821,58537700.0,MEDIUM
MUSIC_CONCERT,Islamabad,5848,7300.0,Monday,21,53.7,67.1,2423,17687900.0,MEDIUM
KABADDI,Faisalabad,11191,1700.0,Friday,15,77.8,47.0,6453,10970100.0,HIGH
MUSIC_CONCERT,Karachi,17269,7300.0,Saturday,18,88.0,21.5,9133,66670900.0,MEDIUM
MUSIC_FESTIVAL,Peshawar,11041,7000.0,Sunday,16,47.3,21.7,3999,27993000.0,MEDIUM
MUSIC_CONCERT,Lahore,20551,7400.0,Sunday,17,71.0,89.3,13028,96407200.0,HIGH
KABADDI,Karachi,10379,1200.0,Friday,22,58.5,28.0,4777,5732400.0,MEDIUM
FOOTBALL_MATCH,Lahore,15661,1300.0,Monday,12,67.4,98.0,8894,11562200.0,HIGH
CRICKET_MATCH,Islamabad,24967,2200.0,Saturday,12,74.7,32.8,13757,30265400.0,HIGH
MUSIC_FESTIVAL,Quetta,20199,5400.0,Saturday,15,92.2,72.6,13511,72959400.0,HIGH
CRICKET_MATCH,Lahore,33674,1700.0,Friday,20,47.3,94.0,20364,34618800.0,HIGH
CRICKET_MATCH,Islamabad,31531,1800.0,Thursday,18,40.6,48.3,11498,20696400.0,MEDIUM
BOXING,Lahore,7986,1700.0,Friday,18,75.1,77.3,5129,8719300.0,HIGH
CRICKET_MATCH,Karachi,36565,4100.0,Thursday,19,60.2,47.4,15355,62955500.0,MEDIUM
KABADDI,Karachi,15846,1700.0,Saturday,17,45.4,43.8,7085,12044500.0,MEDIUM
KABADDI,Faisalabad,6832,1300.0,Saturday,19,42.5,35.7,2861,3719300.0,MEDIUM
CRICKET_MATCH,Islamabad,32210,4000.0,Sunday,10,70.8,84.0,20997,83988000.0,HIGH
MUSIC_CONCERT,Karachi,21405,3600.0,Saturday,21,54.2,40.1,10153,36550800.0,MEDIUM
CRICKET_MATCH,Lahore,28185,4200.0,Wednesday,19,98.8,42.1,15523,65196600.0,HIGH
CRICKET_MATCH,Lahore,21492,2900.0,Sunday,14,61.0,97.9,14132,40982800.0,HIGH
KABADDI,Lahore,15086,600.0,Saturday,18,48.6,45.5,7106,4263600.0,MEDIUM
BOXING,Lahore,4515,2000.0,Wednesday,18,75.2,53.0,2166,4332000.0,MEDIUM
MUSIC_CONCERT,Multan,15862,4400.0,Saturday,16,50.6,97.2,9486,41738400.0,HIGH
CRICKET_MATCH,Karachi,18288,1300.0,Friday,21,66.6,48.8,10367,13477100.0,HIGH
KABADDI,Karachi,13816,900.0,Sunday,13,65.9,48.6,7482,6733800.0,MEDIUM
CRICKET_MATCH,Lahore,19076,1400.0,Friday,13,64.0,84.6,12322,17250800.0,HIGH
MUSIC_FESTIVAL,Multan,23564,5500.0,Saturday,16,85.9,44.3,13522,74371000.0,HIGH
CRICKET_MATCH,Islamabad,19371,2100.0,Tuesday,9,48.9,38.2,7137,14987700.0,MEDIUM
MUSIC_CONCERT,Lahore,5074,8500.0,Friday,14,92.9,53.0,3134,26639000.0,HIGH
CRICKET_MATCH,Islamabad,22934,2000.0,Sunday,18,85.6,74.6,16003,32006000.0,HIGH
CRICKET_MATCH,Karachi,18039,2000.0,Sunday,21,56.3,23.4,8296,16592000.0,MEDIUM
FOOTBALL_MATCH,Lahore,12274,2000.0,Tuesday,17,46.6,49.2,4456,8912000.0,MEDIUM
MUSIC_CONCERT,Karachi,20566,7700.0,Thursday,20,52.9,47.0,7367,56725900.0,MEDIUM
FOOTBALL_MATCH,Karachi,17951,1500.0,Thursday,14,56.3,39.1,6779,10168500.0,MEDIUM
MUSIC_FESTIVAL,Lahore,13496,10900.0,Saturday,15,70.6,71.0,7365,80278500.0,MEDIUM
FOOTBALL_MATCH,Faisalabad,20992,1400.0,Saturday,12,38.0,42.6,8784,12297600.0,MEDIUM
FOOTBALL_MATCH,Rawalpindi,16688,1100.0,Saturday,20,93.5,67.3,11521,12673100.0,HIGH
CRICKET_MATCH,Islamabad,20508,2300.0,Friday,18,41.3,59.3,10076,23174800.0,MEDIUM
MUSIC_CONCERT,Karachi,16018,6200.0,Sunday,9,52.9,36.9,7102,44032400.0,MEDIUM
CRICKET_MATCH,Karachi,26072,2400.0,Friday,17,42.0,40.8,11654,27969600.0,MEDIUM
MUSIC_CONCERT,Islamabad,17348,6500.0,Tuesday,20,51.4,33.3,5667,36835500.0,LOW
MUSIC_FESTIVAL,Karachi,21910,5500.0,Saturday,14,88.6,24.4,11705,64377500.0,MEDIUM
MUSIC_FESTIVAL,Lahore,21952,9500.0,Sunday,11,74.4,68.3,12358,117401000.0,HIGH
FOOTBALL_MATCH,Karachi,8318,1400.0,Sunday,12,49.5,72.5,4461,6245400.0,MEDIUM
BOXING,Rawalpindi,6626,3100.0,Saturday,18,90.8,32.9,3846,11922600.0,HIGH
MUSIC_CONCERT,Karachi,22787,5800.0,Saturday,20,86.2,68.0,14784,85747200.0,HIGH
CRICKET_MATCH,Lahore,31982,3500.0,Sunday,14,83.2,96.6,23454,82089000.0,HIGH
KABADDI,Rawalpindi,6728,800.0,Friday,14,89.2,25.8,3853,3082400.0,HIGH
CRICKET_MATCH,Lahore,19287,4000.0,Thursday,20,74.7,58.2,9682,38728000.0,MEDIUM
FOOTBALL_MATCH,Lahore,12001,2000.0,Sunday,17,67.1,77.2,7319,14638000.0,HIGH
CRICKET_MATCH,Lahore,26752,2000.0,Sunday,12,58.9,23.6,12578,25156000.0,MEDIUM
CRICKET_MATCH,Karachi,19375,4400.0,Thursday,13,49.3,80.7,8917,39234800.0,MEDIUM
CRICKET_MATCH,Rawalpindi,32970,3400.0,Friday,13,70.7,96.4,22640,76976000.0,HIGH
CRICKET_MATCH,Karachi,30078,2700.0,Friday,11,91.9,26.9,17965,48505500.0,HIGH
KABADDI,Lahore,6024,700.0,Tuesday,10,73.0,84.1,3363,2354100.0,HIGH
CRICKET_MATCH,Multan,35538,3000.0,Sunday,16,93.9,49.5,23427,70281000.0,HIGH
FOOTBALL_MATCH,Multan,20657,1100.0,Friday,18,57.8,31.2,9632,10595200.0,MEDIUM
CRICKET_MATCH,Multan,35843,2600.0,Sunday,17,79.5,58.5,22599,58757400.0,HIGH
KABADDI,Lahore,11107,1000.0,Wednesday,18,76.5,25.6,4699,4699000.0,MEDIUM
KABADDI,Karachi,10706,1400.0,Saturday,19,77.9,60.7,6566,9192400.0,HIGH
KABADDI,Quetta,15412,800.0,Monday,21,76.3,21.5,6373,5098400.0,MEDIUM
MUSIC_CONCERT,Rawalpindi,22540,7400.0,Saturday,17,49.2,76.8,11742,86890800.0,MEDIUM
CRICKET_MATCH,Lahore,23979,2300.0,Saturday,22,44.2,58.1,11970,27531000.0,MEDIUM
MUSIC_CONCERT,Lahore,11943,5200.0,Saturday,13,97.6,55.8,7945,41314000.0,HIGH
CRICKET_MATCH,Karachi,26911,3700.0,Monday,19,37.9,35.3,8311,30750700.0,LOW
FOOTBALL_MATCH,Peshawar,15486,1900.0,Wednesday,17,64.9,48.2,6657,12648300.0,MEDIUM
KABADDI,Karachi,7105,900.0,Monday,12,62.2,34.2,2783,2504700.0,MEDIUM
CRICKET_MATCH,Karachi,21769,2500.0,Thursday,10,58.0,77.4,10837,27092500.0,MEDIUM
BOXING,Lahore,5479,2600.0,Saturday,11,85.0,35.5,3115,8099000.0,HIGH
KABADDI,Islamabad,10731,1300.0,Saturday,9,82.7,68.1,6981,9075300.0,HIGH
CRICKET_MATCH,Rawalpindi,29361,2300.0,Saturday,13,92.9,41.8,18822,43290600.0,HIGH
CRICKET_MATCH,Karachi,34087,3600.0,Saturday,9,60.3,71.2,19883,71578800.0,HIGH
CRICKET_MATCH,Rawalpindi,21172,3100.0,Thursday,20,71.1,62.2,10687,33129700.0,MEDIUM
MUSIC_FESTIVAL,Faisalabad,22041,4700.0,Wednesday,19,92.1,53.0,11558,54322600.0,MEDIUM
BOXING,Lahore,9510,2600.0,Tuesday,9,98.6,72.5,5821,15134600.0,HIGH
CRICKET_MATCH,Karachi,25068,1900.0,Sunday,22,97.0,52.4,17190,32661000.0,HIGH
CRICKET_MATCH,Lahore,24557,2500.0,Saturday,19,80.9,84.1,17200,43000000.0,HIGH
KABADDI,Rawalpindi,9330,1200.0,Wednesday,19,44.2,76.9,4001,4801200.0,MEDIUM
MUSIC_CONCERT,Karachi,10022,5500.0,Wednesday,21,36.5,62.2,3508,19294000.0,MEDIUM
CRICKET_MATCH,Islamabad,30643,3700.0,Sunday,15,87.8,88.4,22330,82621000.0,HIGH
CRICKET_MATCH,Rawalpindi,20058,1800.0,Saturday,10,88.8,84.7,14771,26587800.0,HIGH
MUSIC_CONCERT,Karachi,22254,8200.0,Saturday,16,82.8,61.5,13422,110060400.0,HIGH
CRICKET_MATCH,Peshawar,21621,2300.0,Friday,14,52.9,25.3,9726,22369800.0,MEDIUM
CRICKET_MATCH,Karachi,27337,2200.0,Thursday,12,75.9,64.1,14592,32102400.0,MEDIUM
MUSIC_FESTIVAL,Lahore,11991,9300.0,Sunday,17,55.2,47.7,5286,49159800.0,MEDIUM
KABADDI,Islamabad,14316,1500.0,Sunday,18,63.8,62.1,8063,12094500.0,HIGH
CRICKET_MATCH,Rawalpindi,26503,2400.0,Thursday,16,59.5,70.5,12904,30969600.0,MEDIUM
CRICKET_MATCH,Karachi,35158,3700.0,Sunday,21,93.5,70.3,24781,91689700.0,HIGH
CRICKET_MATCH,Multan,33337,4100.0,Saturday,18,50.0,72.5,18150,74415000.0,MEDIUM
CRICKET_MATCH,Peshawar,29112,3700.0,Thursday,11,72.0,73.0,15458,57194600.0,MEDIUM
MUSIC_CONCERT,Lahore,17761,2700.0,Friday,11,58.1,28.5,8280,22356000.0,MEDIUM
CRICKET_MATCH,Quetta,28023,3900.0,Wednesday,12,77.4,35.0,12746,49709400.0,MEDIUM
MUSIC_CONCERT,Lahore,12885,7100.0,Tuesday,22,71.1,69.2,6264,44474400.0,MEDIUM
MUSIC_FESTIVAL,Lahore,29662,9200.0,Saturday,17,94.1,51.8,17728,163097600.0,HIGH
CRICKET_MATCH,Lahore,19376,3700.0,Thursday,17,41.5,79.5,8387,31031900.0,MEDIUM
CRICKET_MATCH,Multan,23939,4400.0,Sunday,13,49.1,29.7,10341,45500400.0,MEDIUM
FOOTBALL_MATCH,Islamabad,17181,1500.0,Sunday,20,84.0,34.9,9810,14715000.0,HIGH
MUSIC_FESTIVAL,Lahore,10846,4100.0,Monday,17,58.6,63.6,4658,19097800.0,MEDIUM
MUSIC_CONCERT,Karachi,10817,5300.0,Friday,14,45.6,59.1,5168,27390400.0,MEDIUM
CRICKET_MATCH,Islamabad,25430,1400.0,Sunday,16,67.2,40.8,13947,19525800.0,MEDIUM
BOXING,Lahore,4752,2500.0,Sunday,19,76.7,51.9,2752,6880000.0,HIGH
KABADDI,Multan,7716,1300.0,Saturday,16,37.9,22.7,2847,3701100.0,MEDIUM
MUSIC_FESTIVAL,Rawalpindi,14780,6100.0,Thursday,20,53.7,22.9,4366,26632600.0,LOW
CRICKET_MATCH,Karachi,21331,3500.0,Friday,18,86.8,27.4,12241,42843500.0,HIGH
KABADDI,Faisalabad,15081,1600.0,Saturday,15,68.3,65.0,8848,14156800.0,HIGH
MUSIC_CONCERT,Karachi,21762,5000.0,Sunday,12,37.3,87.4,11305,56525000.0,MEDIUM
CRICKET_MATCH,Quetta,22275,4200.0,Thursday,12,53.0,40.3,8342,35036400.0,MEDIUM
FOOTBALL_MATCH,Islamabad,13538,900.0,Sunday,14,75.9,22.6,6959,6263100.0,MEDIUM
CRICKET_MATCH,Islamabad,28556,4000.0,Thursday,22,47.8,75.3,12676,50704000.0,MEDIUM
CRICKET_MATCH,Lahore,31555,3900.0,Sunday,17,88.0,86.7,22841,89079900.0,HIGH
CRICKET_MATCH,Multan,34615,2300.0,Saturday,15,78.3,30.8,19344,44491200.0,HIGH
MUSIC_FESTIVAL,Karachi,18004,6000.0,Friday,13,65.2,50.1,9133,54798000.0,MEDIUM
CRICKET_MATCH,Lahore,23422,2200.0,Saturday,13,93.6,32.4,14542,31992400.0,HIGH
FOOTBALL_MATCH,Lahore,12426,2200.0,Thursday,16,60.1,28.3,4474,9842800.0,MEDIUM
BOXING,Karachi,7656,4400.0,Thursday,14,50.0,70.6,3159,13899600.0,MEDIUM
CRICKET_MATCH,Karachi,29188,2300.0,Tuesday,9,77.3,95.5,18004,41409200.0,HIGH
FOOTBALL_MATCH,Islamabad,8247,1800.0,Tuesday,9,71.7,72.9,4270,7686000.0,MEDIUM
MUSIC_CONCERT,Multan,24762,3300.0,Thursday,17,56.5,96.8,13044,43045200.0,MEDIUM
MUSIC_CONCERT,Lahore,17598,5300.0,Saturday,16,57.0,53.9,8931,47334300.0,MEDIUM
KABADDI,Islamabad,9741,1800.0,Saturday,14,60.5,90.0,6025,10845000.0,HIGH
BOXING,Lahore,7625,2100.0,Tuesday,21,53.6,36.0,2711,5693100.0,MEDIUM
CRICKET_MATCH,Multan,34446,4300.0,Sunday,9,80.5,29.2,18917,81343100.0,MEDIUM
MUSIC_FESTIVAL,Rawalpindi,28607,10500.0,Saturday,22,76.7,74.8,16617,174478500.0,HIGH
CRICKET_MATCH,Karachi,19551,4400.0,Sunday,10,63.2,49.0,10423,45861200.0,MEDIUM
MUSIC_CONCERT,Islamabad,10306,3600.0,Saturday,18,60.5,44.8,5253,18910800.0,MEDIUM
CRICKET_MATCH,Karachi,21005,1900.0,Wednesday,11,58.4,72.4,10313,19594700.0,MEDIUM
MUSIC_FESTIVAL,Karachi,11322,3600.0,Friday,18,53.1,46.0,5302,19087200.0,MEDIUM
MUSIC_CONCERT,Rawalpindi,20008,6800.0,Saturday,20,40.5,64.7,9248,62886400.0,MEDIUM
MUSIC_CONCERT,Karachi,11997,6400.0,Monday,11,52.2,43.4,4267,27308800.0,MEDIUM
CRICKET_MATCH,Karachi,30466,1800.0,Monday,10,55.6,81.1,15322,27579600.0,MEDIUM
CRICKET_MATCH,Karachi,30516,3800.0,Tuesday,20,70.1,44.4,13783,52375400.0,MEDIUM
KABADDI,Rawalpindi,6882,900.0,Thursday,10,84.5,61.7,3744,3369600.0,MEDIUM
MUSIC_CONCERT,Karachi,4393,3300.0,Friday,14,60.3,21.8,1992,6573600.0,MEDIUM
CRICKET_MATCH,Lahore,20739,2600.0,Friday,15,95.5,81.8,15528,40372800.0,HIGH
MUSIC_FESTIVAL,Islamabad,12167,4300.0,Tuesday,12,88.0,68.4,6696,28792800.0,HIGH
MUSIC_CONCERT,Rawalpindi,24797,4100.0,Saturday,9,98.0,35.0,15433,63275300.0,HIGH
CRICKET_MATCH,Lahore,31194,2400.0,Saturday,14,91.1,36.8,19375,46500000.0,HIGH
MUSIC_CONCERT,Lahore,8231,7600.0,Thursday,15,74.5,40.5,3487,26501200.0,MEDIUM
FOOTBALL_MATCH,Lahore,10777,2100.0,Monday,12,73.3,65.0,5410,11361000.0,MEDIUM
FOOTBALL_MATCH,Karachi,19884,1600.0,Monday,14,43.3,62.8,7704,12326400.0,MEDIUM
CRICKET_MATCH,Karachi,19401,3600.0,Friday,17,81.2,41.4,11392,41011200.0,HIGH
KABADDI,Islamabad,14086,1200.0,Tuesday,12,73.4,74.1,7484,8980800.0,MEDIUM
MUSIC_CONCERT,Islamabad,4905,4500.0,Friday,20,67.4,89.3,3142,14139000.0,HIGH
CRICKET_MATCH,Islamabad,18529,3600.0,Saturday,22,79.4,23.4,9921,35715600.0,MEDIUM
KABADDI,Karachi,14011,1400.0,Saturday,18,63.4,52.5,7544,10561600.0,MEDIUM
BOXING,Rawalpindi,9809,3700.0,Wednesday,12,68.5,66.3,4670,17279000.0,MEDIUM
MUSIC_CONCERT,Karachi,8618,6200.0,Thursday,18,60.5,65.7,3826,23721200.0,MEDIUM
CRICKET_MATCH,Faisalabad,37005,3500.0,Saturday,20,80.9,21.5,19871,69548500.0,MEDIUM
MUSIC_CONCERT,Islamabad,20956,4800.0,Sunday,13,91.1,36.4,12471,59860800.0,HIGH
FOOTBALL_MATCH,Lahore,8643,2300.0,Saturday,11,88.8,24.8,4824,11095200.0,HIGH
CRICKET_MATCH,Islamabad,32908,1700.0,Saturday,18,85.3,64.4,22155,37663500.0,HIGH
CRICKET_MATCH,Karachi,25013,4100.0,Friday,10,35.9,70.3,12158,49847800.0,MEDIUM
FOOTBALL_MATCH,Islamabad,17484,1400.0,Friday,17,93.4,32.5,10507,14709800.0,HIGH
MUSIC_CONCERT,Lahore,15787,3300.0,Sunday,21,52.6,46.0,7659,25274700.0,MEDIUM
CRICKET_MATCH,Lahore,30834,3200.0,Monday,9,91.8,45.7,16664,53324800.0,MEDIUM
MUSIC_CONCERT,Multan,9605,4800.0,Sunday,13,47.6,83.9,5290,25392000.0,HIGH
CRICKET_MATCH,Lahore,28677,3900.0,Saturday,13,63.1,35.2,14387,56109300.0,MEDIUM
FOOTBALL_MATCH,Rawalpindi,13682,1500.0,Saturday,16,83.0,62.8,8715,13072500.0,HIGH
MUSIC_FESTIVAL,Lahore,24938,9200.0,Monday,14,76.0,81.1,12545,115414000.0,MEDIUM
MUSIC_CONCERT,Islamabad,18051,4300.0,Saturday,14,61.6,84.7,10988,47248400.0,HIGH
CRICKET_MATCH,Islamabad,37777,1900.0,Friday,14,78.4,72.0,25121,47729900.0,HIGH
FOOTBALL_MATCH,Karachi,18766,1500.0,Tuesday,12,70.1,43.4,8259,12388500.0,MEDIUM
CRICKET_MATCH,Karachi,28416,3200.0,Thursday,9,52.6,84.2,13915,44528000.0,MEDIUM
CRICKET_MATCH,Lahore,33009,3400.0,Sunday,11,76.4,77.9,21846,74276400.0,HIGH
MUSIC_CONCERT,Lahore,24952,6000.0,Saturday,21,48.1,74.9,13020,78120000.0,MEDIUM
MUSIC_CONCERT,Karachi,17874,8400.0,Friday,21,79.4,25.3,8910,74844000.0,MEDIUM
CRICKET_MATCH,Islamabad,27185,3500.0,Monday,18,35.2,23.4,7350,25725000.0,LOW
MUSIC_FESTIVAL,Peshawar,27843,11400.0,Saturday,20,70.1,74.2,15268,174055200.0,MEDIUM
KABADDI,Multan,7121,700.0,Saturday,19,60.7,93.7,4530,3171000.0,HIGH
CRICKET_MATCH,Rawalpindi,34439,1400.0,Saturday,14,54.4,80.4,20644,28901600.0,HIGH
FOOTBALL_MATCH,Rawalpindi,17948,1300.0,Friday,13,68.0,84.9,11440,14872000.0,HIGH
KABADDI,Islamabad,14849,700.0,Friday,18,76.3,62.5,9157,6409900.0,HIGH
KABADDI,Lahore,14451,1200.0,Saturday,9,96.8,43.8,9297,11156400.0,HIGH
FOOTBALL_MATCH,Peshawar,12736,1700.0,Wednesday,13,88.3,72.9,7396,12573200.0,HIGH
FOOTBALL_MATCH,Islamabad,10609,1800.0,Sunday,10,80.9,75.5,6989,12580200.0,HIGH
CRICKET_MATCH,Karachi,32675,3700.0,Saturday,9,65.7,72.7,19821,73337700.0,HIGH
MUSIC_CONCERT,Lahore,7909,8300.0,Thursday,12,60.1,93.8,3939,32693700.0,MEDIUM
KABADDI,Karachi,6403,1600.0,Friday,14,37.1,48.6,2745,4392000.0,MEDIUM
CRICKET_MATCH,Karachi,32867,1600.0,Sunday,15,58.0,23.1,15392,24627200.0,MEDIUM
MUSIC_CONCERT,Multan,4794,4500.0,Wednesday,17,89.3,90.9,3004,13518000.0,HIGH
MUSIC_FESTIVAL,Karachi,25945,5700.0,Thursday,13,59.6,32.5,8934,50923800.0,LOW
MUSIC_FESTIVAL,Karachi,23369,5000.0,Saturday,16,64.5,74.4,13375,66875000.0,HIGH
CRICKET_MATCH,Faisalabad,28833,3000.0,Thursday,16,52.4,88.1,14419,43257000.0,MEDIUM
CRICKET_MATCH,Lahore,28856,3000.0,Sunday,19,52.5,44.2,14160,42480000.0,MEDIUM
FOOTBALL_MATCH,Karachi,14795,1200.0,Tuesday,17,39.0,84.8,6348,7617600.0,MEDIUM
CRICKET_MATCH,Lahore,23492,3500.0,Saturday,11,74.3,45.9,13466,47131000.0,HIGH
MUSIC_FESTIVAL,Islamabad,23794,9700.0,Monday,11,63.7,82.0,10842,105167400.0,MEDIUM
CRICKET_MATCH,Peshawar,28149,1300.0,Monday,17,73.8,25.4,12256,15932800.0,MEDIUM
CRICKET_MATCH,Lahore,22999,2500.0,Sunday,15,70.0,71.1,14422,36055000.0,HIGH
CRICKET_MATCH,Multan,23197,4100.0,Saturday,12,86.1,72.8,15787,64726700.0,HIGH
CRICKET_MATCH,Lahore,21562,2900.0,Friday,9,83.1,58.3,13830,40107000.0,HIGH
MUSIC_CONCERT,Peshawar,22078,4600.0,Wednesday,15,84.4,73.6,12461,57320600.0,HIGH
FOOTBALL_MATCH,Rawalpindi,8855,1200.0,Saturday,18,67.0,92.0,5774,6928800.0,HIGH
CRICKET_MATCH,Rawalpindi,27487,2000.0,Friday,14,57.6,77.2,16472,32944000.0,HIGH
CRICKET_MATCH,Lahore,21621,1500.0,Sunday,11,94.7,95.0,17002,25503000.0,HIGH
FOOTBALL_MATCH,Faisalabad,12206,2200.0,Sunday,22,38.5,55.0,5441,11970200.0,MEDIUM
CRICKET_MATCH,Islamabad,19038,1500.0,Saturday,13,44.8,61.2,9800,14700000.0,MEDIUM
KABADDI,Karachi,10596,900.0,Friday,11,61.9,40.6,5367,4830300.0,MEDIUM
KABADDI,Rawalpindi,10513,600.0,Friday,16,74.3,96.9,7316,4389600.0,HIGH
MUSIC_CONCERT,Lahore,18151,7200.0,Saturday,13,35.5,24.3,6166,44395200.0,LOW
MUSIC_FESTIVAL,Multan,12370,3800.0,Tuesday,18,81.0,48.0,5895,22401000.0,MEDIUM
MUSIC_FESTIVAL,Lahore,29700,6100.0,Thursday,18,70.8,43.2,12186,74334600.0,MEDIUM
MUSIC_FESTIVAL,Islamabad,11447,8400.0,Monday,14,66.0,50.1,4505,37842000.0,MEDIUM
CRICKET_MATCH,Karachi,37816,2600.0,Monday,10,62.1,91.6,20723,53879800.0,MEDIUM
CRICKET_MATCH,Lahore,33903,2100.0,Wednesday,16,68.2,48.7,15836,33255600.0,MEDIUM
CRICKET_MATCH,Lahore,33326,2100.0,Friday,17,45.4,91.5,19615,41191500.0,HIGH
MUSIC_CONCERT,Lahore,18056,7300.0,Sunday,11,42.0,53.0,7857,57356100.0,MEDIUM
MUSIC_FESTIVAL,Karachi,13229,11800.0,Friday,21,53.5,86.7,6808,80334400.0,MEDIUM
MUSIC_CONCERT,Karachi,6241,4600.0,Thursday,14,80.4,60.7,3227,14844200.0,MEDIUM
CRICKET_MATCH,Karachi,25818,1300.0,Tuesday,14,72.7,44.3,12354,16060200.0,MEDIUM
MUSIC_FESTIVAL,Lahore,14998,3800.0,Saturday,10,65.7,55.0,8049,30586200.0,MEDIUM
CRICKET_MATCH,Lahore,28155,3700.0,Thursday,18,71.6,53.1,13507,49975900.0,MEDIUM
CRICKET_MATCH,Islamabad,24444,3000.0,Saturday,16,70.8,40.3,13434,40302000.0,MEDIUM
CRICKET_MATCH,Lahore,21015,3800.0,Sunday,13,54.7,42.6,10285,39083000.0,MEDIUM
CRICKET_MATCH,Peshawar,32903,3500.0,Tuesday,19,41.2,34.5,10549,36921500.0,LOW
KABADDI,Multan,12815,1700.0,Wednesday,19,92.4,46.2,6784,11532800.0,MEDIUM
CRICKET_MATCH,Islamabad,22864,4100.0,Friday,16,73.4,68.7,14237,58371700.0,HIGH
FOOTBALL_MATCH,Karachi,17676,2100.0,Sunday,22,79.7,50.2,10410,21861000.0,HIGH
KABADDI,Multan,10234,1100.0,Saturday,21,64.7,75.6,6173,6790300.0,HIGH
MUSIC_CONCERT,Lahore,18147,4300.0,Sunday,22,83.4,97.0,13088,56278400.0,HIGH
BOXING,Lahore,5339,3300.0,Thursday,16,72.4,49.4,2409,7949700.0,MEDIUM
CRICKET_MATCH,Lahore,26526,2900.0,Sunday,20,38.4,56.1,12422,36023800.0,MEDIUM
MUSIC_CONCERT,Rawalpindi,10842,6200.0,Tuesday,11,92.0,32.8,5202,32252400.0,MEDIUM
MUSIC_FESTIVAL,Lahore,9858,5100.0,Monday,13,54.6,50.6,3697,18854700.0,MEDIUM
CRICKET_MATCH,Karachi,19207,3400.0,Sunday,15,43.8,76.7,10306,35040400.0,MEDIUM
KABADDI,Quetta,6924,1100.0,Sunday,13,40.6,37.0,2882,3170200.0,MEDIUM
CRICKET_MATCH,Multan,37329,3200.0,Tuesday,14,81.1,34.2,17603,56329600.0,MEDIUM
CRICKET_MATCH,Karachi,23429,2000.0,Tuesday,10,80.1,49.4,12046,24092000.0,MEDIUM
BOXING,Lahore,7439,3000.0,Monday,16,79.8,83.9,4220,12660000.0,HIGH
MUSIC_CONCERT,Rawalpindi,11591,3800.0,Tuesday,13,93.6,68.6,6861,26071800.0,HIGH
CRICKET_MATCH,Karachi,30944,4100.0,Wednesday,14,57.3,94.7,16317,66899700.0,MEDIUM
MUSIC_CONCERT,Lahore,9892,5400.0,Sunday,9,70.9,90.6,6437,34759800.0,HIGH
MUSIC_CONCERT,Lahore,15777,3800.0,Saturday,18,74.6,31.8,8341,31695800.0,MEDIUM
MUSIC_FESTIVAL,Peshawar,13945,3900.0,Saturday,10,97.7,23.3,8042,31363800.0,HIGH
CRICKET_MATCH,Islamabad,25691,3400.0,Saturday,19,55.0,51.1,13219,44944600.0,MEDIUM
MUSIC_FESTIVAL,Rawalpindi,20548,5300.0,Saturday,12,96.2,60.7,13456,71316800.0,HIGH
CRICKET_MATCH,Multan,31673,4500.0,Sunday,19,44.5,60.2,15529,69880500.0,MEDIUM
KABADDI,Karachi,10027,1200.0,Saturday,17,83.9,30.5,5632,6758400.0,HIGH
CRICKET_MATCH,Karachi,30456,2200.0,Thursday,14,75.5,29.7,13591,29900200.0,MEDIUM
CRICKET_MATCH,Karachi,22295,3400.0,Saturday,16,87.3,23.7,12645,42993000.0,HIGH
MUSIC_CONCERT,Karachi,16869,4200.0,Saturday,10,36.8,86.4,8783,36888600.0,MEDIUM
CRICKET_MATCH,Karachi,22661,3900.0,Sunday,18,40.0,93.9,12732,49654800.0,HIGH
CRICKET_MATCH,Rawalpindi,32730,2200.0,Sunday,13,39.5,29.0,13403,29486600.0,MEDIUM
CRICKET_MATCH,Islamabad,30034,4500.0,Friday,20,72.9,36.6,16152,72684000.0,MEDIUM
BOXING,Multan,5398,3600.0,Saturday,20,73.6,27.0,2686,9669600.0,MEDIUM
CRICKET_MATCH,Karachi,34411,4000.0,Tuesday,21,93.0,88.4,22234,88936000.0,HIGH
MUSIC_CONCERT,Islamabad,16142,2900.0,Saturday,9,64.9,94.8,10590,30711000.0,HIGH
CRICKET_MATCH,Islamabad,19898,2300.0,Friday,12,39.4,40.4,8694,19996200.0,MEDIUM
CRICKET_MATCH,Karachi,30919,3600.0,Monday,18,48.4,43.7,11437,41173200.0,MEDIUM
CRICKET_MATCH,Islamabad,25300,3400.0,Friday,9,35.5,48.3,10991,37369400.0,MEDIUM
FOOTBALL_MATCH,Lahore,10427,1100.0,Saturday,19,84.7,59.2,6644,7308400.0,HIGH
CRICKET_MATCH,Karachi,19625,2400.0,Tuesday,19,87.2,73.2,11726,28142400.0,HIGH
CRICKET_MATCH,Lahore,28767,2100.0,Sunday,17,98.9,59.3,20387,42812700.0,HIGH
MUSIC_FESTIVAL,Karachi,26420,8700.0,Monday,10,61.4,94.2,12800,111360000.0,MEDIUM
KABADDI,Karachi,15502,900.0,Sunday,15,36.2,27.8,5862,5275800.0,MEDIUM
CRICKET_MATCH,Islamabad,21355,2200.0,Saturday,11,50.0,82.3,12432,27350400.0,HIGH
CRICKET_MATCH,Faisalabad,32053,1900.0,Thursday,22,72.6,46.1,15336,29138400.0,MEDIUM
MUSIC_CONCERT,Islamabad,24104,5000.0,Friday,10,96.6,49.4,15592,77960000.0,HIGH
CRICKET_MATCH,Islamabad,22902,1800.0,Saturday,21,41.6,75.3,12274,22093200.0,MEDIUM
CRICKET_MATCH,Karachi,33786,4400.0,Saturday,12,42.8,92.5,19101,84044400.0,HIGH
MUSIC_CONCERT,Islamabad,14266,3400.0,Saturday,15,79.9,75.9,9438,32089200.0,HIGH
KABADDI,Lahore,11236,1700.0,Friday,15,77.7,80.5,7416,12607200.0,HIGH
KABADDI,Lahore,14280,1100.0,Friday,17,51.0,78.6,7986,8784600.0,HIGH
CRICKET_MATCH,Karachi,32954,2400.0,Sunday,20,87.0,45.0,20637,49528800.0,HIGH
CRICKET_MATCH,Karachi,29996,2000.0,Wednesday,21,43.2,79.0,13492,26984000.0,MEDIUM
KABADDI,Lahore,14313,1300.0,Friday,11,94.2,81.2,10397,13516100.0,HIGH
CRICKET_MATCH,Lahore,32205,3500.0,Thursday,15,47.9,61.6,13316,46606000.0,MEDIUM
FOOTBALL_MATCH,Lahore,12961,1600.0,Saturday,14,40.2,61.9,6138,9820800.0,MEDIUM
KABADDI,Faisalabad,6032,600.0,Saturday,18,56.7,79.3,3534,2120400.0,HIGH
CRICKET_MATCH,Karachi,22698,4200.0,Thursday,15,47.0,83.7,10452,43898400.0,MEDIUM
MUSIC_FESTIVAL,Karachi,16887,11800.0,Tuesday,15,68.7,46.3,6258,73844400.0,MEDIUM
MUSIC_CONCERT,Lahore,24225,5100.0,Monday,18,79.0,82.5,13637,69548700.0,HIGH
MUSIC_CONCERT,Islamabad,12716,6200.0,Friday,13,66.4,83.5,7763,48130600.0,HIGH
CRICKET_MATCH,Lahore,31335,2700.0,Friday,17,77.3,38.3,17894,48313800.0,HIGH
CRICKET_MATCH,Lahore,24177,2300.0,Sunday,15,58.4,75.9,14432,33193600.0,HIGH
FOOTBALL_MATCH,Karachi,16438,900.0,Friday,15,36.8,34.5,6529,5876100.0,MEDIUM
CRICKET_MATCH,Lahore,21926,2700.0,Thursday,20,97.3,27.3,11370,30699000.0,MEDIUM
MUSIC_FESTIVAL,Lahore,23378,10500.0,Sunday,22,87.4,64.8,13933,146296500.0,HIGH
CRICKET_MATCH,Lahore,28288,1300.0,Friday,11,39.7,90.9,16160,21008000.0,HIGH
FOOTBALL_MATCH,Lahore,18154,1800.0,Saturday,9,63.7,22.8,8397,15114600.0,MEDIUM
CRICKET_MATCH,Lahore,20959,4100.0,Tuesday,22,75.6,84.5,11956,49019600.0,HIGH
KABADDI,Karachi,8227,800.0,Friday,22,47.2,59.5,4108,3286400.0,MEDIUM
CRICKET_MATCH,Rawalpindi,19393,1800.0,Sunday,13,72.0,87.1,13176,23716800.0,HIGH
CRICKET_MATCH,Karachi,36407,3700.0,Saturday,16,69.2,85.8,23755,87893500.0,HIGH
CRICKET_MATCH,Karachi,31025,2000.0,Thursday,13,48.3,88.3,15269,30538000.0,MEDIUM
MUSIC_CONCERT,Lahore,10064,3700.0,Saturday,18,44.0,80.0,5386,19928200.0,MEDIUM
CRICKET_MATCH,Peshawar,24639,2400.0,Sunday,11,83.6,85.8,17629,42309600.0,HIGH
MUSIC_FESTIVAL,Karachi,10478,6800.0,Thursday,17,55.6,33.7,3402,23133600.0,LOW
MUSIC_CONCERT,Lahore,11929,7700.0,Friday,10,50.6,43.7,5265,40540500.0,MEDIUM
CRICKET_MATCH,Islamabad,27173,3200.0,Sunday,11,82.2,38.9,15963,51081600.0,HIGH
MUSIC_CONCERT,Lahore,15415,4900.0,Wednesday,20,82.1,77.9,8701,42634900.0,HIGH
CRICKET_MATCH,Karachi,26418,3000.0,Saturday,12,52.7,32.0,12178,36534000.0,MEDIUM
MUSIC_FESTIVAL,Karachi,25650,11600.0,Saturday,18,90.8,34.2,13456,156089600.0,MEDIUM
FOOTBALL_MATCH,Multan,10057,1000.0,Saturday,9,79.0,88.6,6939,6939000.0,HIGH
CRICKET_MATCH,Karachi,31703,1900.0,Friday,19,57.1,75.1,18795,35710500.0,HIGH
CRICKET_MATCH,Islamabad,32383,4400.0,Thursday,12,62.4,88.3,17110,75284000.0,MEDIUM
CRICKET_MATCH,Quetta,31935,4400.0,Saturday,12,81.5,30.9,17771,78192400.0,HIGH
MUSIC_FESTIVAL,Lahore,18443,5000.0,Wednesday,17,48.5,51.1,6530,32650000.0,MEDIUM
CRICKET_MATCH,Lahore,20941,1700.0,Friday,16,65.0,42.1,11337,19272900.0,MEDIUM
BOXING,Karachi,3156,3000.0,Wednesday,10,76.8,20.8,1257,3771000.0,MEDIUM
CRICKET_MATCH,Karachi,30255,1400.0,Monday,21,69.5,42.2,13935,19509000.0,MEDIUM
MUSIC_FESTIVAL,Karachi,25144,9100.0,Sunday,15,73.9,49.6,13002,118318200.0,MEDIUM
CRICKET_MATCH,Peshawar,26965,1500.0,Friday,14,70.0,27.2,14136,21204000.0,MEDIUM
KABADDI,Islamabad,12407,600.0,Sunday,15,47.8,64.2,6387,3832200.0,MEDIUM
FOOTBALL_MATCH,Islamabad,17744,1600.0,Tuesday,19,61.3,49.9,7500,12000000.0,MEDIUM
MUSIC_CONCERT,Karachi,21341,8200.0,Saturday,12,69.0,23.6,9745,79909000.0,MEDIUM
CRICKET_MATCH,Rawalpindi,32805,2600.0,Wednesday,22,84.9,74.9,19412,50471200.0,HIGH
CRICKET_MATCH,Faisalabad,34637,2400.0,Sunday,22,76.8,76.9,23129,55509600.0,HIGH
CRICKET_MATCH,Rawalpindi,35953,4500.0,Sunday,13,62.3,85.1,22265,100192500.0,HIGH
MUSIC_CONCERT,Lahore,11505,5700.0,Tuesday,14,97.4,57.9,6515,37135500.0,HIGH
CRICKET_MATCH,Islamabad,30405,2400.0,Sunday,17,41.9,95.6,17745,42588000.0,HIGH
KABADDI,Lahore,11006,1000.0,Wednesday,10,48.2,91.3,5296,5296000.0,MEDIUM
CRICKET_MATCH,Lahore,26999,1800.0,Saturday,19,56.8,63.0,15178,27320400.0,HIGH
MUSIC_CONCERT,Lahore,13973,5600.0,Sunday,17,49.6,54.7,6703,37536800.0,MEDIUM
MUSIC_FESTIVAL,Islamabad,19855,7200.0,Sunday,18,75.0,20.2,9152,65894400.0,MEDIUM
FOOTBALL_MATCH,Islamabad,14707,1300.0,Sunday,9,37.5,75.5,7346,9549800.0,MEDIUM
CRICKET_MATCH,Lahore,37584,1700.0,Thursday,12,46.4,64.1,16034,27257800.0,MEDIUM
CRICKET_MATCH,Karachi,24557,2200.0,Tuesday,20,53.8,93.1,12853,28276600.0,MEDIUM
CRICKET_MATCH,Karachi,27071,2900.0,Wednesday,13,78.7,66.4,14758,42798200.0,MEDIUM
CRICKET_MATCH,Karachi,23088,1400.0,Friday,17,91.1,97.4,17999,25198600.0,HIGH
BOXING,Lahore,3000,2000.0,Sunday,14,86.1,86.6,2114,4228000.0,HIGH
KABADDI,Karachi,6166,1700.0,Tuesday,12,46.7,94.4,2950,5015000.0,MEDIUM
MUSIC_FESTIVAL,Rawalpindi,10063,8100.0,Saturday,10,71.2,45.6,5071,41075100.0,MEDIUM
CRICKET_MATCH,Lahore,26303,1400.0,Thursday,13,36.9,31.6,8202,11482800.0,LOW
BOXING,Lahore,6439,3900.0,Thursday,16,54.9,82.2,2984,11637600.0,MEDIUM
FOOTBALL_MATCH,Karachi,9125,900.0,Saturday,16,86.6,81.3,6396,5756400.0,HIGH
FOOTBALL_MATCH,Faisalabad,10641,2100.0,Friday,14,64.2,36.5,5284,11096400.0,MEDIUM
CRICKET_MATCH,Islamabad,35813,3700.0,Sunday,19,44.6,79.7,19517,72212900.0,MEDIUM
FOOTBALL_MATCH,Islamabad,14101,1900.0,Tuesday,9,63.1,65.4,6572,12486800.0,MEDIUM
FOOTBALL_MATCH,Karachi,18235,2000.0,Sunday,16,47.7,28.5,7575,15150000.0,MEDIUM
MUSIC_CONCERT,Karachi,16794,3000.0,Monday,12,60.2,59.1,7532,22596000.0,MEDIUM
MUSIC_FESTIVAL,Lahore,26018,9700.0,Wednesday,22,66.2,92.6,12789,124053300.0,MEDIUM
CRICKET_MATCH,Islamabad,26862,1700.0,Saturday,10,57.4,59.5,14945,25406500.0,HIGH
CRICKET_MATCH,Peshawar,21111,2300.0,Sunday,9,95.0,81.5,15795,36328500.0,HIGH
FOOTBALL_MATCH,Islamabad,9690,2400.0,Thursday,15,71.0,22.3,3726,8942400.0,MEDIUM
KABADDI,Multan,13715,1200.0,Thursday,10,88.9,76.8,8177,9812400.0,HIGH
CRICKET_MATCH,Islamabad,33740,4400.0,Saturday,21,83.7,93.9,24368,107219200.0,HIGH
MUSIC_CONCERT,Lahore,19094,3000.0,Wednesday,12,77.3,59.0,9783,29349000.0,MEDIUM
MUSIC_FESTIVAL,Peshawar,23875,7600.0,Sunday,12,66.8,46.3,11762,89391200.0,MEDIUM
MUSIC_FESTIVAL,Lahore,28341,4000.0,Saturday,21,35.1,70.4,13009,52036000.0,MEDIUM
CRICKET_MATCH,Karachi,27156,3300.0,Tuesday,18,74.3,91.5,15985,52750500.0,HIGH
MUSIC_CONCERT,Lahore,20664,3000.0,Friday,9,57.8,33.8,9841,29523000.0,MEDIUM
MUSIC_CONCERT,Lahore,8446,3600.0,Saturday,10,42.5,51.5,3876,13953600.0,MEDIUM
FOOTBALL_MATCH,Karachi,18158,1200.0,Thursday,9,63.5,32.2,7072,8486400.0,MEDIUM
KABADDI,Lahore,8808,1500.0,Saturday,14,82.1,58.7,5491,8236500.0,HIGH
MUSIC_CONCERT,Karachi,9402,3500.0,Monday,21,96.5,62.2,5537,19379500.0,HIGH
FOOTBALL_MATCH,Karachi,9964,2200.0,Saturday,11,58.9,93.6,6165,13563000.0,HIGH
CRICKET_MATCH,Lahore,35206,1600.0,Tuesday,9,69.7,52.2,17072,27315200.0,MEDIUM
FOOTBALL_MATCH,Lahore,17629,900.0,Sunday,20,89.5,64.2,11795,10615500.0,HIGH
KABADDI,Karachi,8061,1000.0,Friday,16,56.4,89.1,4889,4889000.0,HIGH
CRICKET_MATCH,Karachi,21865,4400.0,Thursday,22,44.1,45.1,7691,33840400.0,MEDIUM
MUSIC_FESTIVAL,Islamabad,12294,4400.0,Sunday,20,53.0,72.6,6502,28608800.0,MEDIUM
BOXING,Islamabad,8979,1900.0,Monday,22,92.5,79.1,5483,10417700.0,HIGH
KABADDI,Rawalpindi,15656,1500.0,Friday,12,45.2,45.8,7088,10632000.0,MEDIUM
CRICKET_MATCH,Islamabad,34461,2200.0,Friday,18,56.1,32.8,16585,36487000.0,MEDIUM
KABADDI,Karachi,8159,1400.0,Thursday,15,64.7,59.2,3754,5255600.0,MEDIUM
CRICKET_MATCH,Islamabad,30822,1900.0,Sunday,18,89.2,47.8,19879,37770100.0,HIGH
CRICKET_MATCH,Lahore,21187,2700.0,Saturday,10,95.0,40.8,13637,36819900.0,HIGH
FOOTBALL_MATCH,Karachi,17357,1300.0,Monday,14,62.3,95.9,9434,12264200.0,MEDIUM
CRICKET_MATCH,Rawalpindi,25135,2700.0,Saturday,14,94.6,59.2,17297,46701900.0,HIGH
KABADDI,Karachi,6789,1500.0,Friday,15,45.3,86.8,3772,5658000.0,HIGH
CRICKET_MATCH,Rawalpindi,35947,3700.0,Sunday,20,45.0,35.2,15645,57886500.0,MEDIUM
CRICKET_MATCH,Rawalpindi,19322,2900.0,Thursday,9,95.8,93.3,13072,37908800.0,HIGH
CRICKET_MATCH,Multan,31387,4300.0,Saturday,22,67.6,82.0,19862,85406600.0,HIGH
MUSIC_FESTIVAL,Peshawar,14673,5700.0,Friday,20,46.9,83.1,7677,43758900.0,MEDIUM
KABADDI,Karachi,7502,800.0,Friday,9,66.2,50.4,4110,3288000.0,MEDIUM
BOXING,Karachi,4491,3600.0,Friday,10,85.1,57.9,2776,9993600.0,HIGH
CRICKET_MATCH,Karachi,36043,3300.0,Wednesday,22,87.9,66.3,20783,68583900.0,HIGH
CRICKET_MATCH,Karachi,27507,1400.0,Saturday,19,90.3,81.6,20275,28385000.0,HIGH
MUSIC_FESTIVAL,Islamabad,11062,8700.0,Friday,10,71.5,86.2,6663,57968100.0,HIGH
CRICKET_MATCH,Islamabad,37446,2400.0,Sunday,13,90.5,26.1,22173,53215200.0,HIGH
CRICKET_MATCH,Islamabad,36454,3700.0,Thursday,9,67.6,90.5,20349,75291300.0,HIGH
KABADDI,Karachi,10257,1600.0,Saturday,19,73.9,93.1,6954,11126400.0,HIGH
CRICKET_MATCH,Lahore,28868,3000.0,Sunday,10,83.6,66.2,19120,57360000.0,HIGH
MUSIC_CONCERT,Karachi,6553,2500.0,Saturday,14,62.2,34.6,3265,8162500.0,MEDIUM
KABADDI,Lahore,7044,1300.0,Sunday,11,39.7,83.8,3723,4839900.0,MEDIUM
CRICKET_MATCH,Multan,27979,3700.0,Sunday,12,57.4,62.8,15409,57013300.0,HIGH
CRICKET_MATCH,Karachi,23957,2000.0,Friday,9,74.9,83.7,16300,32600000.0,HIGH
CRICKET_MATCH,Lahore,29727,2700.0,Saturday,13,47.3,83.6,16998,45894600.0,HIGH
MUSIC_CONCERT,Lahore,8578,8300.0,Tuesday,12,44.5,26.8,2334,19372200.0,LOW
BOXING,Islamabad,8621,2500.0,Saturday,16,53.8,67.3,4585,11462500.0,MEDIUM
CRICKET_MATCH,Islamabad,19966,1900.0,Wednesday,11,37.1,57.7,7474,14200600.0,MEDIUM
CRICKET_MATCH,Karachi,28548,1900.0,Saturday,18,82.6,93.8,20989,39879100.0,HIGH
BOXING,Lahore,7969,3500.0,Friday,9,51.6,43.1,3635,12722500.0,MEDIUM
KABADDI,Karachi,8250,1700.0,Friday,22,43.0,36.1,3456,5875200.0,MEDIUM
CRICKET_MATCH,Karachi,29679,3200.0,Thursday,21,79.7,90.0,17980,57536000.0,HIGH
CRICKET_MATCH,Islamabad,32975,2200.0,Sunday,18,88.9,31.6,19827,43619400.0,HIGH
CRICKET_MATCH,Islamabad,32167,3300.0,Monday,13,36.3,73.5,12903,42579900.0,MEDIUM
BOXING,Karachi,4003,3700.0,Monday,22,50.0,43.4,1399,5176300.0,LOW
MUSIC_FESTIVAL,Lahore,10014,8600.0,Wednesday,9,95.5,64.3,5391,46362600.0,MEDIUM
CRICKET_MATCH,Quetta,22624,1700.0,Sunday,19,59.7,68.1,13269,22557300.0,HIGH
KABADDI,Karachi,9608,1300.0,Sunday,13,95.1,52.6,6325,8222500.0,HIGH
CRICKET_MATCH,Islamabad,23868,2600.0,Saturday,17,52.5,96.0,14869,38659400.0,HIGH
CRICKET_MATCH,Lahore,32626,1300.0,Sunday,13,49.0,30.3,14833,19282900.0,MEDIUM
CRICKET_MATCH,Karachi,18804,3000.0,Wednesday,10,48.7,50.5,7375,22125000.0,MEDIUM
MUSIC_CONCERT,Lahore,21718,8400.0,Sunday,21,40.5,53.6,9195,77238000.0,MEDIUM
FOOTBALL_MATCH,Karachi,20176,1400.0,Tuesday,10,92.4,69.2,11883,16636200.0,HIGH
KABADDI,Faisalabad,6667,1800.0,Tuesday,18,97.7,51.8,3750,6750000.0,HIGH
CRICKET_MATCH,Karachi,18384,1500.0,Tuesday,17,96.1,27.6,9617,14425500.0,MEDIUM
CRICKET_MATCH,Lahore,29316,3600.0,Saturday,20,89.5,93.9,21974,79106400.0,HIGH
CRICKET_MATCH,Lahore,37638,1600.0,Sunday,22,89.2,52.5,24796,39673600.0,HIGH
MUSIC_CONCERT,Karachi,7440,4100.0,Friday,13,77.3,46.7,4270,17507000.0,HIGH
CRICKET_MATCH,Lahore,37132,3100.0,Sunday,19,87.9,54.8,24108,74734800.0,HIGH
BOXING,Lahore,3012,3600.0,Friday,16,48.3,36.9,1288,4636800.0,MEDIUM
CRICKET_MATCH,Rawalpindi,25726,3800.0,Tuesday,18,59.8,27.8,9558,36320400.0,MEDIUM
CRICKET_MATCH,Karachi,29199,3200.0,Friday,12,76.0,31.6,15941,51011200.0,MEDIUM
FOOTBALL_MATCH,Lahore,18399,1800.0,Saturday,10,91.0,33.0,10863,19553400.0,HIGH
CRICKET_MATCH,Peshawar,23403,4200.0,Sunday,12,77.3,35.4,12951,54394200.0,HIGH
CRICKET_MATCH,Lahore,24151,2700.0,Friday,20,88.7,52.8,15699,42387300.0,HIGH
CRICKET_MATCH,Faisalabad,30359,1900.0,Saturday,19,65.3,68.7,18446,35047400.0,HIGH
BOXING,Karachi,5145,2100.0,Thursday,12,80.9,69.1,2782,5842200.0,MEDIUM
BOXING,Multan,9230,2900.0,Saturday,19,97.7,20.0,5311,15401900.0,HIGH
CRICKET_MATCH,Islamabad,28057,3600.0,Sunday,17,44.8,91.8,16180,58248000.0,HIGH
FOOTBALL_MATCH,Rawalpindi,8100,900.0,Monday,18,94.3,84.2,5160,4644000.0,HIGH
CRICKET_MATCH,Quetta,22978,1600.0,Sunday,19,68.4,95.2,15799,25278400.0,HIGH
CRICKET_MATCH,Lahore,27504,1600.0,Saturday,14,76.2,48.1,16476,26361600.0,HIGH
CRICKET_MATCH,Faisalabad,28988,3100.0,Thursday,18,91.2,71.9,17520,54312000.0,HIGH
MUSIC_CONCERT,Karachi,18531,4000.0,Sunday,14,61.2,33.1,8901,35604000.0,MEDIUM
CRICKET_MATCH,Karachi,24534,1700.0,Friday,13,61.8,83.7,15539,26416300.0,HIGH
CRICKET_MATCH,Karachi,34833,3200.0,Thursday,14,68.7,32.6,14667,46934400.0,MEDIUM
CRICKET_MATCH,Karachi,29631,3700.0,Wednesday,9,36.2,45.4,9711,35930700.0,LOW
CRICKET_MATCH,Lahore,29693,2300.0,Wednesday,21,66.8,58.3,14385,33085500.0,MEDIUM
KABADDI,Karachi,9167,1300.0,Sunday,13,53.6,66.4,4924,6401200.0,MEDIUM
CRICKET_MATCH,Karachi,23380,1500.0,Saturday,20,94.4,63.7,16530,24795000.0,HIGH
CRICKET_MATCH,Rawalpindi,31823,4300.0,Sunday,14,40.6,28.0,12620,54266000.0,MEDIUM
KABADDI,Rawalpindi,14312,900.0,Wednesday,16,64.4,52.9,6393,5753700.0,MEDIUM
CRICKET_MATCH,Karachi,29629,4500.0,Tuesday,12,95.6,92.0,19597,88186500.0,HIGH
MUSIC_CONCERT,Karachi,7856,8400.0,Monday,22,92.7,88.0,4754,39933600.0,HIGH
KABADDI,Lahore,7075,1500.0,Friday,13,79.9,66.1,4483,6724500.0,HIGH
CRICKET_MATCH,Lahore,33755,1300.0,Sunday,12,72.7,64.6,21241,27613300.0,HIGH
BOXING,Lahore,7413,3400.0,Saturday,15,53.0,28.7,3158,10737200.0,MEDIUM
CRICKET_MATCH,Karachi,28914,1500.0,Thursday,18,58.5,35.6,11627,17440500.0,MEDIUM
KABADDI,Lahore,6701,1700.0,Sunday,14,40.8,39.7,2812,4780400.0,MEDIUM
CRICKET_MATCH,Faisalabad,21348,3800.0,Sunday,22,85.3,58.1,13725,52155000.0,HIGH
CRICKET_MATCH,Karachi,26185,4400.0,Monday,12,55.7,77.0,12438,54727200.0,MEDIUM
KABADDI,Karachi,12836,1300.0,Sunday,14,77.7,55.9,7718,10033400.0,HIGH
MUSIC_CONCERT,Karachi,17304,5600.0,Thursday,21,57.9,29.8,6032,33779200.0,LOW
MUSIC_FESTIVAL,Lahore,18638,7900.0,Tuesday,12,64.7,54.3,7505,59289500.0,MEDIUM
KABADDI,Karachi,11834,1000.0,Wednesday,20,70.5,32.7,4951,4951000.0,MEDIUM
CRICKET_MATCH,Islamabad,20249,2700.0,Friday,16,86.3,78.6,14287,38574900.0,HIGH
CRICKET_MATCH,Karachi,28705,3300.0,Friday,19,48.5,33.0,12792,42213600.0,MEDIUM
CRICKET_MATCH,Karachi,37606,4300.0,Thursday,11,60.5,57.6,16741,71986300.0,MEDIUM
FOOTBALL_MATCH,Quetta,12991,1800.0,Wednesday,16,43.3,74.1,5382,9687600.0,MEDIUM
CRICKET_MATCH,Multan,27374,4000.0,Saturday,21,39.8,37.8,11501,46004000.0,MEDIUM
MUSIC_FESTIVAL,Islamabad,16118,10800.0,Sunday,10,73.7,25.9,7177,77511600.0,MEDIUM
CRICKET_MATCH,Karachi,20551,2900.0,Saturday,14,47.1,63.9,10695,31015500.0,MEDIUM
CRICKET_MATCH,Islamabad,30550,2300.0,Thursday,16,38.8,24.2,8988,20672400.0,LOW
CRICKET_MATCH,Lahore,20214,3300.0,Wednesday,9,92.4,65.8,11972,39507600.0,HIGH
MUSIC_CONCERT,Karachi,12534,5200.0,Wednesday,14,69.2,78.8,6470,33644000.0,MEDIUM
BOXING,Lahore,3717,1800.0,Tuesday,17,43.6,45.7,1280,2304000.0,LOW
KABADDI,Karachi,8460,1000.0,Saturday,21,38.4,58.1,3904,3904000.0,MEDIUM
CRICKET_MATCH,Karachi,29928,4500.0,Saturday,18,42.7,92.4,16881,75964500.0,HIGH
MUSIC_CONCERT,Lahore,7255,2800.0,Saturday,18,65.2,56.7,4082,11429600.0,HIGH
CRICKET_MATCH,Faisalabad,23334,3500.0,Saturday,10,77.8,97.7,16704,58464000.0,HIGH
MUSIC_CONCERT,Peshawar,16281,7500.0,Thursday,19,76.0,32.2,6663,49972500.0,MEDIUM
FOOTBALL_MATCH,Islamabad,14830,1900.0,Thursday,21,44.2,75.3,6228,11833200.0,MEDIUM
CRICKET_MATCH,Karachi,25754,3100.0,Saturday,9,75.5,70.9,16560,51336000.0,HIGH
FOOTBALL_MATCH,Multan,14940,2000.0,Thursday,10,60.9,88.0,7674,15348000.0,MEDIUM
BOXING,Lahore,9121,3000.0,Wednesday,13,64.7,27.2,3365,10095000.0,MEDIUM
CRICKET_MATCH,Rawalpindi,28722,1500.0,Friday,14,86.3,41.9,17869,26803500.0,HIGH
MUSIC_CONCERT,Lahore,7632,8300.0,Thursday,9,56.3,30.3,2481,20592300.0,LOW
CRICKET_MATCH,Rawalpindi,34029,2600.0,Tuesday,15,44.4,92.8,16491,42876600.0,MEDIUM
CRICKET_MATCH,Lahore,18014,3400.0,Sunday,19,90.9,53.3,11793,40096200.0,HIGH
CRICKET_MATCH,Multan,29581,3000.0,Sunday,12,48.6,91.0,17544,52632000.0,HIGH
CRICKET_MATCH,Faisalabad,32157,1400.0,Wednesday,17,53.8,43.0,12982,18174800.0,MEDIUM
FOOTBALL_MATCH,Lahore,19506,2400.0,Monday,14,80.2,29.9,8544,20505600.0,MEDIUM
CRICKET_MATCH,Karachi,26208,3800.0,Saturday,17,78.7,43.1,15218,57828400.0,HIGH
BOXING,Quetta,5581,2000.0,Wednesday,9,86.2,66.6,3098,6196000.0,HIGH
CRICKET_MATCH,Karachi,27971,4400.0,Friday,12,46.8,85.9,15772,69396800.0,HIGH
MUSIC_FESTIVAL,Multan,26333,9800.0,Monday,10,57.5,50.1,9269,90836200.0,MEDIUM
KABADDI,Karachi,14272,1100.0,Wednesday,14,43.1,91.4,6589,7247900.0,MEDIUM
MUSIC_CONCERT,Karachi,7079,6200.0,Sunday,12,69.6,39.1,3621,22450200.0,MEDIUM
CRICKET_MATCH,Lahore,26127,1600.0,Sunday,17,53.7,74.1,15145,24232000.0,HIGH
CRICKET_MATCH,Lahore,27210,3000.0,Wednesday,22,79.1,77.4,15604,46812000.0,HIGH
CRICKET_MATCH,Rawalpindi,33014,1400.0,Thursday,11,35.0,41.4,10868,15215200.0,LOW
KABADDI,Karachi,14971,1200.0,Tuesday,9,38.8,22.1,4066,4879200.0,LOW
MUSIC_CONCERT,Karachi,22208,5800.0,Monday,19,62.7,48.5,9148,53058400.0,MEDIUM
CRICKET_MATCH,Karachi,21864,4100.0,Sunday,21,96.3,23.5,13022,53390200.0,HIGH
CRICKET_MATCH,Karachi,28661,3600.0,Saturday,19,92.0,90.3,21493,77374800.0,HIGH
MUSIC_CONCERT,Multan,22897,4000.0,Saturday,9,98.6,94.4,17718,70872000.0,HIGH
CRICKET_MATCH,Quetta,28322,4100.0,Saturday,20,61.7,77.4,17009,69736900.0,HIGH
BOXING,Karachi,9710,3500.0,Sunday,17,38.0,76.7,4749,16621500.0,MEDIUM
KABADDI,Rawalpindi,14516,1300.0,Sunday,17,54.6,38.8,6850,8905000.0,MEDIUM
MUSIC_CONCERT,Rawalpindi,23874,3500.0,Monday,13,78.2,25.8,10249,35871500.0,MEDIUM
CRICKET_MATCH,Karachi,32386,4000.0,Wednesday,10,43.7,82.6,14469,57876000.0,MEDIUM
CRICKET_MATCH,Faisalabad,31338,4300.0,Saturday,17,54.2,63.6,16815,72304500.0,MEDIUM
KABADDI,Lahore,14868,1500.0,Friday,21,38.6,73.2,7382,11073000.0,MEDIUM
MUSIC_FESTIVAL,Lahore,23316,11500.0,Sunday,20,65.4,80.8,12743,146544500.0,MEDIUM
CRICKET_MATCH,Multan,28203,2200.0,Saturday,21,48.4,51.9,14105,31031000.0,MEDIUM
CRICKET_MATCH,Karachi,22888,4000.0,Sunday,16,40.8,31.3,9330,37320000.0,MEDIUM
KABADDI,Rawalpindi,8704,1100.0,Wednesday,21,61.3,82.0,4408,4848800.0,MEDIUM
MUSIC_FESTIVAL,Multan,17386,4900.0,Sunday,19,57.5,55.4,8680,42532000.0,MEDIUM
MUSIC_CONCERT,Lahore,19645,6500.0,Thursday,18,69.4,84.5,10259,66683500.0,MEDIUM
MUSIC_FESTIVAL,Multan,14260,9300.0,Sunday,18,82.9,54.1,7996,74362800.0,HIGH
CRICKET_MATCH,Karachi,29267,2100.0,Tuesday,14,42.2,36.9,9953,20901300.0,LOW
CRICKET_MATCH,Karachi,33419,1300.0,Friday,15,85.6,33.3,20031,26040300.0,HIGH
KABADDI,Islamabad,15096,800.0,Sunday,20,36.7,78.0,7642,6113600.0,MEDIUM
MUSIC_CONCERT,Peshawar,24981,4900.0,Friday,14,63.4,64.8,14028,68737200.0,HIGH
CRICKET_MATCH,Lahore,31086,1800.0,Friday,13,72.6,51.6,18431,33175800.0,HIGH
CRICKET_MATCH,Karachi,20904,1800.0,Sunday,12,96.2,58.4,14600,26280000.0,HIGH
MUSIC_CONCERT,Islamabad,15492,4800.0,Friday,15,71.7,62.9,9119,43771200.0,HIGH
CRICKET_MATCH,Islamabad,19123,4400.0,Saturday,12,45.2,38.7,8411,37008400.0,MEDIUM
CRICKET_MATCH,Islamabad,31430,3700.0,Monday,18,68.1,49.5,14382,53213400.0,MEDIUM
FOOTBALL_MATCH,Lahore,14935,1300.0,Sunday,18,60.3,42.8,7516,9770800.0,MEDIUM
KABADDI,Lahore,10316,1700.0,Saturday,18,65.7,50.3,5565,9460500.0,MEDIUM
MUSIC_CONCERT,Karachi,22654,6400.0,Friday,17,47.6,59.0,10815,69216000.0,MEDIUM
CRICKET_MATCH,Rawalpindi,37108,2700.0,Monday,13,67.1,33.5,15615,42160500.0,MEDIUM
KABADDI,Lahore,14121,1100.0,Saturday,16,44.6,50.7,6574,7231400.0,MEDIUM
KABADDI,Lahore,13671,1000.0,Monday,20,82.6,50.1,6934,6934000.0,MEDIUM
KABADDI,Faisalabad,8258,800.0,Monday,21,73.0,42.3,3742,2993600.0,MEDIUM
KABADDI,Lahore,9862,1000.0,Saturday,20,40.0,97.9,5591,5591000.0,HIGH
CRICKET_MATCH,Quetta,21646,2900.0,Wednesday,20,91.9,25.7,10669,30940100.0,MEDIUM
CRICKET_MATCH,Islamabad,31173,2900.0,Wednesday,14,74.4,70.2,16788,48685200.0,MEDIUM
CRICKET_MATCH,Rawalpindi,25025,3700.0,Saturday,12,55.2,33.6,11749,43471300.0,MEDIUM
CRICKET_MATCH,Lahore,30549,2400.0,Monday,20,37.9,85.5,13545,32508000.0,MEDIUM
FOOTBALL_MATCH,Lahore,9271,2000.0,Thursday,11,75.5,91.3,5346,10692000.0,HIGH
MUSIC_CONCERT,Islamabad,12989,6000.0,Tuesday,19,58.9,51.3,5238,31428000.0,MEDIUM
MUSIC_CONCERT,Rawalpindi,15326,8300.0,Saturday,14,93.1,84.2,10695,88768500.0,HIGH
MUSIC_CONCERT,Islamabad,7463,4800.0,Saturday,9,37.2,39.5,2991,14356800.0,MEDIUM
CRICKET_MATCH,Lahore,32388,4200.0,Saturday,10,37.5,30.9,12724,53440800.0,MEDIUM
CRICKET_MATCH,Rawalpindi,32075,3900.0,Thursday,15,95.8,44.6,17572,68530800.0,MEDIUM
CRICKET_MATCH,Rawalpindi,28547,3300.0,Tuesday,12,96.8,46.7,16015,52849500.0,HIGH
CRICKET_MATCH,Islamabad,22941,3400.0,Monday,13,36.8,51.0,7939,26992600.0,LOW
CRICKET_MATCH,Rawalpindi,34010,1500.0,Friday,19,80.8,49.1,21069,31603500.0,HIGH
KABADDI,Rawalpindi,6897,1700.0,Sunday,18,49.2,52.1,3325,5652500.0,MEDIUM
MUSIC_FESTIVAL,Islamabad,16244,4400.0,Wednesday,9,79.9,75.4,8719,38363600.0,MEDIUM
CRICKET_MATCH,Lahore,18605,3100.0,Thursday,10,90.6,39.2,9682,30014200.0,MEDIUM
CRICKET_MATCH,Karachi,21677,2300.0,Tuesday,12,41.5,21.4,6445,14823500.0,LOW
MUSIC_CONCERT,Lahore,8547,5100.0,Saturday,16,50.3,58.2,4227,21557700.0,MEDIUM
CRICKET_MATCH,Karachi,26652,3200.0,Saturday,18,36.5,55.0,12162,38918400.0,MEDIUM
MUSIC_CONCERT,Karachi,21158,8000.0,Saturday,12,37.8,24.7,7274,58192000.0,LOW
MUSIC_CONCERT,Lahore,9256,5200.0,Sunday,22,36.9,30.4,3463,18007600.0,MEDIUM
MUSIC_FESTIVAL,Karachi,24333,11900.0,Friday,11,86.2,59.8,13852,164838800.0,HIGH
CRICKET_MATCH,Lahore,32730,3200.0,Tuesday,11,54.1,38.3,12456,39859200.0,MEDIUM
BOXING,Rawalpindi,8156,2100.0,Thursday,20,66.6,88.5,4368,9172800.0,MEDIUM
FOOTBALL_MATCH,Faisalabad,13773,1100.0,Saturday,13,85.4,33.5,7927,8719700.0,HIGH
KABADDI,Lahore,13175,1400.0,Saturday,11,66.7,21.6,6239,8734600.0,MEDIUM
CRICKET_MATCH,Faisalabad,28886,1400.0,Saturday,16,62.5,54.9,16351,22891400.0,HIGH
CRICKET_MATCH,Karachi,33930,2800.0,Saturday,13,35.7,96.9,19030,53284000.0,HIGH
FOOTBALL_MATCH,Lahore,11518,1100.0,Saturday,20,71.4,69.4,7058,7763800.0,HIGH
FOOTBALL_MATCH,Lahore,14775,1500.0,Sunday,22,43.0,47.6,6634,9951000.0,MEDIUM
MUSIC_CONCERT,Karachi,9378,7000.0,Saturday,20,83.9,21.3,4831,33817000.0,MEDIUM
MUSIC_CONCERT,Rawalpindi,17634,5300.0,Saturday,22,51.5,57.8,8758,46417400.0,MEDIUM
BOXING,Islamabad,9673,2100.0,Wednesday,15,78.1,36.1,4331,9095100.0,MEDIUM
CRICKET_MATCH,Lahore,24444,2000.0,Saturday,19,76.4,70.5,15963,31926000.0,HIGH
MUSIC_CONCERT,Lahore,18176,4700.0,Sunday,16,74.5,65.5,11020,51794000.0,HIGH
FOOTBALL_MATCH,Karachi,16676,900.0,Friday,13,52.1,40.7,7838,7054200.0,MEDIUM
MUSIC_CONCERT,Lahore,13379,6000.0,Saturday,16,52.1,25.4,5526,33156000.0,MEDIUM
MUSIC_FESTIVAL,Lahore,11727,8700.0,Saturday,20,90.2,78.9,7672,66746400.0,HIGH
CRICKET_MATCH,Lahore,32225,1400.0,Monday,11,35.8,65.7,12663,17728200.0,MEDIUM
MUSIC_CONCERT,Rawalpindi,22373,4900.0,Saturday,22,46.6,85.7,12323,60382700.0,HIGH
CRICKET_MATCH,Peshawar,33468,2600.0,Tuesday,20,74.1,40.3,15554,40440400.0,MEDIUM
CRICKET_MATCH,Karachi,22345,2300.0,Sunday,15,87.3,70.9,15481,35606300.0,HIGH
KABADDI,Peshawar,14174,1200.0,Sunday,16,57.9,29.3,6537,7844400.0,MEDIUM
CRICKET_MATCH,Karachi,31052,2300.0,Tuesday,15,76.8,42.8,15004,34509200.0,MEDIUM
MUSIC_CONCERT,Karachi,23098,5000.0,Tuesday,22,70.7,71.2,11647,58235000.0,MEDIUM
CRICKET_MATCH,Lahore,25046,3800.0,Saturday,10,39.1,84.4,13410,50958000.0,MEDIUM
CRICKET_MATCH,Islamabad,22186,1700.0,Thursday,16,74.8,45.0,10768,18305600.0,MEDIUM
KABADDI,Faisalabad,6338,1300.0,Monday,14,87.1,82.3,3819,4964700.0,HIGH
MUSIC_CONCERT,Islamabad,13853,5500.0,Saturday,18,98.5,72.9,9825,54037500.0,HIGH
MUSIC_FESTIVAL,Karachi,13968,6100.0,Friday,11,36.9,47.2,5492,33501200.0,MEDIUM
MUSIC_CONCERT,Islamabad,16456,6900.0,Tuesday,12,77.2,88.4,9189,63404100.0,HIGH
BOXING,Lahore,9721,3400.0,Sunday,15,61.5,59.7,5205,17697000.0,MEDIUM
CRICKET_MATCH,Multan,33543,2800.0,Sunday,11,35.6,70.6,16594,46463200.0,MEDIUM
CRICKET_MATCH,Karachi,26361,3400.0,Saturday,9,74.3,58.7,15973,54308200.0,HIGH
CRICKET_MATCH,Karachi,24505,3800.0,Sunday,14,42.8,55.3,11677,44372600.0,MEDIUM
KABADDI,Karachi,12387,1800.0,Wednesday,11,59.2,86.1,6242,11235600.0,MEDIUM
BOXING,Islamabad,7233,3700.0,Thursday,19,51.7,43.0,2567,9497900.0,MEDIUM
CRICKET_MATCH,Lahore,29291,4100.0,Wednesday,18,58.1,22.9,10276,42131600.0,MEDIUM
MUSIC_CONCERT,Islamabad,16806,2500.0,Saturday,14,66.5,88.6,10913,27282500.0,HIGH
FOOTBALL_MATCH,Lahore,21709,1700.0,Sunday,18,58.0,84.4,12936,21991200.0,HIGH
CRICKET_MATCH,Islamabad,37396,1900.0,Saturday,20,70.4,48.6,21558,40960200.0,HIGH
CRICKET_MATCH,Rawalpindi,20610,1500.0,Sunday,11,50.3,34.5,9658,14487000.0,MEDIUM
MUSIC_CONCERT,Rawalpindi,6473,5700.0,Saturday,14,75.7,72.7,4025,22942500.0,HIGH
MUSIC_CONCERT,Karachi,6688,7000.0,Friday,19,89.6,26.1,3668,25676000.0,MEDIUM
MUSIC_CONCERT,Karachi,8804,5000.0,Friday,12,49.3,53.1,4215,21075000.0,MEDIUM
CRICKET_MATCH,Lahore,19290,3400.0,Monday,21,67.5,26.7,7724,26261600.0,MEDIUM
MUSIC_FESTIVAL,Rawalpindi,18227,7700.0,Monday,12,76.5,66.6,8732,67236400.0,MEDIUM
CRICKET_MATCH,Lahore,36991,2600.0,Saturday,18,71.1,22.1,18791,48856600.0,MEDIUM
CRICKET_MATCH,Karachi,36072,2200.0,Friday,18,58.4,69.1,20945,46079000.0,HIGH
MUSIC_FESTIVAL,Lahore,14511,6800.0,Saturday,19,76.1,72.5,8686,59064800.0,HIGH
CRICKET_MATCH,Lahore,26197,2400.0,Saturday,10,36.8,58.0,12326,29582400.0,MEDIUM
BOXING,Islamabad,3522,3800.0,Thursday,22,58.7,33.7,1258,4780400.0,MEDIUM
CRICKET_MATCH,Lahore,24672,1600.0,Friday,12,69.1,27.9,12877,20603200.0,MEDIUM
KABADDI,Islamabad,9343,600.0,Friday,19,36.3,44.4,3944,2366400.0,MEDIUM
MUSIC_FESTIVAL,Karachi,24449,9100.0,Friday,20,67.5,56.3,12465,113431500.0,MEDIUM
CRICKET_MATCH,Lahore,37794,3000.0,Sunday,12,76.9,70.1,24451,73353000.0,HIGH
BOXING,Karachi,5981,3000.0,Friday,19,83.6,20.1,3123,9369000.0,MEDIUM
CRICKET_MATCH,Lahore,30785,1700.0,Saturday,15,42.3,75.5,16616,28247200.0,MEDIUM
KABADDI,Lahore,11588,1000.0,Sunday,13,98.4,75.6,8462,8462000.0,HIGH
CRICKET_MATCH,Islamabad,32666,3800.0,Sunday,16,73.8,54.7,19315,73397000.0,HIGH
CRICKET_MATCH,Lahore,20815,4100.0,Sunday,15,58.2,46.8,10635,43603500.0,MEDIUM
CRICKET_MATCH,Rawalpindi,23096,3500.0,Thursday,18,50.9,85.7,11201,39203500.0,MEDIUM
CRICKET_MATCH,Lahore,31950,1400.0,Monday,17,71.7,81.2,18094,25331600.0,HIGH
MUSIC_FESTIVAL,Lahore,26401,9200.0,Thursday,16,91.4,96.7,15835,145682000.0,HIGH
CRICKET_MATCH,Islamabad,24673,2000.0,Thursday,17,68.3,49.0,11569,23138000.0,MEDIUM
CRICKET_MATCH,Karachi,19742,2200.0,Sunday,9,77.3,90.7,13928,30641600.0,HIGH
CRICKET_MATCH,Lahore,23720,1800.0,Saturday,18,57.9,26.8,11286,20314800.0,MEDIUM
CRICKET_MATCH,Karachi,21509,3800.0,Tuesday,21,59.8,52.1,9298,35332400.0,MEDIUM
MUSIC_CONCERT,Lahore,16273,6400.0,Tuesday,20,53.3,56.3,6379,40825600.0,MEDIUM
MUSIC_FESTIVAL,Rawalpindi,11534,8700.0,Tuesday,11,80.2,54.4,5254,45709800.0,MEDIUM
CRICKET_MATCH,Karachi,32685,3400.0,Saturday,13,58.0,68.8,18632,63348800.0,HIGH
MUSIC_CONCERT,Rawalpindi,9136,3900.0,Saturday,17,47.2,33.3,3919,15284100.0,MEDIUM
KABADDI,Multan,11585,1100.0,Sunday,16,58.6,87.6,7070,7777000.0,HIGH
CRICKET_MATCH,Karachi,26554,3300.0,Sunday,22,89.6,63.0,17917,59126100.0,HIGH
BOXING,Peshawar,6281,3700.0,Wednesday,18,82.2,90.5,3693,13664100.0,HIGH
FOOTBALL_MATCH,Karachi,15158,2100.0,Thursday,15,56.4,20.2,4950,10395000.0,LOW
BOXING,Faisalabad,4634,2500.0,Wednesday,10,93.0,69.1,2703,6757500.0,HIGH
MUSIC_CONCERT,Lahore,20908,7100.0,Friday,19,39.8,52.2,8913,63282300.0,MEDIUM
CRICKET_MATCH,Islamabad,33117,2700.0,Sunday,14,38.2,59.4,15802,42665400.0,MEDIUM
MUSIC_FESTIVAL,Karachi,9722,9200.0,Saturday,12,43.2,78.0,4591,42237200.0,MEDIUM
MUSIC_CONCERT,Karachi,12611,5200.0,Saturday,13,42.5,37.7,5213,27107600.0,MEDIUM
FOOTBALL_MATCH,Islamabad,14929,2400.0,Friday,22,40.6,36.0,6043,14503200.0,MEDIUM
KABADDI,Islamabad,12157,700.0,Monday,13,77.3,74.8,6701,4690700.0,HIGH
CRICKET_MATCH,Lahore,21864,3400.0,Monday,21,73.5,60.7,11105,37757000.0,MEDIUM
MUSIC_FESTIVAL,Lahore,9067,8400.0,Saturday,12,76.4,38.2,4559,38295600.0,MEDIUM
BOXING,Islamabad,4400,2100.0,Saturday,12,79.1,57.8,2665,5596500.0,HIGH
CRICKET_MATCH,Islamabad,24438,1400.0,Wednesday,12,83.4,55.8,13360,18704000.0,MEDIUM
CRICKET_MATCH,Faisalabad,35803,3800.0,Saturday,19,48.3,73.9,19464,73963200.0,MEDIUM
KABADDI,Rawalpindi,13271,700.0,Sunday,10,74.8,20.2,6706,4694200.0,MEDIUM
CRICKET_MATCH,Faisalabad,29325,1800.0,Friday,9,72.1,65.8,18373,33071400.0,HIGH
CRICKET_MATCH,Islamabad,29828,4400.0,Saturday,20,95.4,67.2,20861,91788400.0,HIGH
FOOTBALL_MATCH,Lahore,12002,2000.0,Friday,10,49.9,78.1,6573,13146000.0,MEDIUM
CRICKET_MATCH,Lahore,35013,2000.0,Saturday,15,38.8,89.4,19582,39164000.0,HIGH
CRICKET_MATCH,Rawalpindi,31442,3200.0,Saturday,20,76.8,54.3,19044,60940800.0,HIGH
CRICKET_MATCH,Islamabad,19834,3000.0,Sunday,9,82.4,46.7,12081,36243000.0,HIGH
CRICKET_MATCH,Lahore,33126,4000.0,Thursday,14,53.1,28.0,11445,45780000.0,LOW
BOXING,Karachi,9729,4100.0,Friday,12,71.5,46.3,5201,21324100.0,MEDIUM
FOOTBALL_MATCH,Faisalabad,10353,2200.0,Wednesday,10,38.8,25.3,2823,6210600.0,LOW
CRICKET_MATCH,Karachi,31878,1900.0,Wednesday,11,96.4,82.6,21007,39913300.0,HIGH
CRICKET_MATCH,Karachi,37439,3300.0,Saturday,15,42.0,82.9,20442,67458600.0,MEDIUM
KABADDI,Karachi,14203,600.0,Sunday,14,39.3,52.5,6443,3865800.0,MEDIUM
CRICKET_MATCH,Lahore,28322,1400.0,Friday,14,37.8,40.3,12375,17325000.0,MEDIUM
CRICKET_MATCH,Karachi,29295,3600.0,Wednesday,16,62.3,29.2,11302,40687200.0,MEDIUM
CRICKET_MATCH,Karachi,21157,1300.0,Thursday,16,41.2,86.4,9852,12807600.0,MEDIUM
MUSIC_CONCERT,Lahore,13626,6000.0,Friday,14,82.7,88.4,9338,56028000.0,HIGH
MUSIC_CONCERT,Rawalpindi,21340,7500.0,Thursday,9,92.5,40.8,10513,78847500.0,MEDIUM
MUSIC_CONCERT,Karachi,24242,4800.0,Wednesday,18,51.7,68.5,10366,49756800.0,MEDIUM
MUSIC_CONCERT,Rawalpindi,15826,2800.0,Saturday,21,75.2,40.2,8845,24766000.0,HIGH
BOXING,Multan,6903,4000.0,Monday,15,37.7,37.6,1980,7920000.0,LOW
FOOTBALL_MATCH,Lahore,21567,2400.0,Saturday,16,59.7,21.7,9503,22807200.0,MEDIUM
KABADDI,Islamabad,14432,1400.0,Sunday,13,53.7,65.0,7697,10775800.0,MEDIUM
CRICKET_MATCH,Karachi,25884,3100.0,Thursday,21,49.6,31.7,9005,27915500.0,LOW
KABADDI,Multan,13041,800.0,Saturday,19,76.3,21.0,6680,5344000.0,MEDIUM
MUSIC_CONCERT,Lahore,5955,2600.0,Saturday,12,43.3,28.2,2445,6357000.0,MEDIUM
FOOTBALL_MATCH,Islamabad,18204,2000.0,Saturday,15,90.1,44.5,11185,22370000.0,HIGH
CRICKET_MATCH,Islamabad,22991,2000.0,Friday,20,77.5,72.2,15206,30412000.0,HIGH
CRICKET_MATCH,Lahore,22065,4000.0,Thursday,20,80.5,35.8,10321,41284000.0,MEDIUM
KABADDI,Lahore,8803,1100.0,Sunday,19,94.9,89.2,6606,7266600.0,HIGH
BOXING,Islamabad,6903,3400.0,Saturday,21,95.3,42.5,4274,14531600.0,HIGH
MUSIC_CONCERT,Islamabad,21408,7000.0,Thursday,14,70.3,45.8,9106,63742000.0,MEDIUM
CRICKET_MATCH,Karachi,20329,3800.0,Tuesday,20,66.7,37.0,8546,32474800.0,MEDIUM
MUSIC_CONCERT,Islamabad,23082,6400.0,Monday,14,56.5,39.8,8373,53587200.0,MEDIUM
KABADDI,Karachi,10694,1700.0,Tuesday,22,80.8,25.8,4650,7905000.0,MEDIUM
MUSIC_CONCERT,Islamabad,19873,8400.0,Saturday,11,69.4,43.0,10041,84344400.0,MEDIUM
FOOTBALL_MATCH,Lahore,11026,2400.0,Monday,19,94.7,87.1,7006,16814400.0,HIGH
FOOTBALL_MATCH,Multan,15847,2200.0,Thursday,18,50.3,73.7,6921,15226200.0,MEDIUM
KABADDI,Lahore,15334,1400.0,Saturday,12,54.9,88.3,9140,12796000.0,HIGH
MUSIC_CONCERT,Karachi,5011,6500.0,Thursday,13,55.2,28.2,1645,10692500.0,LOW
MUSIC_FESTIVAL,Lahore,13624,4400.0,Saturday,17,86.6,55.5,8339,36691600.0,HIGH
CRICKET_MATCH,Lahore,36084,2100.0,Saturday,16,41.3,37.9,15848,33280800.0,MEDIUM
CRICKET_MATCH,Karachi,33229,1200.0,Wednesday,11,64.2,76.3,17523,21027600.0,MEDIUM
MUSIC_FESTIVAL,Lahore,21244,4700.0,Saturday,14,62.4,95.7,13167,61884900.0,HIGH
FOOTBALL_MATCH,Rawalpindi,8218,1500.0,Saturday,18,39.7,83.6,4328,6492000.0,MEDIUM
KABADDI,Lahore,14078,700.0,Friday,9,61.3,22.8,6492,4544400.0,MEDIUM
FOOTBALL_MATCH,Karachi,16918,2300.0,Wednesday,11,67.9,44.7,7267,16714100.0,MEDIUM
CRICKET_MATCH,Karachi,23585,3900.0,Friday,18,39.2,22.2,8952,34912800.0,MEDIUM
MUSIC_CONCERT,Lahore,20362,2900.0,Sunday,22,67.6,23.1,9915,28753500.0,MEDIUM
MUSIC_CONCERT,Lahore,18105,4000.0,Saturday,20,96.4,26.2,10773,43092000.0,HIGH
CRICKET_MATCH,Karachi,35195,3900.0,Wednesday,15,97.7,41.6,19268,75145200.0,MEDIUM
CRICKET_MATCH,Karachi,32837,3900.0,Saturday,15,69.0,43.7,17899,69806100.0,MEDIUM
MUSIC_CONCERT,Karachi,18393,8200.0,Friday,10,68.0,51.2,9599,78711800.0,MEDIUM
CRICKET_MATCH,Karachi,23456,4500.0,Saturday,11,53.3,51.6,11770,52965000.0,MEDIUM
MUSIC_CONCERT,Karachi,8521,8400.0,Saturday,15,98.8,80.2,6037,50710800.0,HIGH
CRICKET_MATCH,Lahore,27775,2600.0,Friday,20,52.6,31.0,12800,33280000.0,MEDIUM
KABADDI,Karachi,10037,800.0,Sunday,14,64.0,32.3,4962,3969600.0,MEDIUM
MUSIC_FESTIVAL,Faisalabad,17074,9900.0,Saturday,21,35.2,68.9,7080,70092000.0,MEDIUM
BOXING,Karachi,8794,2500.0,Saturday,15,57.4,64.6,4736,11840000.0,MEDIUM
CRICKET_MATCH,Islamabad,34815,3900.0,Tuesday,18,39.6,32.0,10639,41492100.0,LOW
BOXING,Karachi,7034,3400.0,Sunday,17,82.6,86.5,4794,16299600.0,HIGH
CRICKET_MATCH,Rawalpindi,27139,3800.0,Sunday,16,70.9,45.7,15141,57535800.0,HIGH
CRICKET_MATCH,Rawalpindi,30099,2100.0,Tuesday,14,71.6,48.6,14435,30313500.0,MEDIUM
MUSIC_FESTIVAL,Karachi,17859,7800.0,Friday,20,53.3,52.8,8159,63640200.0,MEDIUM
MUSIC_CONCERT,Faisalabad,15174,5900.0,Thursday,22,87.2,45.2,7509,44303100.0,MEDIUM
KABADDI,Lahore,12548,1700.0,Saturday,12,35.2,63.5,5748,9771600.0,MEDIUM
CRICKET_MATCH,Lahore,20539,2100.0,Saturday,22,56.4,50.3,10821,22724100.0,MEDIUM
CRICKET_MATCH,Rawalpindi,28305,4300.0,Tuesday,21,77.2,40.2,13142,56510600.0,MEDIUM
CRICKET_MATCH,Rawalpindi,31199,3900.0,Sunday,18,93.1,90.5,23476,91556400.0,HIGH
KABADDI,Lahore,6390,1500.0,Wednesday,17,50.0,44.1,2342,3513000.0,MEDIUM
MUSIC_CONCERT,Lahore,4082,7200.0,Sunday,15,69.6,74.5,2421,17431200.0,HIGH
KABADDI,Lahore,7002,1300.0,Friday,13,69.4,47.1,3838,4989400.0,MEDIUM
MUSIC_CONCERT,Lahore,12968,4000.0,Thursday,10,90.9,53.9,7050,28200000.0,MEDIUM
CRICKET_MATCH,Rawalpindi,30281,1800.0,Tuesday,17,38.2,38.4,10020,18036000.0,LOW
CRICKET_MATCH,Karachi,33120,4100.0,Wednesday,22,62.2,78.7,16749,68670900.0,MEDIUM
CRICKET_MATCH,Karachi,27946,3600.0,Saturday,15,46.7,77.5,15316,55137600.0,MEDIUM
CRICKET_MATCH,Karachi,28891,1900.0,Saturday,17,36.4,21.7,11028,20953200.0,MEDIUM
CRICKET_MATCH,Lahore,37640,3200.0,Tuesday,19,44.4,24.7,11676,37363200.0,LOW
MUSIC_FESTIVAL,Lahore,27628,7300.0,Tuesday,17,97.5,91.9,17236,125822800.0,HIGH
CRICKET_MATCH,Islamabad,24007,1700.0,Monday,18,48.8,89.3,11970,20349000.0,MEDIUM
MUSIC_FESTIVAL,Faisalabad,8522,8000.0,Saturday,13,94.8,59.5,5351,42808000.0,HIGH
CRICKET_MATCH,Rawalpindi,19694,2100.0,Saturday,15,48.1,58.5,10166,21348600.0,MEDIUM
MUSIC_FESTIVAL,Lahore,26636,4300.0,Monday,13,94.6,83.4,16316,70158800.0,HIGH
KABADDI,Multan,10837,1100.0,Saturday,11,76.9,30.8,5818,6399800.0,MEDIUM
MUSIC_FESTIVAL,Rawalpindi,19801,8500.0,Tuesday,18,42.2,71.0,7047,59899500.0,MEDIUM
CRICKET_MATCH,Rawalpindi,26469,1400.0,Sunday,16,72.2,57.1,16092,22528800.0,HIGH
MUSIC_CONCERT,Karachi,20531,4900.0,Sunday,16,55.4,78.0,11591,56795900.0,HIGH
MUSIC_FESTIVAL,Karachi,16148,5700.0,Saturday,17,59.5,22.3,6757,38514900.0,MEDIUM
CRICKET_MATCH,Karachi,31065,1300.0,Sunday,19,63.2,66.2,18566,24135800.0,HIGH
CRICKET_MATCH,Lahore,30706,1600.0,Sunday,22,62.1,63.4,17946,28713600.0,HIGH
CRICKET_MATCH,Lahore,21620,1700.0,Sunday,20,77.5,85.6,15069,25617300.0,HIGH
MUSIC_FESTIVAL,Lahore,18631,5100.0,Saturday,14,84.2,72.8,11952,60955200.0,HIGH
KABADDI,Karachi,15131,1500.0,Thursday,10,56.1,88.7,7579,11368500.0,MEDIUM
FOOTBALL_MATCH,Islamabad,11709,1500.0,Wednesday,11,94.2,89.2,7552,11328000.0,HIGH
CRICKET_MATCH,Karachi,33986,1700.0,Thursday,21,95.1,51.8,19660,33422000.0,HIGH
CRICKET_MATCH,Lahore,31915,1500.0,Saturday,19,37.6,30.7,13133,19699500.0,MEDIUM
MUSIC_CONCERT,Faisalabad,24721,4300.0,Wednesday,20,36.0,69.2,9245,39753500.0,MEDIUM
CRICKET_MATCH,Faisalabad,23094,3800.0,Thursday,18,62.2,88.2,12275,46645000.0,MEDIUM
KABADDI,Rawalpindi,15415,1000.0,Friday,19,72.8,25.8,7857,7857000.0,MEDIUM
MUSIC_FESTIVAL,Quetta,24078,4900.0,Wednesday,14,52.8,63.5,9677,47417300.0,MEDIUM
CRICKET_MATCH,Karachi,33476,2500.0,Saturday,9,51.6,29.0,15158,37895000.0,MEDIUM
BOXING,Faisalabad,8338,3400.0,Sunday,22,78.4,22.1,4209,14310600.0,MEDIUM
CRICKET_MATCH,Lahore,25472,1300.0,Saturday,10,73.5,73.0,16640,21632000.0,HIGH
KABADDI,Karachi,9363,1300.0,Saturday,16,45.7,73.2,4911,6384300.0,MEDIUM
CRICKET_MATCH,Lahore,37407,2500.0,Saturday,19,91.6,66.9,26093,65232500.0,HIGH
MUSIC_CONCERT,Lahore,22201,2600.0,Friday,16,78.5,87.0,15311,39808600.0,HIGH
CRICKET_MATCH,Lahore,32140,3400.0,Wednesday,14,58.2,26.3,11717,39837800.0,MEDIUM
FOOTBALL_MATCH,Islamabad,8683,2000.0,Sunday,11,78.8,28.2,4613,9226000.0,MEDIUM
KABADDI,Rawalpindi,11507,1300.0,Wednesday,22,42.2,87.4,5142,6684600.0,MEDIUM
CRICKET_MATCH,Karachi,32315,2300.0,Tuesday,10,65.0,59.3,15517,35689100.0,MEDIUM
MUSIC_CONCERT,Lahore,23294,5700.0,Saturday,21,45.8,41.3,10046,57262200.0,MEDIUM
CRICKET_MATCH,Rawalpindi,32414,2500.0,Wednesday,14,37.7,77.6,13685,34212500.0,MEDIUM
BOXING,Islamabad,8107,4000.0,Friday,9,56.7,89.8,4771,19084000.0,HIGH
CRICKET_MATCH,Karachi,20017,3100.0,Monday,22,44.6,73.8,8695,26954500.0,MEDIUM
BOXING,Islamabad,7223,1800.0,Tuesday,18,75.5,81.8,4004,7207200.0,HIGH
CRICKET_MATCH,Lahore,20184,3300.0,Wednesday,14,78.1,42.0,9671,31914300.0,MEDIUM
CRICKET_MATCH,Karachi,35741,3500.0,Monday,17,44.5,42.5,12616,44156000.0,MEDIUM
CRICKET_MATCH,Peshawar,24531,2400.0,Saturday,15,36.6,87.4,13326,31982400.0,MEDIUM
MUSIC_CONCERT,Lahore,8666,7800.0,Sunday,17,85.7,68.0,5486,42790800.0,HIGH
CRICKET_MATCH,Karachi,29255,4000.0,Friday,10,35.1,38.3,11812,47248000.0,MEDIUM
MUSIC_CONCERT,Multan,6468,3600.0,Sunday,19,57.0,60.9,3472,12499200.0,MEDIUM
MUSIC_CONCERT,Islamabad,11291,7900.0,Wednesday,22,66.7,73.5,5361,42351900.0,MEDIUM
CRICKET_MATCH,Lahore,25255,2700.0,Thursday,13,87.4,37.0,12771,34481700.0,MEDIUM
KABADDI,Lahore,9920,1400.0,Tuesday,17,88.7,71.1,5752,8052800.0,HIGH
CRICKET_MATCH,Lahore,22236,3900.0,Saturday,15,81.4,23.3,12020,46878000.0,MEDIUM
CRICKET_MATCH,Islamabad,19939,2900.0,Friday,17,50.8,43.7,9646,27973400.0,MEDIUM
MUSIC_CONCERT,Karachi,7856,4900.0,Saturday,22,81.1,72.6,5086,24921400.0,HIGH
BOXING,Lahore,3050,4700.0,Saturday,19,50.8,31.6,1269,5964300.0,MEDIUM
KABADDI,Faisalabad,13130,800.0,Saturday,14,48.7,37.3,5902,4721600.0,MEDIUM
CRICKET_MATCH,Karachi,33926,2000.0,Saturday,15,70.0,88.6,22876,45752000.0,HIGH
CRICKET_MATCH,Lahore,19360,2400.0,Sunday,18,78.4,72.6,12836,30806400.0,HIGH
CRICKET_MATCH,Karachi,24805,4000.0,Thursday,13,38.4,58.9,9119,36476000.0,MEDIUM
MUSIC_CONCERT,Islamabad,15928,8100.0,Friday,14,38.8,36.4,5990,48519000.0,MEDIUM
FOOTBALL_MATCH,Lahore,19994,1200.0,Saturday,9,85.2,46.6,12133,14559600.0,HIGH
MUSIC_CONCERT,Lahore,15994,7700.0,Saturday,9,90.0,64.8,10266,79048200.0,HIGH
CRICKET_MATCH,Rawalpindi,21045,2100.0,Wednesday,10,73.7,32.1,9390,19719000.0,MEDIUM
CRICKET_MATCH,Karachi,29093,4400.0,Friday,19,62.4,57.6,16048,70611200.0,HIGH
CRICKET_MATCH,Karachi,18257,3200.0,Friday,22,89.1,51.9,11791,37731200.0,HIGH
CRICKET_MATCH,Karachi,29651,1200.0,Friday,12,81.6,57.2,19120,22944000.0,HIGH
CRICKET_MATCH,Lahore,18044,1300.0,Wednesday,19,72.1,28.2,7867,10227100.0,MEDIUM
MUSIC_CONCERT,Lahore,21718,3400.0,Sunday,17,55.5,28.3,9797,33309800.0,MEDIUM
MUSIC_CONCERT,Karachi,21055,3600.0,Saturday,15,47.7,95.2,12374,44546400.0,HIGH
FOOTBALL_MATCH,Lahore,21589,2100.0,Friday,14,61.8,96.4,13759,28893900.0,HIGH
FOOTBALL_MATCH,Lahore,15000,1200.0,Saturday,9,53.4,53.2,7561,9073200.0,MEDIUM
CRICKET_MATCH,Rawalpindi,32480,4400.0,Sunday,13,56.7,81.5,19163,84317200.0,HIGH
MUSIC_CONCERT,Quetta,10085,6300.0,Tuesday,19,68.0,71.2,4892,30819600.0,MEDIUM
CRICKET_MATCH,Rawalpindi,18234,3500.0,Thursday,20,45.8,29.1,5914,20699000.0,LOW
MUSIC_FESTIVAL,Multan,14834,5400.0,Saturday,21,86.6,43.1,8517,45991800.0,HIGH
FOOTBALL_MATCH,Lahore,11207,2300.0,Sunday,12,44.3,44.5,4937,11355100.0,MEDIUM
CRICKET_MATCH,Faisalabad,20400,3400.0,Monday,13,65.8,66.5,10069,34234600.0,MEDIUM
MUSIC_FESTIVAL,Lahore,17609,10800.0,Sunday,19,82.7,65.2,10166,109792800.0,HIGH
CRICKET_MATCH,Faisalabad,30562,4400.0,Friday,17,66.0,92.0,19899,87555600.0,HIGH
KABADDI,Quetta,13551,700.0,Friday,20,58.1,81.6,8079,5655300.0,HIGH
KABADDI,Islamabad,11005,600.0,Thursday,11,65.4,86.8,5912,3547200.0,MEDIUM
CRICKET_MATCH,Quetta,25740,3900.0,Wednesday,12,89.3,89.5,16363,63815700.0,HIGH
CRICKET_MATCH,Karachi,32184,4100.0,Sunday,16,98.4,82.5,24168,99088800.0,HIGH
BOXING,Lahore,8846,3500.0,Sunday,11,75.4,46.0,4888,17108000.0,HIGH
MUSIC_CONCERT,Karachi,4650,4700.0,Friday,21,85.8,36.8,2683,12610100.0,HIGH
CRICKET_MATCH,Karachi,34417,3400.0,Sunday,11,35.9,64.6,16406,55780400.0,MEDIUM
MUSIC_FESTIVAL,Lahore,27416,6100.0,Sunday,21,91.3,73.8,18195,110989500.0,HIGH
CRICKET_MATCH,Islamabad,31119,2000.0,Friday,17,96.1,50.2,21041,42082000.0,HIGH
CRICKET_MATCH,Quetta,25644,2800.0,Saturday,13,71.8,86.2,17168,48070400.0,HIGH
CRICKET_MATCH,Lahore,35494,1900.0,Friday,18,83.2,94.9,26273,49918700.0,HIGH
CRICKET_MATCH,Rawalpindi,26653,2800.0,Saturday,9,67.8,64.4,15991,44774800.0,HIGH
CRICKET_MATCH,Peshawar,32416,4400.0,Monday,15,53.3,55.6,13371,58832400.0,MEDIUM
MUSIC_FESTIVAL,Faisalabad,28894,10600.0,Saturday,15,89.5,85.7,18938,200742800.0,HIGH
CRICKET_MATCH,Faisalabad,19874,4300.0,Monday,14,73.2,21.9,8020,34486000.0,MEDIUM
CRICKET_MATCH,Karachi,37423,3900.0,Sunday,14,72.1,30.1,19561,76287900.0,MEDIUM
CRICKET_MATCH,Faisalabad,28429,2400.0,Sunday,11,77.2,86.0,19673,47215200.0,HIGH
MUSIC_CONCERT,Rawalpindi,16213,7400.0,Wednesday,11,89.8,77.1,9305,68857000.0,HIGH
MUSIC_CONCERT,Lahore,20219,8000.0,Thursday,18,81.8,52.5,9670,77360000.0,MEDIUM
CRICKET_MATCH,Karachi,35640,4300.0,Friday,19,48.5,89.3,20651,88799300.0,HIGH
CRICKET_MATCH,Islamabad,21240,3500.0,Saturday,17,64.9,47.4,11506,40271000.0,MEDIUM
CRICKET_MATCH,Lahore,33802,1900.0,Thursday,9,97.7,69.4,21324,40515600.0,HIGH
CRICKET_MATCH,Islamabad,34122,1300.0,Saturday,15,70.5,69.5,21608,28090400.0,HIGH
CRICKET_MATCH,Islamabad,28903,1700.0,Thursday,21,95.0,34.4,15452,26268400.0,MEDIUM
CRICKET_MATCH,Lahore,19409,4400.0,Monday,20,87.1,42.2,9816,43190400.0,MEDIUM
CRICKET_MATCH,Karachi,28620,2700.0,Monday,19,77.6,91.4,17313,46745100.0,HIGH
FOOTBALL_MATCH,Rawalpindi,9832,2300.0,Tuesday,18,57.4,34.3,3581,8236300.0,MEDIUM
CRICKET_MATCH,Karachi,36408,2700.0,Sunday,15,54.5,33.5,17241,46550700.0,MEDIUM
MUSIC_FESTIVAL,Lahore,13736,9100.0,Sunday,16,76.2,57.4,7489,68149900.0,MEDIUM
MUSIC_FESTIVAL,Lahore,12993,3700.0,Friday,14,62.7,27.2,5933,21952100.0,MEDIUM
KABADDI,Karachi,13634,800.0,Friday,16,86.1,89.8,9830,7864000.0,HIGH
CRICKET_MATCH,Peshawar,21213,2600.0,Tuesday,9,83.7,27.8,9959,25893400.0,MEDIUM
CRICKET_MATCH,Lahore,28355,3300.0,Saturday,9,55.0,68.1,15815,52189500.0,HIGH
CRICKET_MATCH,Islamabad,24208,1800.0,Tuesday,17,80.0,46.5,12296,22132800.0,MEDIUM
MUSIC_CONCERT,Lahore,13644,7100.0,Saturday,20,66.7,82.7,8233,58454300.0,HIGH
FOOTBALL_MATCH,Karachi,14453,1400.0,Sunday,12,55.7,66.0,7853,10994200.0,MEDIUM
MUSIC_CONCERT,Rawalpindi,23137,7400.0,Wednesday,11,61.4,50.3,9265,68561000.0,MEDIUM
MUSIC_FESTIVAL,Islamabad,19093,4300.0,Saturday,14,92.3,96.7,14075,60522500.0,HIGH
CRICKET_MATCH,Lahore,31741,3400.0,Monday,18,58.0,25.2,11460,38964000.0,MEDIUM
KABADDI,Karachi,13328,900.0,Friday,20,53.4,65.1,7143,6428700.0,MEDIUM
CRICKET_MATCH,Lahore,18305,3800.0,Tuesday,21,57.5,97.2,9819,37312200.0,MEDIUM
CRICKET_MATCH,Karachi,19384,2500.0,Friday,20,48.7,73.9,10742,26855000.0,HIGH
CRICKET_MATCH,Islamabad,37751,3400.0,Wednesday,17,69.9,77.7,20270,68918000.0,MEDIUM
CRICKET_MATCH,Lahore,35958,4300.0,Friday,18,44.4,22.5,14277,61391100.0,MEDIUM
MUSIC_CONCERT,Lahore,4872,2600.0,Friday,19,87.3,21.7,2725,7085000.0,HIGH
CRICKET_MATCH,Karachi,26360,1200.0,Thursday,12,49.4,22.8,8912,10694400.0,LOW
FOOTBALL_MATCH,Peshawar,13578,2100.0,Saturday,17,73.3,97.4,9273,19473300.0,HIGH
KABADDI,Quetta,15795,1300.0,Sunday,13,43.0,96.4,9041,11753300.0,HIGH
BOXING,Lahore,4030,2500.0,Friday,21,97.6,46.1,2592,6480000.0,HIGH
CRICKET_MATCH,Rawalpindi,27926,2800.0,Wednesday,15,64.1,42.7,12060,33768000.0,MEDIUM
MUSIC_CONCERT,Karachi,19491,2800.0,Thursday,11,87.6,31.4,9422,26381600.0,MEDIUM
KABADDI,Karachi,12731,800.0,Sunday,11,84.2,45.7,7685,6148000.0,HIGH
CRICKET_MATCH,Rawalpindi,24905,2600.0,Saturday,20,80.7,48.9,15217,39564200.0,HIGH
CRICKET_MATCH,Peshawar,22442,4000.0,Friday,11,88.0,78.4,15763,63052000.0,HIGH
FOOTBALL_MATCH,Faisalabad,11667,1600.0,Tuesday,16,41.4,87.6,5160,8256000.0,MEDIUM
MUSIC_CONCERT,Karachi,21660,6000.0,Friday,22,78.4,78.2,13942,83652000.0,HIGH
KABADDI,Karachi,12553,1600.0,Thursday,14,52.0,70.4,5511,8817600.0,MEDIUM
MUSIC_CONCERT,Rawalpindi,20926,4400.0,Sunday,17,85.3,79.7,14322,63016800.0,HIGH
FOOTBALL_MATCH,Lahore,16546,2000.0,Sunday,17,96.2,77.6,11914,23828000.0,HIGH
CRICKET_MATCH,Karachi,22808,4000.0,Tuesday,16,92.7,57.1,12927,51708000.0,HIGH
CRICKET_MATCH,Karachi,25731,1900.0,Friday,9,42.4,46.2,11977,22756300.0,MEDIUM
CRICKET_MATCH,Islamabad,18583,2400.0,Wednesday,14,58.7,42.1,7672,18412800.0,MEDIUM
BOXING,Lahore,3510,4900.0,Friday,12,58.3,73.0,1917,9393300.0,MEDIUM
MUSIC_CONCERT,Lahore,13138,8400.0,Sunday,12,42.8,94.8,7029,59043600.0,MEDIUM
CRICKET_MATCH,Peshawar,25695,1900.0,Friday,11,41.3,65.3,13081,24853900.0,MEDIUM
FOOTBALL_MATCH,Lahore,11473,900.0,Thursday,20,59.6,91.2,6017,5415300.0,MEDIUM
CRICKET_MATCH,Karachi,19198,2100.0,Wednesday,17,98.5,21.1,9824,20630400.0,MEDIUM
CRICKET_MATCH,Lahore,21995,2500.0,Sunday,10,71.4,82.0,14507,36267500.0,HIGH
CRICKET_MATCH,Lahore,30113,2700.0,Saturday,9,74.8,86.6,20550,55485000.0,HIGH
CRICKET_MATCH,Lahore,22535,3200.0,Friday,22,65.1,69.2,13500,43200000.0,HIGH
CRICKET_MATCH,Lahore,23871,4200.0,Wednesday,18,77.4,92.9,14263,59904600.0,HIGH
CRICKET_MATCH,Multan,37687,2300.0,Thursday,11,96.2,66.0,23138,53217400.0,HIGH
CRICKET_MATCH,Lahore,20447,4000.0,Sunday,21,72.7,38.8,11164,44656000.0,MEDIUM
CRICKET_MATCH,Faisalabad,27408,1500.0,Friday,12,39.2,36.8,11861,17791500.0,MEDIUM
KABADDI,Karachi,13739,600.0,Friday,12,66.5,63.4,8008,4804800.0,HIGH
CRICKET_MATCH,Karachi,24844,2900.0,Friday,14,98.5,90.7,19382,56207800.0,HIGH
MUSIC_FESTIVAL,Karachi,25674,4000.0,Saturday,9,59.8,25.6,11287,45148000.0,MEDIUM
CRICKET_MATCH,Karachi,30413,2500.0,Thursday,9,73.0,67.1,16067,40167500.0,MEDIUM
CRICKET_MATCH,Rawalpindi,33169,4200.0,Wednesday,10,41.8,80.0,14321,60148200.0,MEDIUM
CRICKET_MATCH,Lahore,25549,2000.0,Saturday,12,44.0,29.0,10929,21858000.0,MEDIUM
CRICKET_MATCH,Karachi,26693,3500.0,Saturday,15,91.0,29.1,15852,55482000.0,HIGH
MUSIC_CONCERT,Multan,15063,4300.0,Saturday,14,54.2,48.6,7392,31785600.0,MEDIUM
CRICKET_MATCH,Faisalabad,34770,1300.0,Sunday,19,54.5,41.4,17490,22737000.0,MEDIUM
MUSIC_FESTIVAL,Multan,16603,8200.0,Friday,17,59.8,35.5,7226,59253200.0,MEDIUM
MUSIC_CONCERT,Karachi,6006,7500.0,Monday,15,96.9,35.5,2978,22335000.0,MEDIUM
KABADDI,Rawalpindi,11213,1000.0,Sunday,20,40.4,30.2,4476,4476000.0,MEDIUM
KABADDI,Karachi,8147,1300.0,Friday,13,87.4,67.6,5433,7062900.0,HIGH
BOXING,Karachi,6868,4700.0,Saturday,14,56.9,73.7,3737,17563900.0,MEDIUM
CRICKET_MATCH,Lahore,27530,3800.0,Saturday,18,89.4,74.8,19272,73233600.0,HIGH
KABADDI,Karachi,12037,800.0,Saturday,17,98.5,61.5,8387,6709600.0,HIGH
CRICKET_MATCH,Lahore,24637,3600.0,Wednesday,9,57.3,94.3,13052,46987200.0,MEDIUM
CRICKET_MATCH,Karachi,34736,2900.0,Saturday,19,43.3,88.7,19735,57231500.0,HIGH
FOOTBALL_MATCH,Multan,12964,2100.0,Sunday,17,44.2,94.7,7352,15439200.0,HIGH
KABADDI,Lahore,9188,1100.0,Saturday,14,83.6,50.3,5612,6173200.0,HIGH
MUSIC_CONCERT,Lahore,5302,3300.0,Friday,20,44.3,88.5,2971,9804300.0,HIGH
CRICKET_MATCH,Lahore,25749,3100.0,Tuesday,12,51.7,79.5,12238,37937800.0,MEDIUM
MUSIC_CONCERT,Faisalabad,4846,5500.0,Tuesday,20,48.1,46.5,1717,9443500.0,MEDIUM
CRICKET_MATCH,Karachi,31390,2900.0,Thursday,13,57.8,28.3,11662,33819800.0,MEDIUM
CRICKET_MATCH,Karachi,31735,4100.0,Thursday,21,39.8,73.2,12946,53078600.0,MEDIUM
CRICKET_MATCH,Rawalpindi,32876,4200.0,Sunday,9,89.8,30.6,19339,81223800.0,HIGH
CRICKET_MATCH,Rawalpindi,31967,2700.0,Sunday,15,90.0,42.9,20145,54391500.0,HIGH
CRICKET_MATCH,Karachi,36908,2700.0,Saturday,21,61.4,59.0,20785,56119500.0,HIGH
FOOTBALL_MATCH,Islamabad,9878,1700.0,Friday,21,74.2,73.0,6204,10546800.0,HIGH
MUSIC_CONCERT,Rawalpindi,8105,5600.0,Wednesday,16,76.1,92.2,4643,26000800.0,HIGH
CRICKET_MATCH,Islamabad,20819,4300.0,Sunday,19,83.0,66.3,13560,58308000.0,HIGH
FOOTBALL_MATCH,Lahore,21907,1900.0,Friday,13,68.3,72.4,13212,25102800.0,HIGH
MUSIC_CONCERT,Multan,12077,4200.0,Tuesday,10,67.7,44.2,5206,21865200.0,MEDIUM
MUSIC_CONCERT,Karachi,16022,5700.0,Friday,16,75.4,73.6,9982,56897400.0,HIGH
FOOTBALL_MATCH,Lahore,17250,1900.0,Sunday,18,80.0,54.1,10371,19704900.0,HIGH
CRICKET_MATCH,Karachi,36873,3300.0,Sunday,15,57.2,86.8,22594,74560200.0,HIGH
MUSIC_CONCERT,Lahore,23648,6000.0,Monday,18,56.1,50.6,9247,55482000.0,MEDIUM
KABADDI,Lahore,12023,700.0,Sunday,17,52.3,56.5,6152,4306400.0,MEDIUM
CRICKET_MATCH,Rawalpindi,29793,1300.0,Thursday,12,70.1,53.7,14666,19065800.0,MEDIUM
CRICKET_MATCH,Lahore,36677,2300.0,Monday,19,58.0,83.3,18850,43355000.0,MEDIUM
MUSIC_CONCERT,Karachi,21058,5100.0,Sunday,17,69.6,94.4,13844,70604400.0,HIGH
CRICKET_MATCH,Karachi,28070,1400.0,Sunday,12,61.0,45.5,15072,21100800.0,MEDIUM
MUSIC_FESTIVAL,Lahore,14257,10400.0,Saturday,11,88.6,57.1,8297,86288800.0,HIGH
CRICKET_MATCH,Faisalabad,19011,2300.0,Saturday,19,39.7,75.1,9977,22947100.0,MEDIUM
MUSIC_CONCERT,Lahore,20616,8000.0,Sunday,11,71.6,89.8,13056,104448000.0,HIGH
CRICKET_MATCH,Karachi,37411,1700.0,Sunday,18,71.8,58.5,22741,38659700.0,HIGH
FOOTBALL_MATCH,Karachi,21633,900.0,Sunday,10,59.6,28.5,10117,9105300.0,MEDIUM
MUSIC_CONCERT,Lahore,23993,5400.0,Saturday,18,61.9,48.8,12295,66393000.0,MEDIUM
CRICKET_MATCH,Lahore,20173,1800.0,Sunday,11,86.2,62.9,13560,24408000.0,HIGH
KABADDI,Islamabad,9384,1700.0,Sunday,22,53.0,52.6,4670,7939000.0,MEDIUM
CRICKET_MATCH,Faisalabad,36712,1200.0,Tuesday,16,90.8,34.6,19194,23032800.0,MEDIUM
CRICKET_MATCH,Lahore,18797,2600.0,Sunday,19,92.4,22.9,11088,28828800.0,HIGH
CRICKET_MATCH,Islamabad,25121,4300.0,Friday,16,76.6,73.6,16217,69733100.0,HIGH
BOXING,Islamabad,8402,2800.0,Friday,10,84.5,97.4,6050,16940000.0,HIGH
CRICKET_MATCH,Rawalpindi,32986,1500.0,Saturday,19,74.2,91.7,23131,34696500.0,HIGH
CRICKET_MATCH,Karachi,25690,2200.0,Monday,10,68.6,73.3,13600,29920000.0,MEDIUM
CRICKET_MATCH,Karachi,30669,2800.0,Friday,10,96.9,85.6,23373,65444400.0,HIGH
KABADDI,Karachi,8589,700.0,Sunday,18,53.1,39.9,4064,2844800.0,MEDIUM
MUSIC_CONCERT,Islamabad,21847,5300.0,Wednesday,15,44.9,68.5,8709,46157700.0,MEDIUM
CRICKET_MATCH,Rawalpindi,29554,4000.0,Friday,14,53.4,24.7,12956,51824000.0,MEDIUM
CRICKET_MATCH,Lahore,37494,4100.0,Sunday,20,74.3,75.2,24083,98740300.0,HIGH
MUSIC_FESTIVAL,Karachi,25431,3900.0,Friday,19,46.9,95.7,14425,56257500.0,HIGH
CRICKET_MATCH,Peshawar,22871,1700.0,Friday,9,93.2,87.1,17373,29534100.0,HIGH
MUSIC_CONCERT,Rawalpindi,17354,4200.0,Friday,10,61.3,61.7,9558,40143600.0,HIGH
MUSIC_CONCERT,Quetta,9289,6100.0,Friday,22,89.4,81.5,6432,39235200.0,HIGH
MUSIC_CONCERT,Rawalpindi,24819,4700.0,Saturday,9,51.0,93.6,14605,68643500.0,HIGH
CRICKET_MATCH,Karachi,35945,4000.0,Sunday,20,55.0,36.8,17061,68244000.0,MEDIUM
MUSIC_CONCERT,Karachi,19831,6800.0,Friday,19,38.8,81.9,9893,67272400.0,MEDIUM
MUSIC_CONCERT,Islamabad,10286,3100.0,Sunday,15,51.5,41.0,4834,14985400.0,MEDIUM
KABADDI,Lahore,13843,1300.0,Saturday,14,66.4,88.4,8861,11519300.0,HIGH
CRICKET_MATCH,Karachi,34958,1600.0,Thursday,10,95.6,27.7,18206,29129600.0,MEDIUM
CRICKET_MATCH,Islamabad,31916,2000.0,Saturday,10,59.9,33.9,15947,31894000.0,MEDIUM
CRICKET_MATCH,Lahore,27934,1800.0,Saturday,10,75.9,76.2,18626,33526800.0,HIGH
FOOTBALL_MATCH,Rawalpindi,20762,1100.0,Saturday,16,62.4,33.6,10164,11180400.0,MEDIUM
KABADDI,Karachi,10016,1300.0,Monday,22,38.0,32.3,2939,3820700.0,LOW
CRICKET_MATCH,Faisalabad,28550,3100.0,Wednesday,15,67.2,63.3,14072,43623200.0,MEDIUM
FOOTBALL_MATCH,Lahore,15227,1100.0,Thursday,9,39.2,85.1,6567,7223700.0,MEDIUM
CRICKET_MATCH,Lahore,22024,4500.0,Thursday,12,91.6,40.9,11423,51403500.0,MEDIUM
KABADDI,Islamabad,14722,1000.0,Saturday,19,83.2,85.6,10279,10279000.0,HIGH
MUSIC_FESTIVAL,Lahore,25374,4300.0,Monday,12,59.2,83.0,12149,52240700.0,MEDIUM
CRICKET_MATCH,Islamabad,20120,1600.0,Saturday,15,76.0,65.2,12898,20636800.0,HIGH
CRICKET_MATCH,Rawalpindi,36825,3100.0,Thursday,10,42.2,70.4,15352,47591200.0,MEDIUM
CRICKET_MATCH,Lahore,23877,4400.0,Thursday,12,80.0,23.2,10306,45346400.0,MEDIUM
KABADDI,Karachi,8520,1200.0,Friday,9,87.7,48.6,5293,6351600.0,HIGH
MUSIC_CONCERT,Karachi,24792,8200.0,Wednesday,21,87.6,40.5,11618,95267600.0,MEDIUM
MUSIC_FESTIVAL,Karachi,25335,7300.0,Sunday,21,53.2,31.7,10317,75314100.0,MEDIUM
CRICKET_MATCH,Peshawar,32659,2600.0,Tuesday,19,51.9,50.4,13284,34538400.0,MEDIUM
MUSIC_FESTIVAL,Rawalpindi,8964,7800.0,Friday,19,68.4,47.7,4489,35014200.0,MEDIUM
CRICKET_MATCH,Islamabad,20134,3500.0,Sunday,12,96.9,76.9,14808,51828000.0,HIGH
KABADDI,Islamabad,10454,1000.0,Saturday,19,93.9,66.7,7225,7225000.0,HIGH
CRICKET_MATCH,Karachi,20244,4100.0,Thursday,22,58.0,91.2,10551,43259100.0,MEDIUM
MUSIC_CONCERT,Peshawar,6803,2700.0,Friday,9,84.9,31.3,3903,10538100.0,HIGH
FOOTBALL_MATCH,Islamabad,11911,1500.0,Saturday,10,94.0,24.7,6944,10416000.0,HIGH
BOXING,Islamabad,6024,3300.0,Sunday,10,51.7,61.7,3038,10025400.0,MEDIUM
MUSIC_CONCERT,Multan,5408,6100.0,Sunday,20,88.1,20.1,2888,17616800.0,MEDIUM
CRICKET_MATCH,Lahore,31195,2100.0,Thursday,18,52.1,81.4,15237,31997700.0,MEDIUM
CRICKET_MATCH,Rawalpindi,29170,2600.0,Sunday,20,57.0,59.5,16003,41607800.0,MEDIUM
MUSIC_CONCERT,Lahore,11663,5400.0,Monday,11,47.7,58.1,4461,24089400.0,MEDIUM
CRICKET_MATCH,Karachi,27809,3500.0,Monday,16,67.5,48.3,12618,44163000.0,MEDIUM
CRICKET_MATCH,Karachi,25113,3800.0,Sunday,19,89.0,49.2,15935,60553000.0,HIGH
FOOTBALL_MATCH,Faisalabad,16142,2100.0,Wednesday,14,68.8,53.6,7370,15477000.0,MEDIUM
KABADDI,Multan,12377,900.0,Monday,14,42.9,21.3,3553,3197700.0,LOW
CRICKET_MATCH,Islamabad,31778,4500.0,Wednesday,17,51.1,26.5,10512,47304000.0,LOW
CRICKET_MATCH,Islamabad,35772,4000.0,Friday,16,71.0,59.4,21146,84584000.0,HIGH
CRICKET_MATCH,Karachi,22367,2100.0,Saturday,10,72.3,31.7,12077,25361700.0,MEDIUM
CRICKET_MATCH,Faisalabad,30679,1800.0,Saturday,14,71.9,80.7,20341,36613800.0,HIGH
MUSIC_CONCERT,Karachi,14786,4400.0,Wednesday,9,39.9,41.4,4708,20715200.0,LOW
MUSIC_FESTIVAL,Karachi,21012,7300.0,Friday,21,83.2,27.6,10705,78146500.0,MEDIUM
KABADDI,Lahore,15938,1600.0,Sunday,22,93.2,38.3,9775,15640000.0,HIGH
CRICKET_MATCH,Rawalpindi,29693,3800.0,Sunday,17,67.7,47.9,16373,62217400.0,HIGH
MUSIC_FESTIVAL,Islamabad,19051,10700.0,Thursday,12,81.0,22.8,6965,74525500.0,MEDIUM
FOOTBALL_MATCH,Karachi,11978,1300.0,Sunday,12,93.5,31.1,7169,9319700.0,HIGH
CRICKET_MATCH,Lahore,33611,3200.0,Saturday,17,76.1,45.3,19514,62444800.0,HIGH
MUSIC_FESTIVAL,Rawalpindi,12490,5900.0,Monday,11,78.2,44.2,5520,32568000.0,MEDIUM
MUSIC_CONCERT,Lahore,21236,3200.0,Monday,13,81.2,82.4,12404,39692800.0,HIGH
MUSIC_CONCERT,Islamabad,10377,6600.0,Wednesday,9,51.7,85.8,4757,31396200.0,MEDIUM
MUSIC_CONCERT,Faisalabad,13903,3400.0,Saturday,14,72.3,35.1,7384,25105600.0,MEDIUM
CRICKET_MATCH,Karachi,32567,3400.0,Wednesday,11,88.9,29.7,15899,54056600.0,MEDIUM
CRICKET_MATCH,Lahore,33788,3300.0,Friday,9,54.0,69.5,18837,62162100.0,HIGH
BOXING,Islamabad,5030,4300.0,Tuesday,18,92.4,82.8,3032,13037600.0,HIGH
CRICKET_MATCH,Rawalpindi,35440,1700.0,Sunday,14,74.7,95.2,25180,42806000.0,HIGH
CRICKET_MATCH,Karachi,20260,3800.0,Thursday,22,62.1,20.5,7332,27861600.0,MEDIUM
MUSIC_CONCERT,Faisalabad,21292,8500.0,Sunday,20,74.9,52.3,11677,99254500.0,MEDIUM
MUSIC_CONCERT,Lahore,20833,7600.0,Sunday,18,60.7,77.3,11748,89284800.0,HIGH
FOOTBALL_MATCH,Karachi,8568,2100.0,Monday,10,88.6,84.6,5212,10945200.0,HIGH
MUSIC_CONCERT,Islamabad,7498,6500.0,Friday,16,65.9,24.9,3450,22425000.0,MEDIUM
MUSIC_CONCERT,Multan,17961,5000.0,Monday,22,92.7,73.1,10624,53120000.0,HIGH
BOXING,Lahore,5326,4100.0,Sunday,21,67.6,42.5,2719,11147900.0,MEDIUM
CRICKET_MATCH,Rawalpindi,30501,3600.0,Friday,19,77.3,25.8,16274,58586400.0,MEDIUM
CRICKET_MATCH,Karachi,19308,3300.0,Monday,20,98.9,58.2,11539,38078700.0,HIGH
CRICKET_MATCH,Karachi,33902,3800.0,Tuesday,10,44.4,32.3,11019,41872200.0,LOW
CRICKET_MATCH,Lahore,18717,2700.0,Friday,12,82.2,77.5,12866,34738200.0,HIGH
CRICKET_MATCH,Multan,21345,1600.0,Sunday,22,43.9,77.8,11786,18857600.0,HIGH
CRICKET_MATCH,Lahore,33370,3000.0,Saturday,11,88.7,85.7,24367,73101000.0,HIGH
FOOTBALL_MATCH,Karachi,15214,1300.0,Sunday,17,73.2,49.5,8647,11241100.0,HIGH
MUSIC_FESTIVAL,Lahore,21953,6800.0,Friday,10,95.0,21.0,11870,80716000.0,MEDIUM
CRICKET_MATCH,Multan,37102,1300.0,Monday,11,90.4,40.3,19845,25798500.0,MEDIUM
MUSIC_CONCERT,Islamabad,13095,4800.0,Sunday,15,39.8,56.5,5932,28473600.0,MEDIUM
BOXING,Rawalpindi,4450,4300.0,Monday,12,43.8,74.1,1775,7632500.0,MEDIUM
CRICKET_MATCH,Lahore,35839,3000.0,Sunday,14,73.5,49.8,20911,62733000.0,HIGH
MUSIC_FESTIVAL,Islamabad,15035,3600.0,Friday,11,68.2,61.8,8486,30549600.0,HIGH
KABADDI,Karachi,10230,1100.0,Monday,9,45.8,60.9,4046,4450600.0,MEDIUM
CRICKET_MATCH,Rawalpindi,18531,2200.0,Saturday,19,43.3,32.9,8033,17672600.0,MEDIUM
MUSIC_CONCERT,Peshawar,6267,5400.0,Sunday,14,71.1,68.6,3738,20185200.0,HIGH
CRICKET_MATCH,Lahore,34716,2500.0,Sunday,12,38.1,54.3,16158,40395000.0,MEDIUM
BOXING,Islamabad,8249,4800.0,Wednesday,10,90.9,83.0,4902,23529600.0,HIGH
CRICKET_MATCH,Lahore,34130,1300.0,Wednesday,15,86.7,73.9,20649,26843700.0,HIGH
MUSIC_CONCERT,Karachi,17736,6600.0,Saturday,18,85.3,28.7,9606,63399600.0,MEDIUM
CRICKET_MATCH,Lahore,27513,4000.0,Saturday,21,36.0,58.1,12564,50256000.0,MEDIUM
KABADDI,Karachi,14012,1700.0,Saturday,20,38.0,74.8,6962,11835400.0,MEDIUM
CRICKET_MATCH,Karachi,30244,1800.0,Wednesday,21,70.2,26.8,12760,22968000.0,MEDIUM
BOXING,Islamabad,4708,3400.0,Sunday,13,98.6,81.8,3436,11682400.0,HIGH
MUSIC_CONCERT,Karachi,15718,2800.0,Saturday,14,56.9,37.3,7592,21257600.0,MEDIUM
FOOTBALL_MATCH,Islamabad,8400,1600.0,Sunday,14,57.0,59.2,4450,7120000.0,MEDIUM
KABADDI,Karachi,13039,700.0,Saturday,22,43.6,93.4,7449,5214300.0,HIGH
FOOTBALL_MATCH,Lahore,19822,2200.0,Friday,17,78.2,64.6,12263,26978600.0,HIGH
MUSIC_CONCERT,Rawalpindi,15229,3200.0,Sunday,20,76.4,53.1,9029,28892800.0,HIGH
FOOTBALL_MATCH,Lahore,11991,1700.0,Saturday,10,41.5,20.5,4487,7627900.0,MEDIUM
MUSIC_CONCERT,Karachi,21441,5600.0,Sunday,20,64.9,30.4,10213,57192800.0,MEDIUM
MUSIC_CONCERT,Islamabad,11933,8300.0,Sunday,14,77.7,65.1,7068,58664400.0,HIGH
CRICKET_MATCH,Karachi,32583,3400.0,Saturday,17,66.6,58.5,18786,63872400.0,HIGH
CRICKET_MATCH,Lahore,37377,2100.0,Saturday,20,78.2,48.4,22569,47394900.0,HIGH
CRICKET_MATCH,Karachi,26233,2000.0,Monday,12,87.2,92.0,16980,33960000.0,HIGH
MUSIC_CONCERT,Faisalabad,17088,3300.0,Monday,21,78.9,45.9,8263,27267900.0,MEDIUM
CRICKET_MATCH,Islamabad,34410,3700.0,Wednesday,20,74.4,61.9,17626,65216200.0,MEDIUM
FOOTBALL_MATCH,Islamabad,11533,2000.0,Wednesday,21,89.6,64.4,6485,12970000.0,HIGH
MUSIC_CONCERT,Islamabad,6618,6200.0,Thursday,21,92.6,61.1,3658,22679600.0,HIGH
CRICKET_MATCH,Lahore,27362,1300.0,Thursday,19,59.9,57.3,12669,16469700.0,MEDIUM
KABADDI,Karachi,12639,1500.0,Friday,14,46.1,46.3,5781,8671500.0,MEDIUM
CRICKET_MATCH,Rawalpindi,25042,3300.0,Friday,15,87.3,90.9,18428,60812400.0,HIGH
CRICKET_MATCH,Lahore,29391,4400.0,Tuesday,9,48.7,55.2,11587,50982800.0,MEDIUM
MUSIC_CONCERT,Lahore,6018,6000.0,Monday,13,94.5,61.2,3379,20274000.0,HIGH
CRICKET_MATCH,Lahore,30952,2200.0,Saturday,12,36.5,71.2,15592,34302400.0,MEDIUM
CRICKET_MATCH,Karachi,34240,2500.0,Saturday,21,94.0,25.3,20632,51580000.0,HIGH
MUSIC_CONCERT,Quetta,23282,3600.0,Friday,21,72.7,80.9,15033,54118800.0,HIGH
CRICKET_MATCH,Lahore,20047,3600.0,Saturday,21,84.6,60.0,12959,46652400.0,HIGH
MUSIC_FESTIVAL,Karachi,29586,9500.0,Sunday,18,60.5,71.3,15335,145682500.0,MEDIUM
MUSIC_FESTIVAL,Lahore,25942,5200.0,Friday,10,98.5,80.2,18495,96174000.0,HIGH
CRICKET_MATCH,Faisalabad,19722,1700.0,Saturday,10,49.6,88.2,11811,20078700.0,HIGH
CRICKET_MATCH,Lahore,22052,1500.0,Sunday,10,51.9,50.6,11354,17031000.0,MEDIUM
MUSIC_CONCERT,Karachi,5651,8000.0,Sunday,15,38.3,83.3,2781,22248000.0,MEDIUM
FOOTBALL_MATCH,Islamabad,13222,1200.0,Friday,19,95.2,40.2,8308,9969600.0,HIGH
CRICKET_MATCH,Islamabad,19778,2300.0,Saturday,21,64.2,71.5,12019,27643700.0,HIGH
MUSIC_CONCERT,Karachi,4683,4200.0,Wednesday,19,78.2,28.0,2013,8454600.0,MEDIUM
CRICKET_MATCH,Karachi,27471,2600.0,Saturday,12,79.0,21.6,14734,38308400.0,MEDIUM
MUSIC_CONCERT,Karachi,22394,6800.0,Sunday,14,91.0,27.5,12510,85068000.0,HIGH
CRICKET_MATCH,Lahore,31937,4100.0,Friday,15,77.6,44.9,18490,75809000.0,HIGH
CRICKET_MATCH,Lahore,36966,1800.0,Sunday,17,71.0,22.4,18997,34194600.0,MEDIUM
CRICKET_MATCH,Karachi,26505,3500.0,Friday,19,80.5,69.2,17354,60739000.0,HIGH
MUSIC_FESTIVAL,Lahore,15443,6500.0,Sunday,10,83.1,44.7,8608,55952000.0,HIGH
BOXING,Lahore,6994,4900.0,Saturday,18,46.9,77.4,3599,17635100.0,MEDIUM
MUSIC_CONCERT,Islamabad,9492,4300.0,Monday,20,42.0,23.6,2681,11528300.0,LOW
CRICKET_MATCH,Faisalabad,34827,1200.0,Saturday,21,39.8,36.9,15231,18277200.0,MEDIUM
CRICKET_MATCH,Islamabad,36055,2900.0,Thursday,17,58.9,51.8,15662,45419800.0,MEDIUM
CRICKET_MATCH,Lahore,21266,1700.0,Monday,19,66.9,49.8,9947,16909900.0,MEDIUM
FOOTBALL_MATCH,Lahore,15425,900.0,Sunday,13,74.4,30.2,8135,7321500.0,MEDIUM
KABADDI,Faisalabad,11909,1400.0,Thursday,21,96.3,97.5,8030,11242000.0,HIGH
KABADDI,Lahore,13014,1500.0,Sunday,14,56.2,42.2,6312,9468000.0,MEDIUM
CRICKET_MATCH,Lahore,29287,2700.0,Thursday,14,83.7,76.2,17273,46637100.0,HIGH
MUSIC_FESTIVAL,Karachi,15819,9300.0,Wednesday,19,69.0,37.2,5795,53893500.0,MEDIUM
CRICKET_MATCH,Islamabad,32837,3000.0,Sunday,11,49.1,88.5,19331,57993000.0,HIGH
MUSIC_FESTIVAL,Islamabad,23186,8900.0,Friday,19,74.4,50.2,12100,107690000.0,MEDIUM
CRICKET_MATCH,Lahore,28056,3200.0,Saturday,19,96.9,90.3,21633,69225600.0,HIGH
FOOTBALL_MATCH,Lahore,8715,1900.0,Saturday,18,43.0,46.7,3869,7351100.0,MEDIUM
CRICKET_MATCH,Faisalabad,35275,1900.0,Saturday,15,67.5,20.7,17491,33232900.0,MEDIUM
CRICKET_MATCH,Lahore,34884,2100.0,Sunday,21,38.3,60.3,16882,35452200.0,MEDIUM
KABADDI,Islamabad,8640,1100.0,Saturday,15,55.6,60.9,4599,5058900.0,MEDIUM
CRICKET_MATCH,Islamabad,30694,2700.0,Friday,16,74.7,29.3,16538,44652600.0,MEDIUM
CRICKET_MATCH,Islamabad,26894,3800.0,Sunday,13,88.8,38.3,16312,61985600.0,HIGH
MUSIC_CONCERT,Karachi,22717,4700.0,Wednesday,10,81.7,81.1,13001,61104700.0,HIGH
BOXING,Lahore,5194,2100.0,Saturday,21,64.6,22.9,2410,5061000.0,MEDIUM
MUSIC_CONCERT,Karachi,14201,4000.0,Sunday,11,93.2,58.2,9416,37664000.0,HIGH
CRICKET_MATCH,Multan,28515,1900.0,Saturday,17,54.4,61.4,15640,29716000.0,MEDIUM
KABADDI,Faisalabad,15077,1500.0,Sunday,14,83.3,73.7,10032,15048000.0,HIGH
KABADDI,Lahore,7591,1100.0,Saturday,16,65.3,22.9,3595,3954500.0,MEDIUM
CRICKET_MATCH,Lahore,28443,3500.0,Sunday,16,92.5,65.7,19654,68789000.0,HIGH
FOOTBALL_MATCH,Faisalabad,12440,1500.0,Sunday,22,86.0,20.2,6739,10108500.0,MEDIUM
CRICKET_MATCH,Islamabad,19783,4100.0,Thursday,13,92.7,40.7,10387,42586700.0,MEDIUM
CRICKET_MATCH,Multan,31113,4400.0,Wednesday,9,48.7,59.0,12561,55268400.0,MEDIUM
CRICKET_MATCH,Lahore,23385,3400.0,Friday,14,77.8,91.1,16371,55661400.0,HIGH
CRICKET_MATCH,Karachi,22117,4100.0,Saturday,15,82.3,29.9,12365,50696500.0,HIGH
BOXING,Islamabad,9982,3300.0,Wednesday,17,82.5,33.2,4478,14777400.0,MEDIUM
BOXING,Islamabad,5583,4800.0,Monday,10,67.3,72.2,2673,12830400.0,MEDIUM
MUSIC_FESTIVAL,Karachi,17921,10600.0,Thursday,20,35.7,49.2,4703,49851800.0,LOW
MUSIC_CONCERT,Lahore,17407,8500.0,Sunday,21,51.7,68.6,8741,74298500.0,MEDIUM
CRICKET_MATCH,Karachi,33316,3300.0,Saturday,10,55.7,97.8,21143,69771900.0,HIGH
MUSIC_CONCERT,Lahore,17756,7200.0,Friday,18,89.5,97.0,12855,92556000.0,HIGH
MUSIC_CONCERT,Karachi,19348,5800.0,Wednesday,9,88.8,47.6,9820,56956000.0,MEDIUM
CRICKET_MATCH,Faisalabad,20430,2100.0,Friday,13,41.7,59.3,10097,21203700.0,MEDIUM
KABADDI,Karachi,11669,1000.0,Wednesday,10,95.8,90.6,7678,7678000.0,HIGH
MUSIC_FESTIVAL,Rawalpindi,15060,11100.0,Tuesday,11,46.7,27.2,3693,40992300.0,LOW
KABADDI,Lahore,14583,600.0,Sunday,10,61.5,55.3,7931,4758600.0,MEDIUM
MUSIC_FESTIVAL,Islamabad,10936,8500.0,Sunday,19,48.8,49.5,4668,39678000.0,MEDIUM
CRICKET_MATCH,Faisalabad,29864,2400.0,Wednesday,12,90.1,43.0,15914,38193600.0,MEDIUM
CRICKET_MATCH,Lahore,27307,2500.0,Monday,19,83.0,97.5,17526,43815000.0,HIGH
CRICKET_MATCH,Lahore,24709,4100.0,Thursday,11,57.6,77.2,11976,49101600.0,MEDIUM
KABADDI,Karachi,15075,1600.0,Friday,17,78.6,50.3,8872,14195200.0,HIGH
MUSIC_CONCERT,Lahore,24707,6100.0,Wednesday,18,46.8,84.7,10889,66422900.0,MEDIUM
MUSIC_FESTIVAL,Islamabad,14616,5800.0,Thursday,20,59.5,58.2,5956,34544800.0,MEDIUM
CRICKET_MATCH,Peshawar,20419,2800.0,Wednesday,10,59.1,88.1,10753,30108400.0,MEDIUM
CRICKET_MATCH,Karachi,19399,2500.0,Saturday,15,50.2,40.8,9254,23135000.0,MEDIUM
MUSIC_CONCERT,Lahore,13768,4600.0,Saturday,19,91.1,37.4,8247,37936200.0,HIGH
KABADDI,Karachi,8084,600.0,Saturday,22,78.4,39.3,4586,2751600.0,HIGH
CRICKET_MATCH,Islamabad,32245,3000.0,Friday,11,52.9,62.0,17306,51918000.0,MEDIUM
FOOTBALL_MATCH,Lahore,20978,1300.0,Sunday,18,50.5,42.7,9781,12715300.0,MEDIUM
MUSIC_CONCERT,Karachi,18436,6500.0,Sunday,16,36.1,31.5,6726,43719000.0,MEDIUM
MUSIC_CONCERT,Islamabad,5535,4400.0,Wednesday,12,57.2,97.6,2899,12755600.0,MEDIUM
FOOTBALL_MATCH,Islamabad,12753,1500.0,Wednesday,22,68.7,90.2,7038,10557000.0,HIGH
CRICKET_MATCH,Lahore,26281,1400.0,Friday,12,52.8,69.5,14880,20832000.0,HIGH
MUSIC_FESTIVAL,Islamabad,23365,11900.0,Tuesday,17,79.8,89.5,12139,144454100.0,MEDIUM
BOXING,Lahore,8258,3300.0,Friday,19,61.4,93.0,5112,16869600.0,HIGH
CRICKET_MATCH,Lahore,22190,1300.0,Saturday,11,55.2,72.7,12956,16842800.0,HIGH
CRICKET_MATCH,Multan,36038,3000.0,Friday,15,95.1,60.5,24910,74730000.0,HIGH
MUSIC_CONCERT,Islamabad,14093,7700.0,Thursday,9,51.8,88.8,6463,49765100.0,MEDIUM
CRICKET_MATCH,Lahore,28871,3700.0,Saturday,15,60.5,64.3,16344,60472800.0,HIGH
CRICKET_MATCH,Lahore,25452,3500.0,Sunday,18,59.5,29.9,12159,42556500.0,MEDIUM
FOOTBALL_MATCH,Lahore,16557,1000.0,Wednesday,19,50.4,48.6,6337,6337000.0,MEDIUM
CRICKET_MATCH,Lahore,21960,3400.0,Saturday,10,48.9,54.8,11000,37400000.0,MEDIUM
KABADDI,Lahore,12834,1500.0,Monday,20,54.4,93.0,6484,9726000.0,MEDIUM
CRICKET_MATCH,Lahore,28564,3100.0,Monday,22,90.3,71.4,17132,53109200.0,HIGH
BOXING,Karachi,9550,4600.0,Saturday,22,84.1,88.3,6526,30019600.0,HIGH
CRICKET_MATCH,Islamabad,23091,2100.0,Tuesday,14,78.6,79.1,13441,28226100.0,HIGH
CRICKET_MATCH,Islamabad,34902,2000.0,Monday,21,64.3,44.2,15423,30846000.0,MEDIUM
CRICKET_MATCH,Islamabad,21710,4100.0,Wednesday,17,67.5,76.1,11269,46202900.0,MEDIUM
MUSIC_FESTIVAL,Lahore,25213,8800.0,Saturday,14,52.1,35.2,10121,89064800.0,MEDIUM
MUSIC_CONCERT,Faisalabad,10627,2500.0,Saturday,11,39.8,51.8,4859,12147500.0,MEDIUM
CRICKET_MATCH,Rawalpindi,25988,2400.0,Wednesday,9,56.2,82.9,13137,31528800.0,MEDIUM
MUSIC_CONCERT,Rawalpindi,6986,7600.0,Saturday,20,66.7,67.7,3929,29860400.0,HIGH
KABADDI,Rawalpindi,12775,500.0,Wednesday,20,38.7,84.4,5516,2758000.0,MEDIUM
MUSIC_FESTIVAL,Peshawar,29198,3500.0,Saturday,12,40.6,39.9,11880,41580000.0,MEDIUM
CRICKET_MATCH,Karachi,28509,2100.0,Friday,12,51.8,78.5,16538,34729800.0,HIGH
BOXING,Lahore,3604,4700.0,Saturday,21,58.5,35.8,1641,7712700.0,MEDIUM
CRICKET_MATCH,Islamabad,33300,4200.0,Sunday,16,60.2,62.5,18548,77901600.0,HIGH
CRICKET_MATCH,Islamabad,30665,2900.0,Sunday,18,42.5,53.8,14655,42499500.0,MEDIUM
MUSIC_FESTIVAL,Islamabad,24560,8200.0,Monday,18,49.5,63.4,8997,73775400.0,MEDIUM
KABADDI,Karachi,15906,900.0,Sunday,22,51.7,30.6,7051,6345900.0,MEDIUM
CRICKET_MATCH,Lahore,24170,2000.0,Monday,21,39.3,48.2,8657,17314000.0,MEDIUM
CRICKET_MATCH,Karachi,20623,3900.0,Sunday,15,55.9,72.0,11687,45579300.0,HIGH
MUSIC_CONCERT,Peshawar,23162,3100.0,Thursday,18,39.6,63.6,8843,27413300.0,MEDIUM
KABADDI,Karachi,9752,1100.0,Friday,15,80.0,62.8,6129,6741900.0,HIGH
CRICKET_MATCH,Karachi,22365,3300.0,Tuesday,15,59.7,59.8,10168,33554400.0,MEDIUM
MUSIC_FESTIVAL,Lahore,19379,4400.0,Tuesday,20,55.9,93.6,9539,41971600.0,MEDIUM
CRICKET_MATCH,Karachi,22340,2900.0,Saturday,10,43.1,92.9,12910,37439000.0,HIGH
CRICKET_MATCH,Multan,22755,3100.0,Sunday,17,49.5,48.1,11116,34459600.0,MEDIUM
MUSIC_FESTIVAL,Islamabad,23963,9800.0,Saturday,14,49.9,47.4,9986,97862800.0,MEDIUM
CRICKET_MATCH,Rawalpindi,27098,2000.0,Saturday,10,98.1,63.3,19413,38826000.0,HIGH
CRICKET_MATCH,Karachi,33991,2200.0,Saturday,9,88.5,27.5,20038,44083600.0,HIGH
KABADDI,Islamabad,9521,1200.0,Thursday,19,36.0,43.6,2998,3597600.0,LOW
MUSIC_CONCERT,Lahore,22259,8400.0,Monday,9,74.5,38.0,9168,77011200.0,MEDIUM
CRICKET_MATCH,Islamabad,21958,1900.0,Monday,9,51.4,37.4,8283,15737700.0,MEDIUM
MUSIC_FESTIVAL,Karachi,10136,11900.0,Friday,12,41.7,69.8,4332,51550800.0,MEDIUM
MUSIC_CONCERT,Karachi,14788,6800.0,Wednesday,12,80.2,50.0,7015,47702000.0,MEDIUM
CRICKET_MATCH,Islamabad,27045,3900.0,Monday,22,43.4,33.4,8745,34105500.0,LOW
MUSIC_CONCERT,Peshawar,4506,3000.0,Wednesday,20,63.4,89.2,2414,7242000.0,MEDIUM
CRICKET_MATCH,Lahore,26599,2200.0,Tuesday,17,75.5,88.2,15760,34672000.0,HIGH
CRICKET_MATCH,Rawalpindi,26715,1400.0,Sunday,21,70.5,87.3,18088,25323200.0,HIGH
MUSIC_CONCERT,Lahore,7050,4700.0,Tuesday,20,97.6,50.5,3916,18405200.0,HIGH
MUSIC_FESTIVAL,Karachi,22783,11800.0,Saturday,20,85.3,24.4,10892,128525600.0,MEDIUM
CRICKET_MATCH,Lahore,20397,1500.0,Saturday,9,84.5,28.3,11858,17787000.0,HIGH
CRICKET_MATCH,Karachi,25912,3100.0,Saturday,11,57.8,41.5,13037,40414700.0,MEDIUM
FOOTBALL_MATCH,Karachi,19091,800.0,Tuesday,11,35.5,37.2,5722,4577600.0,LOW
CRICKET_MATCH,Lahore,19309,3600.0,Thursday,16,82.0,88.2,11724,42206400.0,HIGH
CRICKET_MATCH,Karachi,25202,1900.0,Monday,10,99.0,96.9,17754,33732600.0,HIGH
CRICKET_MATCH,Peshawar,25700,1600.0,Friday,14,61.0,83.7,16218,25948800.0,HIGH
BOXING,Lahore,7718,2700.0,Wednesday,19,98.1,76.9,4789,12930300.0,HIGH
CRICKET_MATCH,Rawalpindi,23950,3700.0,Saturday,12,44.1,65.9,12181,45069700.0,MEDIUM
CRICKET_MATCH,Karachi,28233,1600.0,Saturday,21,54.0,80.1,16821,26913600.0,HIGH
MUSIC_CONCERT,Islamabad,18171,3900.0,Saturday,18,45.9,93.9,10460,40794000.0,HIGH
MUSIC_CONCERT,Lahore,14726,2600.0,Friday,14,65.4,66.9,8692,22599200.0,HIGH
FOOTBALL_MATCH,Lahore,18384,2400.0,Friday,21,86.0,32.1,10392,24940800.0,HIGH
CRICKET_MATCH,Lahore,35139,3200.0,Sunday,13,56.8,32.8,16759,53628800.0,MEDIUM
KABADDI,Lahore,6145,1400.0,Wednesday,20,93.0,65.5,3576,5006400.0,HIGH
CRICKET_MATCH,Lahore,30014,3300.0,Saturday,17,69.9,46.0,16759,55304700.0,HIGH
CRICKET_MATCH,Islamabad,37958,1700.0,Saturday,17,64.8,91.0,25161,42773700.0,HIGH
MUSIC_CONCERT,Multan,5858,6100.0,Friday,9,85.4,67.7,3767,22978700.0,HIGH
CRICKET_MATCH,Rawalpindi,22722,1600.0,Thursday,11,41.5,72.8,9786,15657600.0,MEDIUM
CRICKET_MATCH,Islamabad,21598,2500.0,Friday,9,84.5,20.5,11985,29962500.0,HIGH
CRICKET_MATCH,Lahore,31583,3100.0,Tuesday,14,50.5,58.9,13242,41050200.0,MEDIUM
CRICKET_MATCH,Lahore,32869,3000.0,Monday,20,53.0,53.6,13676,41028000.0,MEDIUM
CRICKET_MATCH,Karachi,35013,1600.0,Tuesday,11,73.4,75.1,19469,31150400.0,HIGH
MUSIC_FESTIVAL,Lahore,23216,3800.0,Wednesday,22,92.7,49.8,12186,46306800.0,MEDIUM
CRICKET_MATCH,Karachi,29358,3800.0,Friday,9,72.0,96.2,20206,76782800.0,HIGH
CRICKET_MATCH,Karachi,21518,3600.0,Sunday,14,76.5,72.3,13918,50104800.0,HIGH
CRICKET_MATCH,Karachi,22352,1500.0,Wednesday,13,84.7,71.5,13190,19785000.0,HIGH
MUSIC_FESTIVAL,Karachi,20106,4600.0,Sunday,20,51.6,91.7,11460,52716000.0,HIGH
FOOTBALL_MATCH,Rawalpindi,15429,2300.0,Sunday,20,87.9,97.6,11368,26146400.0,HIGH
CRICKET_MATCH,Rawalpindi,27096,3700.0,Sunday,16,61.7,35.4,13503,49961100.0,MEDIUM
MUSIC_CONCERT,Karachi,9555,8500.0,Sunday,22,46.2,83.2,4950,42075000.0,MEDIUM
CRICKET_MATCH,Peshawar,25997,2000.0,Friday,10,57.4,32.7,12668,25336000.0,MEDIUM
CRICKET_MATCH,Faisalabad,28809,2800.0,Monday,16,50.8,55.6,11933,33412400.0,MEDIUM
CRICKET_MATCH,Karachi,34491,2000.0,Saturday,20,49.6,27.8,15375,30750000.0,MEDIUM
CRICKET_MATCH,Karachi,27868,3300.0,Saturday,13,53.1,68.6,15380,50754000.0,HIGH
CRICKET_MATCH,Karachi,22195,1600.0,Sunday,16,46.6,56.5,11298,18076800.0,MEDIUM
BOXING,Faisalabad,3264,1900.0,Sunday,20,77.7,69.0,2056,3906400.0,HIGH
CRICKET_MATCH,Multan,21821,1400.0,Friday,18,72.1,72.9,14120,19768000.0,HIGH
KABADDI,Lahore,6676,1400.0,Thursday,12,76.5,68.3,3519,4926600.0,MEDIUM
CRICKET_MATCH,Karachi,29678,2800.0,Wednesday,12,57.0,42.9,12041,33714800.0,MEDIUM
CRICKET_MATCH,Karachi,23178,3200.0,Monday,18,84.3,85.3,14169,45340800.0,HIGH
CRICKET_MATCH,Karachi,28898,4100.0,Friday,12,43.3,63.0,14321,58716100.0,MEDIUM
MUSIC_FESTIVAL,Lahore,13566,9800.0,Saturday,22,71.6,58.2,7124,69815200.0,MEDIUM
CRICKET_MATCH,Multan,23420,2700.0,Sunday,19,52.6,97.0,14641,39530700.0,HIGH
BOXING,Islamabad,3607,4900.0,Friday,14,68.8,42.1,1834,8986600.0,MEDIUM
CRICKET_MATCH,Rawalpindi,23674,2700.0,Sunday,12,55.7,61.2,12957,34983900.0,MEDIUM
CRICKET_MATCH,Multan,20394,1600.0,Saturday,17,85.6,73.2,14216,22745600.0,HIGH
CRICKET_MATCH,Islamabad,29051,4500.0,Sunday,17,92.0,29.8,17210,77445000.0,HIGH
CRICKET_MATCH,Karachi,26070,1300.0,Tuesday,11,82.5,47.6,13648,17742400.0,MEDIUM
CRICKET_MATCH,Islamabad,28039,3000.0,Sunday,15,46.2,82.5,15781,47343000.0,HIGH
CRICKET_MATCH,Lahore,20021,2200.0,Saturday,20,52.6,38.5,9658,21247600.0,MEDIUM
MUSIC_CONCERT,Islamabad,24982,5500.0,Wednesday,13,93.8,58.5,13881,76345500.0,HIGH
CRICKET_MATCH,Lahore,37399,3000.0,Wednesday,20,63.0,69.2,18422,55266000.0,MEDIUM
KABADDI,Islamabad,11310,800.0,Sunday,17,95.2,72.4,8048,6438400.0,HIGH
CRICKET_MATCH,Lahore,34110,3000.0,Monday,10,60.1,76.8,17079,51237000.0,MEDIUM
FOOTBALL_MATCH,Lahore,10048,2100.0,Friday,11,95.9,87.5,7465,15676500.0,HIGH
KABADDI,Lahore,11969,800.0,Thursday,18,94.2,50.6,6623,5298400.0,HIGH
CRICKET_MATCH,Lahore,18893,2500.0,Saturday,13,77.3,75.1,12553,31382500.0,HIGH
CRICKET_MATCH,Islamabad,31043,2100.0,Sunday,20,35.6,77.1,16013,33627300.0,MEDIUM
MUSIC_CONCERT,Islamabad,15792,7400.0,Friday,13,60.6,43.4,7583,56114200.0,MEDIUM
MUSIC_CONCERT,Karachi,17613,6800.0,Friday,18,93.3,95.5,12985,88298000.0,HIGH
CRICKET_MATCH,Lahore,32316,4100.0,Sunday,20,91.6,87.5,23847,97772700.0,HIGH
CRICKET_MATCH,Lahore,24087,1800.0,Sunday,22,47.0,42.6,11427,20568600.0,MEDIUM
MUSIC_CONCERT,Lahore,6933,2900.0,Sunday,22,60.5,72.7,4051,11747900.0,HIGH
CRICKET_MATCH,Lahore,36665,1600.0,Friday,15,88.5,76.0,26213,41940800.0,HIGH
KABADDI,Multan,14264,700.0,Wednesday,21,72.0,53.7,6826,4778200.0,MEDIUM
CRICKET_MATCH,Lahore,19380,3000.0,Friday,22,89.2,87.4,14270,42810000.0,HIGH
CRICKET_MATCH,Karachi,34867,4400.0,Saturday,16,87.9,73.8,23979,105507600.0,HIGH
KABADDI,Lahore,15221,1000.0,Tuesday,16,93.1,71.3,9126,9126000.0,HIGH
FOOTBALL_MATCH,Lahore,19973,2400.0,Thursday,22,42.5,37.2,6289,15093600.0,LOW
CRICKET_MATCH,Karachi,31164,1300.0,Monday,9,44.3,51.8,12178,15831400.0,MEDIUM
FOOTBALL_MATCH,Islamabad,11779,2400.0,Friday,22,40.3,53.8,5278,12667200.0,MEDIUM
MUSIC_CONCERT,Lahore,10101,3600.0,Sunday,9,94.9,77.2,7270,26172000.0,HIGH
KABADDI,Lahore,10954,1700.0,Monday,11,65.4,68.2,5292,8996400.0,MEDIUM
CRICKET_MATCH,Karachi,23953,1400.0,Saturday,9,39.1,26.7,9768,13675200.0,MEDIUM
KABADDI,Lahore,12280,1700.0,Sunday,9,55.6,44.0,5966,10142200.0,MEDIUM
MUSIC_CONCERT,Lahore,4778,3700.0,Wednesday,18,57.5,56.9,2045,7566500.0,MEDIUM
MUSIC_CONCERT,Faisalabad,7475,4300.0,Saturday,16,86.8,77.5,5122,22024600.0,HIGH
KABADDI,Islamabad,10723,1100.0,Sunday,9,82.1,78.0,7232,7955200.0,HIGH
CRICKET_MATCH,Karachi,32890,2500.0,Sunday,17,79.1,58.3,20694,51735000.0,HIGH
MUSIC_CONCERT,Karachi,10713,6500.0,Wednesday,10,36.4,29.1,2785,18102500.0,LOW
BOXING,Karachi,6277,4900.0,Tuesday,17,93.3,42.8,3151,15439900.0,MEDIUM
CRICKET_MATCH,Karachi,26601,3200.0,Tuesday,22,48.8,39.9,9701,31043200.0,MEDIUM
CRICKET_MATCH,Islamabad,35443,3600.0,Saturday,15,75.3,80.9,23527,84697200.0,HIGH
CRICKET_MATCH,Islamabad,36693,1500.0,Saturday,17,39.0,34.0,15595,23392500.0,MEDIUM
BOXING,Lahore,8250,3700.0,Saturday,11,40.2,56.3,3671,13582700.0,MEDIUM
CRICKET_MATCH,Karachi,35984,2700.0,Thursday,9,35.6,72.3,14382,38831400.0,MEDIUM
KABADDI,Karachi,8233,1700.0,Wednesday,9,71.2,95.3,4714,8013800.0,HIGH
MUSIC_FESTIVAL,Multan,17489,6800.0,Saturday,19,75.3,97.9,11526,78376800.0,HIGH
MUSIC_CONCERT,Islamabad,17974,6600.0,Friday,18,38.2,94.3,9508,62752800.0,MEDIUM
MUSIC_FESTIVAL,Karachi,24735,5400.0,Saturday,14,53.6,76.0,13176,71150400.0,MEDIUM
MUSIC_FESTIVAL,Lahore,21724,5700.0,Friday,15,89.5,78.2,14570,83049000.0,HIGH
CRICKET_MATCH,Islamabad,29414,2400.0,Thursday,17,41.5,79.2,12975,31140000.0,MEDIUM
KABADDI,Lahore,12469,900.0,Thursday,14,48.9,87.3,5917,5325300.0,MEDIUM
CRICKET_MATCH,Karachi,28705,2000.0,Wednesday,13,62.2,94.2,16047,32094000.0,HIGH
MUSIC_CONCERT,Lahore,7166,2800.0,Thursday,22,88.9,54.8,3918,10970400.0,MEDIUM
CRICKET_MATCH,Islamabad,20209,4000.0,Tuesday,10,51.3,52.5,8084,32336000.0,MEDIUM
MUSIC_FESTIVAL,Lahore,16747,4000.0,Thursday,10,98.8,55.9,9406,37624000.0,HIGH
KABADDI,Karachi,6299,1700.0,Monday,16,57.7,71.5,2913,4952100.0,MEDIUM
MUSIC_CONCERT,Multan,24250,3300.0,Wednesday,9,59.7,80.5,12078,39857400.0,MEDIUM
CRICKET_MATCH,Lahore,31551,1400.0,Saturday,16,42.8,87.9,18132,25384800.0,HIGH
CRICKET_MATCH,Karachi,18563,3100.0,Thursday,19,78.5,55.6,9579,29694900.0,MEDIUM
MUSIC_CONCERT,Karachi,16201,5500.0,Saturday,18,50.6,48.3,7584,41712000.0,MEDIUM
CRICKET_MATCH,Lahore,27214,2800.0,Saturday,19,75.2,96.7,19280,53984000.0,HIGH
MUSIC_CONCERT,Rawalpindi,21574,5900.0,Saturday,15,49.3,38.1,9384,55365600.0,MEDIUM
CRICKET_MATCH,Lahore,37594,2100.0,Sunday,15,59.8,37.3,19063,40032300.0,MEDIUM
BOXING,Karachi,4904,3800.0,Monday,13,89.8,75.8,2840,10792000.0,HIGH
CRICKET_MATCH,Karachi,28228,2900.0,Saturday,11,82.3,34.0,16306,47287400.0,HIGH
KABADDI,Islamabad,15218,900.0,Sunday,15,44.9,51.2,7142,6427800.0,MEDIUM
BOXING,Islamabad,3255,4400.0,Sunday,15,73.9,42.8,1734,7629600.0,MEDIUM
CRICKET_MATCH,Lahore,36802,3600.0,Wednesday,15,75.2,33.2,16346,58845600.0,MEDIUM
CRICKET_MATCH,Lahore,32613,2500.0,Thursday,20,40.8,65.2,13137,32842500.0,MEDIUM
CRICKET_MATCH,Islamabad,36947,4000.0,Wednesday,19,64.8,49.1,16336,65344000.0,MEDIUM
KABADDI,Karachi,8951,1700.0,Saturday,10,51.7,56.1,4489,7631300.0,MEDIUM
FOOTBALL_MATCH,Rawalpindi,21523,1700.0,Saturday,11,64.9,35.3,10740,18258000.0,MEDIUM
MUSIC_CONCERT,Rawalpindi,20653,3800.0,Thursday,11,84.7,79.9,12120,46056000.0,HIGH
FOOTBALL_MATCH,Rawalpindi,14619,2400.0,Saturday,12,45.1,44.5,6474,15537600.0,MEDIUM
CRICKET_MATCH,Karachi,27119,1800.0,Saturday,20,42.9,46.7,12727,22908600.0,MEDIUM
CRICKET_MATCH,Karachi,22555,1400.0,Friday,17,52.2,39.7,11039,15454600.0,MEDIUM
CRICKET_MATCH,Rawalpindi,31327,2300.0,Sunday,18,95.9,53.9,21383,49180900.0,HIGH
CRICKET_MATCH,Karachi,19042,3600.0,Saturday,9,82.9,56.2,12007,43225200.0,HIGH
MUSIC_FESTIVAL,Lahore,13444,11300.0,Monday,20,36.2,61.3,3895,44013500.0,LOW
MUSIC_CONCERT,Multan,8188,6300.0,Saturday,15,60.7,95.5,5064,31903200.0,HIGH
CRICKET_MATCH,Multan,31060,4300.0,Wednesday,15,51.5,90.6,15341,65966300.0,MEDIUM
KABADDI,Karachi,15000,600.0,Saturday,19,75.8,67.5,9421,5652600.0,HIGH
MUSIC_CONCERT,Lahore,14233,2900.0,Sunday,12,64.4,23.0,6756,19592400.0,MEDIUM
CRICKET_MATCH,Karachi,21088,3200.0,Sunday,21,96.7,67.8,15058,48185600.0,HIGH
CRICKET_MATCH,Rawalpindi,19646,4400.0,Friday,19,49.0,27.0,8347,36726800.0,MEDIUM
CRICKET_MATCH,Peshawar,31127,2900.0,Thursday,9,72.6,75.4,16957,49175300.0,MEDIUM
FOOTBALL_MATCH,Lahore,8487,900.0,Wednesday,11,79.8,50.4,4228,3805200.0,MEDIUM
MUSIC_FESTIVAL,Lahore,23453,5400.0,Saturday,13,87.8,85.3,16046,86648400.0,HIGH
BOXING,Multan,6081,2400.0,Tuesday,20,61.0,93.5,3193,7663200.0,MEDIUM
CRICKET_MATCH,Karachi,19747,2300.0,Saturday,10,79.0,52.5,12158,27963400.0,HIGH
CRICKET_MATCH,Karachi,34911,1300.0,Monday,15,54.4,55.9,15322,19918600.0,MEDIUM
MUSIC_CONCERT,Faisalabad,21551,7900.0,Thursday,22,62.9,66.0,9522,75223800.0,MEDIUM
MUSIC_CONCERT,Lahore,24994,5600.0,Wednesday,18,92.3,35.4,12286,68801600.0,MEDIUM
KABADDI,Islamabad,10472,1400.0,Sunday,18,95.8,92.3,7953,11134200.0,HIGH
KABADDI,Lahore,13661,600.0,Saturday,15,81.0,53.8,8378,5026800.0,HIGH
CRICKET_MATCH,Karachi,18483,1400.0,Thursday,20,59.0,33.0,7360,10304000.0,MEDIUM
MUSIC_CONCERT,Rawalpindi,4451,6000.0,Tuesday,18,87.5,79.5,2586,15516000.0,HIGH
MUSIC_CONCERT,Karachi,8069,7800.0,Friday,13,36.7,37.1,3002,23415600.0,MEDIUM
CRICKET_MATCH,Quetta,31386,2900.0,Wednesday,20,41.6,31.2,9982,28947800.0,LOW
MUSIC_CONCERT,Karachi,11207,7800.0,Saturday,18,77.3,63.9,6627,51690600.0,HIGH
CRICKET_MATCH,Karachi,22397,3900.0,Sunday,14,53.6,72.4,12522,48835800.0,HIGH
CRICKET_MATCH,Lahore,23671,1500.0,Saturday,9,95.9,64.4,16910,25365000.0,HIGH
CRICKET_MATCH,Karachi,37517,1900.0,Saturday,12,62.9,71.2,22692,43114800.0,HIGH
CRICKET_MATCH,Karachi,36157,3400.0,Saturday,12,62.5,29.0,17624,59921600.0,MEDIUM
CRICKET_MATCH,Lahore,27190,2700.0,Sunday,19,78.4,57.1,16917,45675900.0,HIGH
CRICKET_MATCH,Karachi,25412,2200.0,Sunday,16,84.1,47.8,15851,34872200.0,HIGH
FOOTBALL_MATCH,Karachi,10065,1500.0,Friday,10,65.4,95.9,6580,9870000.0,HIGH
FOOTBALL_MATCH,Islamabad,16589,1600.0,Thursday,9,48.7,23.9,5150,8240000.0,LOW
CRICKET_MATCH,Islamabad,32929,4200.0,Friday,15,84.5,43.3,19762,83000400.0,HIGH
CRICKET_MATCH,Islamabad,24332,1500.0,Wednesday,14,55.5,93.5,13033,19549500.0,MEDIUM
KABADDI,Lahore,13913,900.0,Saturday,13,46.2,96.7,8180,7362000.0,HIGH
CRICKET_MATCH,Lahore,27995,3000.0,Friday,20,75.4,84.3,18948,56844000.0,HIGH
CRICKET_MATCH,Islamabad,19946,3500.0,Tuesday,21,40.8,25.9,5936,20776000.0,LOW
MUSIC_CONCERT,Karachi,7415,6300.0,Wednesday,21,97.2,63.8,4272,26913600.0,HIGH
MUSIC_CONCERT,Lahore,5394,8100.0,Friday,21,75.5,51.2,2971,24065100.0,HIGH
MUSIC_CONCERT,Rawalpindi,19084,7300.0,Sunday,16,98.1,82.9,13746,100345800.0,HIGH
FOOTBALL_MATCH,Rawalpindi,10421,1700.0,Saturday,19,56.7,24.3,4593,7808100.0,MEDIUM
CRICKET_MATCH,Karachi,25345,1900.0,Saturday,21,97.2,35.4,16321,31009900.0,HIGH
BOXING,Lahore,6083,3100.0,Thursday,10,44.3,58.2,2246,6962600.0,MEDIUM
CRICKET_MATCH,Rawalpindi,26030,3500.0,Saturday,10,37.6,32.3,10454,36589000.0,MEDIUM
CRICKET_MATCH,Karachi,28980,4000.0,Friday,17,37.1,74.0,14505,58020000.0,MEDIUM
CRICKET_MATCH,Rawalpindi,19844,4400.0,Saturday,9,64.8,84.0,12434,54709600.0,HIGH
MUSIC_CONCERT,Rawalpindi,5804,6100.0,Monday,14,40.3,75.0,2276,13883600.0,MEDIUM
CRICKET_MATCH,Rawalpindi,27081,2900.0,Friday,21,67.8,54.3,15545,45080500.0,HIGH
MUSIC_FESTIVAL,Karachi,26887,3700.0,Thursday,21,56.0,88.5,13033,48222100.0,MEDIUM
MUSIC_CONCERT,Lahore,22277,2900.0,Thursday,11,56.5,30.7,8116,23536400.0,MEDIUM
FOOTBALL_MATCH,Islamabad,9666,1100.0,Sunday,21,75.7,40.3,5376,5913600.0,HIGH
MUSIC_CONCERT,Islamabad,8344,2800.0,Wednesday,13,45.4,58.2,3272,9161600.0,MEDIUM
KABADDI,Islamabad,12591,1000.0,Thursday,16,84.1,24.8,5661,5661000.0,MEDIUM
MUSIC_CONCERT,Lahore,23449,4500.0,Friday,15,72.2,27.5,11820,53190000.0,MEDIUM
CRICKET_MATCH,Lahore,29833,3300.0,Sunday,21,93.6,51.0,19682,64950600.0,HIGH
MUSIC_CONCERT,Multan,23459,5700.0,Friday,20,58.3,93.6,14284,81418800.0,HIGH
FOOTBALL_MATCH,Islamabad,9259,1800.0,Saturday,12,97.9,90.9,7046,12682800.0,HIGH
MUSIC_FESTIVAL,Peshawar,26604,7500.0,Sunday,16,71.9,56.3,14299,107242500.0,MEDIUM
FOOTBALL_MATCH,Rawalpindi,13441,1300.0,Thursday,19,97.3,31.1,6892,8959600.0,MEDIUM
FOOTBALL_MATCH,Karachi,18610,2400.0,Friday,19,36.7,33.9,7163,17191200.0,MEDIUM
MUSIC_CONCERT,Islamabad,17859,3000.0,Friday,18,81.6,49.4,10796,32388000.0,HIGH
MUSIC_CONCERT,Multan,15030,8100.0,Sunday,19,87.3,36.4,8386,67926600.0,HIGH
KABADDI,Karachi,14978,900.0,Monday,22,38.4,26.5,4241,3816900.0,LOW
CRICKET_MATCH,Islamabad,20447,2900.0,Thursday,10,72.1,72.6,10958,31778200.0,MEDIUM
FOOTBALL_MATCH,Lahore,11129,1000.0,Saturday,15,86.3,65.4,7338,7338000.0,HIGH
MUSIC_FESTIVAL,Karachi,26282,4100.0,Saturday,13,70.9,42.7,13754,56391400.0,MEDIUM
MUSIC_CONCERT,Islamabad,11697,5100.0,Friday,19,39.1,80.8,5954,30365400.0,MEDIUM
MUSIC_CONCERT,Lahore,24887,7000.0,Saturday,14,79.4,80.5,16083,112581000.0,HIGH
CRICKET_MATCH,Lahore,21949,2100.0,Wednesday,11,38.9,58.3,8367,17570700.0,MEDIUM
FOOTBALL_MATCH,Karachi,18659,1800.0,Friday,19,87.3,27.5,10501,18901800.0,HIGH
KABADDI,Lahore,14010,900.0,Friday,18,37.8,91.6,7617,6855300.0,MEDIUM
MUSIC_CONCERT,Lahore,20400,4800.0,Sunday,15,43.8,72.2,10348,49670400.0,MEDIUM
CRICKET_MATCH,Karachi,25959,4200.0,Thursday,15,52.6,39.3,9618,40395600.0,MEDIUM
MUSIC_CONCERT,Peshawar,10241,7600.0,Sunday,10,75.5,67.6,6095,46322000.0,HIGH
KABADDI,Karachi,13906,1200.0,Saturday,9,97.5,51.6,9254,11104800.0,HIGH
CRICKET_MATCH,Lahore,37406,2000.0,Monday,18,42.5,69.6,15847,31694000.0,MEDIUM
CRICKET_MATCH,Lahore,31185,1800.0,Saturday,10,44.1,57.0,15578,28040400.0,MEDIUM
CRICKET_MATCH,Islamabad,31303,4300.0,Monday,20,58.6,57.9,13736,59064800.0,MEDIUM
KABADDI,Karachi,7266,800.0,Sunday,16,88.5,77.4,5079,4063200.0,HIGH
CRICKET_MATCH,Rawalpindi,18478,3900.0,Sunday,19,64.9,67.9,10906,42533400.0,HIGH
CRICKET_MATCH,Islamabad,21977,2400.0,Thursday,18,55.6,26.2,7945,19068000.0,MEDIUM
MUSIC_CONCERT,Rawalpindi,10068,8400.0,Thursday,11,70.9,25.1,3686,30962400.0,MEDIUM
CRICKET_MATCH,Lahore,29736,2400.0,Friday,19,51.7,43.8,14597,35032800.0,MEDIUM
CRICKET_MATCH,Islamabad,30740,2400.0,Friday,12,60.7,53.6,16880,40512000.0,MEDIUM
FOOTBALL_MATCH,Lahore,14413,1900.0,Friday,16,56.3,41.5,6930,13167000.0,MEDIUM
FOOTBALL_MATCH,Peshawar,15791,2400.0,Thursday,11,86.5,70.8,8904,21369600.0,HIGH
MUSIC_CONCERT,Islamabad,4485,8400.0,Saturday,14,94.2,35.2,2596,21806400.0,HIGH
CRICKET_MATCH,Karachi,30280,3500.0,Wednesday,10,83.6,74.9,17581,61533500.0,HIGH
MUSIC_CONCERT,Lahore,8673,7000.0,Sunday,11,63.1,80.3,5070,35490000.0,HIGH
KABADDI,Lahore,6337,1200.0,Sunday,9,67.3,29.7,3152,3782400.0,MEDIUM
CRICKET_MATCH,Islamabad,33092,3700.0,Friday,17,43.0,70.8,17099,63266300.0,MEDIUM
CRICKET_MATCH,Lahore,20003,4000.0,Sunday,12,82.8,95.0,14490,57960000.0,HIGH
CRICKET_MATCH,Karachi,19471,2800.0,Wednesday,14,73.2,35.0,8698,24354400.0,MEDIUM
CRICKET_MATCH,Lahore,36426,3200.0,Monday,15,92.8,90.9,23939,76604800.0,HIGH
MUSIC_CONCERT,Islamabad,15620,5700.0,Saturday,10,47.8,67.3,7869,44853300.0,MEDIUM
KABADDI,Rawalpindi,7519,1200.0,Friday,16,83.6,66.1,4884,5860800.0,HIGH
CRICKET_MATCH,Rawalpindi,24489,4100.0,Saturday,20,78.8,24.0,13008,53332800.0,MEDIUM
CRICKET_MATCH,Rawalpindi,25856,2400.0,Sunday,17,52.0,78.4,14958,35899200.0,HIGH
CRICKET_MATCH,Lahore,27365,1900.0,Sunday,22,77.7,57.3,17119,32526100.0,HIGH
KABADDI,Lahore,7605,1100.0,Saturday,18,94.2,76.3,5442,5986200.0,HIGH
CRICKET_MATCH,Islamabad,23664,1900.0,Saturday,19,93.8,83.1,17759,33742100.0,HIGH
FOOTBALL_MATCH,Karachi,14939,1600.0,Tuesday,10,81.1,60.9,7834,12534400.0,MEDIUM
CRICKET_MATCH,Karachi,23379,4200.0,Wednesday,13,38.1,40.6,7467,31361400.0,LOW
BOXING,Lahore,6393,3700.0,Saturday,10,90.8,31.0,3653,13516100.0,HIGH
MUSIC_CONCERT,Lahore,6124,7600.0,Friday,19,77.1,32.5,3144,23894400.0,MEDIUM
CRICKET_MATCH,Lahore,31421,1700.0,Friday,13,54.9,87.6,19394,32969800.0,HIGH
FOOTBALL_MATCH,Multan,12991,2300.0,Thursday,15,47.0,29.6,4072,9365600.0,LOW
MUSIC_FESTIVAL,Lahore,14794,8600.0,Saturday,14,42.4,50.0,5969,51333400.0,MEDIUM
CRICKET_MATCH,Karachi,35830,1300.0,Wednesday,12,38.2,46.1,12671,16472300.0,MEDIUM
KABADDI,Lahore,9306,1300.0,Saturday,22,83.3,87.5,6526,8483800.0,HIGH
CRICKET_MATCH,Islamabad,36756,4300.0,Wednesday,10,50.1,57.3,14902,64078600.0,MEDIUM
KABADDI,Karachi,6150,600.0,Monday,15,36.6,97.7,2807,1684200.0,MEDIUM
CRICKET_MATCH,Multan,33905,3100.0,Thursday,20,60.4,77.5,17050,52855000.0,MEDIUM
MUSIC_FESTIVAL,Multan,26043,11300.0,Wednesday,18,65.9,86.4,12079,136492700.0,MEDIUM
MUSIC_CONCERT,Karachi,13070,2600.0,Sunday,17,45.8,27.7,5473,14229800.0,MEDIUM
MUSIC_CONCERT,Peshawar,11199,6300.0,Monday,9,37.8,39.7,3282,20676600.0,LOW
MUSIC_CONCERT,Quetta,22703,5300.0,Wednesday,11,47.1,30.6,7087,37561100.0,LOW
KABADDI,Rawalpindi,8883,1000.0,Saturday,15,78.5,56.2,5393,5393000.0,HIGH
CRICKET_MATCH,Rawalpindi,32133,3300.0,Friday,22,40.3,76.0,16785,55390500.0,MEDIUM
MUSIC_CONCERT,Lahore,21899,2800.0,Monday,17,70.5,33.2,9280,25984000.0,MEDIUM
MUSIC_FESTIVAL,Karachi,19579,9900.0,Monday,21,44.4,30.2,4942,48925800.0,LOW
FOOTBALL_MATCH,Lahore,8589,800.0,Sunday,13,47.5,67.9,4479,3583200.0,MEDIUM
MUSIC_FESTIVAL,Lahore,8587,6100.0,Saturday,15,60.2,38.0,3929,23966900.0,MEDIUM
KABADDI,Quetta,8619,1200.0,Friday,18,41.5,57.4,4051,4861200.0,MEDIUM
KABADDI,Karachi,11487,1000.0,Friday,15,46.1,24.0,4653,4653000.0,MEDIUM
FOOTBALL_MATCH,Islamabad,14223,1300.0,Thursday,12,57.3,73.1,6653,8648900.0,MEDIUM
CRICKET_MATCH,Rawalpindi,32197,3900.0,Thursday,13,56.1,62.2,14262,55621800.0,MEDIUM
CRICKET_MATCH,Multan,27387,4300.0,Saturday,10,83.0,70.5,18125,77937500.0,HIGH
CRICKET_MATCH,Quetta,22353,4100.0,Sunday,16,39.8,41.5,9583,39290300.0,MEDIUM
FOOTBALL_MATCH,Lahore,18518,1700.0,Wednesday,20,90.1,41.7,9435,16039500.0,MEDIUM
CRICKET_MATCH,Lahore,32839,4100.0,Sunday,9,87.2,82.5,23281,95452100.0,HIGH
CRICKET_MATCH,Karachi,20605,4200.0,Tuesday,10,84.0,76.0,11951,50194200.0,HIGH
MUSIC_FESTIVAL,Lahore,10538,7000.0,Wednesday,20,54.8,65.2,4205,29435000.0,MEDIUM
CRICKET_MATCH,Lahore,31896,2100.0,Monday,11,87.7,69.0,18849,39582900.0,HIGH
FOOTBALL_MATCH,Karachi,16757,1000.0,Tuesday,15,46.7,27.3,5288,5288000.0,LOW
CRICKET_MATCH,Rawalpindi,34198,2800.0,Sunday,14,43.0,86.8,19253,53908400.0,HIGH
CRICKET_MATCH,Karachi,19756,4300.0,Friday,22,37.9,80.1,10208,43894400.0,MEDIUM
MUSIC_CONCERT,Karachi,5360,5900.0,Monday,15,95.1,66.1,3091,18236900.0,HIGH
KABADDI,Islamabad,8373,1400.0,Sunday,19,54.7,91.7,5056,7078400.0,HIGH
MUSIC_CONCERT,Lahore,5195,3200.0,Sunday,13,93.7,33.2,3158,10105600.0,HIGH
CRICKET_MATCH,Lahore,36515,1700.0,Saturday,22,52.4,73.6,20918,35560600.0,HIGH
KABADDI,Rawalpindi,14009,1100.0,Sunday,12,93.1,95.1,10624,11686400.0,HIGH
CRICKET_MATCH,Islamabad,31792,4300.0,Wednesday,15,92.9,44.2,16951,72889300.0,MEDIUM
CRICKET_MATCH,Rawalpindi,33777,2400.0,Sunday,11,94.1,21.2,20042,48100800.0,HIGH
CRICKET_MATCH,Lahore,37794,4100.0,Saturday,21,66.8,77.3,23411,95985100.0,HIGH
CRICKET_MATCH,Rawalpindi,36751,1600.0,Sunday,18,90.4,20.5,21437,34299200.0,HIGH
CRICKET_MATCH,Islamabad,37727,3200.0,Sunday,15,95.8,88.1,28727,91926400.0,HIGH
CRICKET_MATCH,Karachi,33025,3200.0,Thursday,10,55.8,24.4,11631,37219200.0,MEDIUM
MUSIC_FESTIVAL,Islamabad,27481,10800.0,Saturday,20,61.8,70.9,14102,152301600.0,MEDIUM
CRICKET_MATCH,Multan,19333,1200.0,Thursday,20,81.0,49.4,10113,12135600.0,MEDIUM
CRICKET_MATCH,Karachi,30836,1800.0,Thursday,16,54.2,35.9,11862,21351600.0,MEDIUM
CRICKET_MATCH,Karachi,21336,1900.0,Tuesday,20,83.2,90.1,13404,25467600.0,HIGH
KABADDI,Quetta,14157,1700.0,Sunday,14,39.7,78.2,7245,12316500.0,MEDIUM
CRICKET_MATCH,Rawalpindi,37468,1700.0,Thursday,20,68.5,46.6,17450,29665000.0,MEDIUM
MUSIC_CONCERT,Karachi,7387,2700.0,Friday,11,42.8,42.2,3273,8837100.0,MEDIUM
MUSIC_FESTIVAL,Islamabad,12713,8000.0,Friday,11,53.8,77.4,6596,52768000.0,MEDIUM
CRICKET_MATCH,Karachi,23101,2900.0,Sunday,13,51.6,85.3,13648,39579200.0,HIGH
FOOTBALL_MATCH,Lahore,10431,2200.0,Thursday,11,88.7,75.8,6113,13448600.0,HIGH
CRICKET_MATCH,Karachi,19016,4300.0,Saturday,14,47.4,69.9,10018,43077400.0,MEDIUM
KABADDI,Peshawar,6641,1200.0,Sunday,10,86.7,37.8,3921,4705200.0,HIGH
CRICKET_MATCH,Peshawar,26507,4300.0,Friday,16,85.8,86.5,18881,81188300.0,HIGH
CRICKET_MATCH,Karachi,18440,3600.0,Friday,21,66.9,78.5,11549,41576400.0,HIGH
CRICKET_MATCH,Karachi,35522,2100.0,Saturday,19,50.0,60.3,18750,39375000.0,MEDIUM
BOXING,Lahore,9442,4700.0,Sunday,20,49.5,59.9,4550,21385000.0,MEDIUM
CRICKET_MATCH,Quetta,23243,3400.0,Saturday,19,64.8,64.4,13587,46195800.0,HIGH
CRICKET_MATCH,Quetta,20303,2600.0,Wednesday,17,35.6,84.6,8753,22757800.0,MEDIUM
BOXING,Islamabad,9794,3900.0,Sunday,21,69.0,77.9,5931,23130900.0,HIGH
KABADDI,Rawalpindi,11950,1000.0,Friday,15,96.0,86.8,8953,8953000.0,HIGH
MUSIC_CONCERT,Islamabad,11046,3200.0,Saturday,22,44.9,59.6,5423,17353600.0,MEDIUM
CRICKET_MATCH,Karachi,24606,3600.0,Sunday,11,71.7,68.7,15251,54903600.0,HIGH
MUSIC_CONCERT,Lahore,7421,7400.0,Wednesday,19,96.6,86.7,4627,34239800.0,HIGH
BOXING,Karachi,8242,4100.0,Sunday,22,90.1,38.1,4812,19729200.0,HIGH
CRICKET_MATCH,Islamabad,36462,2000.0,Saturday,18,89.4,54.6,24139,48278000.0,HIGH
BOXING,Islamabad,9103,4800.0,Sunday,12,87.6,68.4,5874,28195200.0,HIGH
CRICKET_MATCH,Karachi,20200,1300.0,Wednesday,20,54.8,91.4,10689,13895700.0,MEDIUM
MUSIC_FESTIVAL,Faisalabad,28935,6300.0,Friday,18,92.0,21.2,15434,97234200.0,MEDIUM
CRICKET_MATCH,Lahore,26227,2100.0,Sunday,10,95.2,36.6,16735,35143500.0,HIGH
KABADDI,Karachi,15009,600.0,Monday,17,66.7,38.3,6317,3790200.0,MEDIUM
CRICKET_MATCH,Islamabad,32221,2500.0,Tuesday,22,57.7,45.5,13434,33585000.0,MEDIUM
MUSIC_FESTIVAL,Islamabad,22108,8800.0,Sunday,13,61.5,42.0,10030,88264000.0,MEDIUM
CRICKET_MATCH,Islamabad,19946,4100.0,Thursday,20,56.4,66.0,9019,36977900.0,MEDIUM
MUSIC_FESTIVAL,Lahore,11956,11900.0,Sunday,10,48.6,89.1,5996,71352400.0,MEDIUM
MUSIC_FESTIVAL,Lahore,20543,10400.0,Wednesday,18,74.6,69.7,9469,98477600.0,MEDIUM
CRICKET_MATCH,Islamabad,36609,2700.0,Friday,14,71.0,38.8,20086,54232200.0,MEDIUM
MUSIC_CONCERT,Karachi,11715,6800.0,Saturday,15,64.6,87.4,7139,48545200.0,HIGH
MUSIC_FESTIVAL,Lahore,11325,10700.0,Saturday,21,41.1,69.3,4895,52376500.0,MEDIUM
CRICKET_MATCH,Islamabad,26699,2700.0,Saturday,10,86.0,37.1,16037,43299900.0,HIGH
CRICKET_MATCH,Karachi,21745,3800.0,Friday,9,46.2,48.2,10253,38961400.0,MEDIUM
FOOTBALL_MATCH,Islamabad,20308,1600.0,Sunday,21,42.3,81.6,10777,17243200.0,MEDIUM
CRICKET_MATCH,Rawalpindi,30069,2500.0,Wednesday,15,74.9,77.6,16889,42222500.0,HIGH
CRICKET_MATCH,Lahore,31489,2900.0,Friday,9,60.5,65.0,18056,52362400.0,HIGH
CRICKET_MATCH,Lahore,35789,3400.0,Tuesday,11,38.8,31.3,10891,37029400.0,LOW
CRICKET_MATCH,Rawalpindi,31348,3600.0,Saturday,12,57.8,82.7,18892,68011200.0,HIGH
CRICKET_MATCH,Islamabad,36420,2400.0,Thursday,10,84.4,44.0,18720,44928000.0,MEDIUM
CRICKET_MATCH,Islamabad,20677,3100.0,Thursday,15,74.4,80.2,11623,36031300.0,HIGH
MUSIC_CONCERT,Rawalpindi,5744,8000.0,Friday,13,58.2,70.5,3072,24576000.0,MEDIUM
MUSIC_CONCERT,Rawalpindi,15175,8400.0,Monday,9,47.3,40.6,4801,40328400.0,LOW
CRICKET_MATCH,Faisalabad,28550,1900.0,Tuesday,20,75.4,36.6,13282,25235800.0,MEDIUM
BOXING,Karachi,4231,2200.0,Saturday,20,91.8,30.2,2469,5431800.0,HIGH
BOXING,Karachi,4177,3900.0,Friday,16,76.4,38.9,2238,8728200.0,MEDIUM
MUSIC_FESTIVAL,Karachi,8761,7000.0,Sunday,18,87.0,32.3,4710,32970000.0,MEDIUM
CRICKET_MATCH,Lahore,22778,1300.0,Saturday,15,68.4,68.1,14165,18414500.0,HIGH
CRICKET_MATCH,Karachi,24458,2300.0,Monday,12,81.0,66.7,13665,31429500.0,HIGH
MUSIC_FESTIVAL,Lahore,29098,10400.0,Saturday,10,92.4,65.7,17974,186929600.0,HIGH
MUSIC_FESTIVAL,Peshawar,28110,10300.0,Tuesday,15,84.5,70.1,14048,144694400.0,MEDIUM
MUSIC_CONCERT,Karachi,13735,5500.0,Sunday,19,93.2,83.6,9836,54098000.0,HIGH
MUSIC_CONCERT,Karachi,22317,5300.0,Sunday,10,62.6,91.3,13882,73574600.0,HIGH
CRICKET_MATCH,Karachi,37945,3100.0,Saturday,14,92.9,38.0,23754,73637400.0,HIGH
FOOTBALL_MATCH,Lahore,20294,1200.0,Saturday,9,74.8,65.8,12498,14997600.0,HIGH
CRICKET_MATCH,Lahore,25179,2900.0,Wednesday,22,90.7,26.1,12323,35736700.0,MEDIUM
CRICKET_MATCH,Karachi,32849,1200.0,Friday,15,37.5,29.4,13467,16160400.0,MEDIUM
MUSIC_CONCERT,Lahore,8444,5400.0,Sunday,15,77.1,71.0,5277,28495800.0,HIGH
CRICKET_MATCH,Islamabad,20964,2300.0,Wednesday,20,89.3,58.0,11909,27390700.0,HIGH
FOOTBALL_MATCH,Multan,17222,1900.0,Thursday,12,46.1,79.1,7519,14286100.0,MEDIUM
MUSIC_FESTIVAL,Multan,20811,8900.0,Friday,12,77.4,53.2,11251,100133900.0,MEDIUM
CRICKET_MATCH,Islamabad,28067,2500.0,Saturday,18,87.8,30.0,16589,41472500.0,HIGH
MUSIC_FESTIVAL,Lahore,15224,3600.0,Friday,13,53.4,88.0,8745,31482000.0,HIGH
MUSIC_FESTIVAL,Multan,18472,5600.0,Sunday,10,60.9,26.5,8034,44990400.0,MEDIUM
KABADDI,Multan,9101,1300.0,Tuesday,17,71.4,34.7,3865,5024500.0,MEDIUM
CRICKET_MATCH,Lahore,21897,1400.0,Friday,18,68.2,41.6,12135,16989000.0,HIGH
CRICKET_MATCH,Islamabad,21678,1600.0,Saturday,12,37.5,97.6,12523,20036800.0,HIGH
CRICKET_MATCH,Lahore,19843,3300.0,Wednesday,19,41.3,52.5,7290,24057000.0,MEDIUM
CRICKET_MATCH,Rawalpindi,36322,3700.0,Saturday,17,41.4,59.1,17488,64705600.0,MEDIUM
CRICKET_MATCH,Quetta,33958,2300.0,Wednesday,22,51.8,80.0,16383,37680900.0,MEDIUM
MUSIC_FESTIVAL,Lahore,15083,7700.0,Monday,11,50.7,69.6,5880,45276000.0,MEDIUM
CRICKET_MATCH,Multan,19466,4300.0,Tuesday,17,82.5,85.6,11634,50026200.0,HIGH
MUSIC_CONCERT,Islamabad,21119,8200.0,Sunday,9,71.7,57.9,11669,95685800.0,HIGH
CRICKET_MATCH,Faisalabad,18339,2200.0,Saturday,15,83.9,95.8,13626,29977200.0,HIGH
KABADDI,Karachi,7376,1600.0,Sunday,12,39.5,82.2,3848,6156800.0,MEDIUM
MUSIC_FESTIVAL,Rawalpindi,29103,8500.0,Thursday,15,66.1,51.3,11532,98022000.0,MEDIUM
CRICKET_MATCH,Lahore,35088,4400.0,Saturday,22,55.7,49.7,17780,78232000.0,MEDIUM
CRICKET_MATCH,Karachi,21724,2800.0,Friday,18,89.4,92.5,16320,45696000.0,HIGH
BOXING,Lahore,7418,4200.0,Sunday,14,80.3,73.4,4708,19773600.0,HIGH
MUSIC_CONCERT,Faisalabad,14334,7100.0,Saturday,12,90.6,68.5,9425,66917500.0,HIGH
BOXING,Rawalpindi,3552,3200.0,Saturday,12,38.0,79.1,1766,5651200.0,MEDIUM
CRICKET_MATCH,Multan,21491,3800.0,Monday,16,81.1,63.7,11630,44194000.0,MEDIUM
CRICKET_MATCH,Peshawar,18789,2100.0,Saturday,15,69.6,32.4,9988,20974800.0,MEDIUM
MUSIC_FESTIVAL,Lahore,9173,4500.0,Friday,12,87.8,44.9,5407,24331500.0,HIGH
MUSIC_FESTIVAL,Karachi,8552,7100.0,Sunday,19,67.5,63.5,4633,32894300.0,MEDIUM
FOOTBALL_MATCH,Lahore,11422,2400.0,Thursday,14,69.6,21.4,4306,10334400.0,MEDIUM
MUSIC_CONCERT,Lahore,8211,5500.0,Thursday,14,38.3,54.1,2763,15196500.0,LOW
FOOTBALL_MATCH,Lahore,16823,1900.0,Friday,9,77.8,79.0,11023,20943700.0,HIGH
CRICKET_MATCH,Karachi,34653,3300.0,Wednesday,21,52.5,32.8,12479,41180700.0,MEDIUM
CRICKET_MATCH,Lahore,18860,1600.0,Tuesday,10,36.3,25.0,5501,8801600.0,LOW
CRICKET_MATCH,Lahore,18290,2500.0,Sunday,12,39.3,85.2,10008,25020000.0,MEDIUM
KABADDI,Lahore,15649,1400.0,Saturday,14,96.3,68.1,10967,15353800.0,HIGH
CRICKET_MATCH,Lahore,32344,4400.0,Sunday,14,57.1,33.8,15274,67205600.0,MEDIUM
CRICKET_MATCH,Faisalabad,23870,1800.0,Sunday,9,90.6,82.9,17632,31737600.0,HIGH
MUSIC_CONCERT,Rawalpindi,4629,5000.0,Thursday,16,96.4,71.3,2781,13905000.0,HIGH
BOXING,Faisalabad,8943,1800.0,Saturday,10,95.4,46.1,5721,10297800.0,HIGH
KABADDI,Karachi,6474,800.0,Tuesday,21,91.4,49.3,3493,2794400.0,MEDIUM
MUSIC_FESTIVAL,Lahore,29016,6700.0,Sunday,13,92.3,32.2,16228,108727600.0,HIGH
CRICKET_MATCH,Rawalpindi,22080,3000.0,Friday,12,53.5,85.1,13175,39525000.0,HIGH
KABADDI,Karachi,7760,800.0,Friday,13,44.7,59.7,3806,3044800.0,MEDIUM
MUSIC_CONCERT,Lahore,15274,3900.0,Thursday,13,75.9,63.4,7818,30490200.0,MEDIUM
KABADDI,Lahore,10708,1500.0,Friday,18,66.2,88.9,6845,10267500.0,HIGH
CRICKET_MATCH,Lahore,30166,4400.0,Thursday,16,41.3,21.2,8491,37360400.0,LOW
CRICKET_MATCH,Lahore,21398,2300.0,Friday,18,78.4,25.2,11666,26831800.0,MEDIUM
MUSIC_CONCERT,Karachi,18930,6600.0,Sunday,15,71.0,32.6,9422,62185200.0,MEDIUM
FOOTBALL_MATCH,Islamabad,18515,1200.0,Sunday,20,90.2,22.3,10458,12549600.0,HIGH
MUSIC_CONCERT,Lahore,18705,8100.0,Thursday,22,74.0,71.3,9265,75046500.0,MEDIUM
KABADDI,Lahore,9561,1400.0,Friday,17,71.7,69.4,5850,8190000.0,HIGH
BOXING,Rawalpindi,5392,4300.0,Sunday,20,63.2,36.4,2574,11068200.0,MEDIUM
MUSIC_CONCERT,Lahore,24228,2800.0,Monday,19,64.6,31.7,9640,26992000.0,MEDIUM
BOXING,Karachi,5415,3600.0,Sunday,21,96.1,31.4,3211,11559600.0,HIGH
CRICKET_MATCH,Multan,31018,2900.0,Wednesday,9,43.9,94.4,15033,43595700.0,MEDIUM
FOOTBALL_MATCH,Lahore,17816,1300.0,Saturday,14,63.6,74.1,10581,13755300.0,HIGH
MUSIC_CONCERT,Lahore,21892,4100.0,Saturday,14,77.0,65.7,13581,55682100.0,HIGH
CRICKET_MATCH,Karachi,24831,3100.0,Saturday,10,62.7,45.2,13179,40854900.0,MEDIUM
CRICKET_MATCH,Karachi,26195,3500.0,Sunday,19,53.1,53.8,13451,47078500.0,MEDIUM
CRICKET_MATCH,Karachi,21447,1300.0,Tuesday,16,53.4,27.0,7783,10117900.0,MEDIUM
MUSIC_FESTIVAL,Rawalpindi,21680,8300.0,Thursday,14,50.0,97.9,9838,81655400.0,MEDIUM
CRICKET_MATCH,Lahore,23584,1800.0,Saturday,19,57.0,78.9,14213,25583400.0,HIGH
KABADDI,Karachi,9791,700.0,Sunday,21,90.8,68.5,6717,4701900.0,HIGH
CRICKET_MATCH,Karachi,27352,3300.0,Wednesday,18,67.3,65.8,13625,44962500.0,MEDIUM
CRICKET_MATCH,Lahore,35217,2200.0,Sunday,17,50.4,59.3,18529,40763800.0,MEDIUM
BOXING,Islamabad,9506,3000.0,Friday,18,59.6,40.1,4583,13749000.0,MEDIUM
CRICKET_MATCH,Lahore,28190,2400.0,Wednesday,13,41.8,37.7,9542,22900800.0,LOW
KABADDI,Karachi,11335,1300.0,Saturday,15,92.9,62.9,7660,9958000.0,HIGH
MUSIC_CONCERT,Lahore,10260,5300.0,Tuesday,14,61.1,25.5,3611,19138300.0,MEDIUM
MUSIC_CONCERT,Karachi,19605,8300.0,Friday,19,97.7,25.8,11157,92603100.0,HIGH
CRICKET_MATCH,Karachi,36559,2400.0,Monday,13,57.2,63.7,16863,40471200.0,MEDIUM
MUSIC_CONCERT,Rawalpindi,13573,6900.0,Friday,14,88.5,91.7,9624,66405600.0,HIGH
BOXING,Lahore,7173,2400.0,Saturday,12,51.4,91.3,4185,10044000.0,HIGH
MUSIC_CONCERT,Karachi,6788,5600.0,Saturday,11,39.9,20.8,2434,13630400.0,MEDIUM
FOOTBALL_MATCH,Karachi,15460,1700.0,Friday,21,37.0,28.4,5830,9911000.0,MEDIUM
KABADDI,Islamabad,14533,900.0,Friday,9,73.8,65.5,8915,8023500.0,HIGH
MUSIC_FESTIVAL,Karachi,14721,7500.0,Wednesday,9,54.9,86.2,6602,49515000.0,MEDIUM
MUSIC_CONCERT,Islamabad,24575,4200.0,Friday,14,63.4,94.4,15738,66099600.0,HIGH
CRICKET_MATCH,Rawalpindi,25312,1200.0,Sunday,22,87.4,87.1,18765,22518000.0,HIGH
CRICKET_MATCH,Multan,32912,1900.0,Sunday,17,50.9,72.9,18566,35275400.0,HIGH
CRICKET_MATCH,Karachi,22616,3500.0,Tuesday,16,54.8,35.6,8467,29634500.0,MEDIUM
CRICKET_MATCH,Karachi,18995,3700.0,Monday,20,89.1,25.7,9058,33514600.0,MEDIUM
CRICKET_MATCH,Rawalpindi,18356,2100.0,Sunday,10,66.5,23.7,9145,19204500.0,MEDIUM
CRICKET_MATCH,Quetta,19693,2500.0,Friday,17,88.0,67.7,13510,33775000.0,HIGH
MUSIC_CONCERT,Multan,6590,2700.0,Saturday,16,59.0,22.8,3001,8102700.0,MEDIUM
CRICKET_MATCH,Karachi,27534,2000.0,Sunday,22,60.5,77.7,16834,33668000.0,HIGH
BOXING,Lahore,4691,4200.0,Thursday,22,45.7,75.6,1925,8085000.0,MEDIUM
CRICKET_MATCH,Karachi,27274,3200.0,Friday,20,93.6,26.2,16322,52230400.0,HIGH
CRICKET_MATCH,Islamabad,36441,1900.0,Sunday,17,92.4,90.7,27849,52913100.0,HIGH
CRICKET_MATCH,Karachi,20904,2000.0,Saturday,12,98.0,60.7,14832,29664000.0,HIGH
CRICKET_MATCH,Karachi,29387,3900.0,Tuesday,17,60.8,90.5,15614,60894600.0,MEDIUM
MUSIC_CONCERT,Rawalpindi,24835,3800.0,Tuesday,10,87.4,90.3,15471,58789800.0,HIGH
MUSIC_CONCERT,Karachi,15609,4500.0,Wednesday,21,61.6,35.4,5995,26977500.0,MEDIUM
CRICKET_MATCH,Multan,24937,3400.0,Saturday,9,64.1,49.7,13595,46223000.0,MEDIUM
FOOTBALL_MATCH,Karachi,10380,1800.0,Thursday,21,88.1,30.5,4913,8843400.0,MEDIUM
FOOTBALL_MATCH,Karachi,16208,1600.0,Monday,17,46.4,80.4,7181,11489600.0,MEDIUM
MUSIC_CONCERT,Karachi,19783,7900.0,Sunday,18,49.1,59.3,9364,73975600.0,MEDIUM
MUSIC_CONCERT,Rawalpindi,12515,3800.0,Wednesday,16,55.1,92.4,6346,24114800.0,MEDIUM
FOOTBALL_MATCH,Lahore,10070,2100.0,Monday,15,85.4,36.2,4787,10052700.0,MEDIUM
BOXING,Lahore,3930,2100.0,Wednesday,22,58.8,73.7,1844,3872400.0,MEDIUM
MUSIC_CONCERT,Faisalabad,16746,6200.0,Wednesday,21,57.9,97.2,8589,53251800.0,MEDIUM
CRICKET_MATCH,Lahore,31771,4100.0,Friday,16,98.9,71.9,23076,94611600.0,HIGH
CRICKET_MATCH,Karachi,30844,2700.0,Sunday,20,59.6,25.4,14571,39341700.0,MEDIUM
MUSIC_FESTIVAL,Karachi,25828,9700.0,Sunday,9,50.9,65.9,12073,117108100.0,MEDIUM
MUSIC_CONCERT,Karachi,16228,7400.0,Friday,22,74.9,34.0,8281,61279400.0,MEDIUM
KABADDI,Islamabad,14594,700.0,Friday,17,86.3,22.4,8084,5658800.0,HIGH
FOOTBALL_MATCH,Lahore,11402,2000.0,Saturday,20,39.5,46.1,4887,9774000.0,MEDIUM
CRICKET_MATCH,Karachi,35905,4200.0,Wednesday,18,74.6,40.8,16400,68880000.0,MEDIUM
FOOTBALL_MATCH,Karachi,11098,1800.0,Monday,19,37.3,81.5,4553,8195400.0,MEDIUM
BOXING,Islamabad,5444,2200.0,Sunday,17,68.7,49.1,2963,6518600.0,MEDIUM
CRICKET_MATCH,Lahore,36571,1600.0,Wednesday,20,51.4,77.2,17510,28016000.0,MEDIUM
MUSIC_CONCERT,Karachi,22952,4100.0,Wednesday,19,54.6,21.3,7468,30618800.0,LOW
MUSIC_CONCERT,Lahore,14985,3100.0,Friday,17,64.9,21.2,7053,21864300.0,MEDIUM
CRICKET_MATCH,Lahore,26283,2900.0,Friday,21,94.3,22.3,15596,45228400.0,HIGH
FOOTBALL_MATCH,Lahore,12947,900.0,Monday,22,80.5,37.1,6053,5447700.0,MEDIUM
CRICKET_MATCH,Lahore,31555,1900.0,Tuesday,14,95.0,49.2,17993,34186700.0,HIGH
BOXING,Rawalpindi,7940,3000.0,Friday,12,77.2,67.4,4894,14682000.0,HIGH
CRICKET_MATCH,Lahore,22762,2800.0,Saturday,21,35.5,96.9,12749,35697200.0,HIGH
KABADDI,Peshawar,7753,1200.0,Wednesday,10,52.0,47.6,2984,3580800.0,MEDIUM
MUSIC_CONCERT,Faisalabad,9054,6700.0,Friday,19,93.0,24.3,5059,33895300.0,HIGH
CRICKET_MATCH,Karachi,31276,1400.0,Saturday,12,76.2,35.2,17771,24879400.0,HIGH
MUSIC_FESTIVAL,Lahore,29276,4200.0,Sunday,15,97.8,90.0,21715,91203000.0,HIGH
MUSIC_FESTIVAL,Karachi,13781,4000.0,Thursday,9,45.0,74.6,5604,22416000.0,MEDIUM
CRICKET_MATCH,Rawalpindi,34471,2600.0,Tuesday,22,54.0,81.6,16981,44150600.0,MEDIUM
CRICKET_MATCH,Karachi,36025,1300.0,Friday,17,58.2,29.7,17567,22837100.0,MEDIUM
MUSIC_FESTIVAL,Lahore,10962,9800.0,Saturday,11,55.9,30.5,4352,42649600.0,MEDIUM
MUSIC_FESTIVAL,Karachi,13413,5400.0,Tuesday,21,51.1,28.8,4095,22113000.0,LOW
CRICKET_MATCH,Rawalpindi,25420,4300.0,Friday,21,63.4,86.9,15997,68787100.0,HIGH
CRICKET_MATCH,Rawalpindi,26742,2800.0,Monday,12,76.1,36.4,12331,34526800.0,MEDIUM
CRICKET_MATCH,Lahore,28638,2700.0,Monday,20,54.9,70.2,13368,36093600.0,MEDIUM
MUSIC_FESTIVAL,Islamabad,14910,10100.0,Friday,13,40.1,60.3,6115,61761500.0,MEDIUM
CRICKET_MATCH,Lahore,28482,3600.0,Thursday,20,80.3,62.5,15282,55015200.0,MEDIUM
FOOTBALL_MATCH,Lahore,13229,1800.0,Sunday,21,64.4,35.2,6564,11815200.0,MEDIUM
MUSIC_CONCERT,Multan,16029,8100.0,Saturday,11,70.6,69.5,9266,75054600.0,HIGH
CRICKET_MATCH,Lahore,26815,2600.0,Friday,12,64.1,23.4,13005,33813000.0,MEDIUM
KABADDI,Lahore,9757,1600.0,Friday,13,92.0,97.5,7384,11814400.0,HIGH
CRICKET_MATCH,Lahore,22796,2500.0,Friday,20,70.8,22.1,11570,28925000.0,MEDIUM
MUSIC_CONCERT,Multan,7292,7500.0,Monday,9,94.1,23.9,3328,24960000.0,MEDIUM
CRICKET_MATCH,Rawalpindi,21832,2100.0,Sunday,22,67.7,45.3,12154,25523400.0,HIGH
BOXING,Islamabad,5611,2500.0,Sunday,17,53.7,84.9,3229,8072500.0,HIGH
BOXING,Rawalpindi,3161,3900.0,Wednesday,18,57.7,40.1,1165,4543500.0,MEDIUM
CRICKET_MATCH,Lahore,28274,1900.0,Tuesday,21,68.4,56.8,13839,26294100.0,MEDIUM
CRICKET_MATCH,Karachi,26228,2000.0,Tuesday,18,68.9,21.4,10548,21096000.0,MEDIUM
CRICKET_MATCH,Karachi,29068,2200.0,Saturday,21,79.0,26.2,16006,35213200.0,HIGH
CRICKET_MATCH,Lahore,21346,3400.0,Saturday,22,49.4,67.4,11405,38777000.0,MEDIUM
MUSIC_CONCERT,Karachi,8054,7800.0,Sunday,12,77.2,35.2,4181,32611800.0,MEDIUM
MUSIC_CONCERT,Peshawar,19992,6500.0,Saturday,21,84.8,74.2,13079,85013500.0,HIGH
FOOTBALL_MATCH,Lahore,12200,2200.0,Friday,17,78.3,81.3,8061,17734200.0,HIGH
KABADDI,Lahore,14527,1200.0,Saturday,12,65.8,86.3,9200,11040000.0,HIGH
KABADDI,Lahore,7560,600.0,Saturday,22,98.5,30.4,4690,2814000.0,HIGH
MUSIC_CONCERT,Lahore,11522,3100.0,Friday,9,60.9,55.5,6238,19337800.0,MEDIUM
CRICKET_MATCH,Peshawar,31173,3000.0,Friday,20,41.8,93.9,17919,53757000.0,HIGH
CRICKET_MATCH,Karachi,22164,2300.0,Saturday,13,87.6,80.2,15896,36560800.0,HIGH
CRICKET_MATCH,Karachi,30438,1900.0,Saturday,21,48.6,29.1,13575,25792500.0,MEDIUM
KABADDI,Rawalpindi,12720,1100.0,Saturday,17,80.7,59.2,7914,8705400.0,HIGH
CRICKET_MATCH,Lahore,22852,3400.0,Saturday,11,46.5,91.9,13361,45427400.0,HIGH
CRICKET_MATCH,Karachi,24713,2500.0,Saturday,13,36.1,54.3,11317,28292500.0,MEDIUM
CRICKET_MATCH,Karachi,21183,3800.0,Saturday,11,45.2,85.3,11874,45121200.0,HIGH
MUSIC_CONCERT,Karachi,12032,6900.0,Friday,20,59.1,58.7,6212,42862800.0,MEDIUM
CRICKET_MATCH,Quetta,32275,3600.0,Saturday,11,41.8,28.3,13125,47250000.0,MEDIUM
CRICKET_MATCH,Rawalpindi,36793,4500.0,Friday,9,47.7,31.5,15841,71284500.0,MEDIUM
CRICKET_MATCH,Karachi,22298,2200.0,Wednesday,10,83.9,23.6,10313,22688600.0,MEDIUM
CRICKET_MATCH,Rawalpindi,36918,3300.0,Monday,10,84.3,35.2,17919,59132700.0,MEDIUM
KABADDI,Lahore,11599,1600.0,Saturday,17,87.3,89.7,8348,13356800.0,HIGH
CRICKET_MATCH,Lahore,18003,3100.0,Saturday,15,88.8,70.7,12465,38641500.0,HIGH
CRICKET_MATCH,Lahore,31440,3800.0,Sunday,16,61.9,77.6,18987,72150600.0,HIGH
KABADDI,Karachi,6026,1000.0,Friday,10,90.5,68.5,4115,4115000.0,HIGH
CRICKET_MATCH,Karachi,23161,3100.0,Friday,17,68.7,50.2,13104,40622400.0,HIGH
CRICKET_MATCH,Islamabad,18964,1400.0,Wednesday,21,65.1,36.9,8170,11438000.0,MEDIUM
MUSIC_CONCERT,Peshawar,19942,8400.0,Monday,11,81.0,92.2,11402,95776800.0,HIGH
CRICKET_MATCH,Karachi,37480,3800.0,Saturday,18,48.7,60.2,19149,72766200.0,MEDIUM
CRICKET_MATCH,Karachi,34455,4100.0,Wednesday,21,85.5,57.5,18608,76292800.0,MEDIUM
CRICKET_MATCH,Lahore,23601,3500.0,Saturday,10,62.5,97.7,15541,54393500.0,HIGH
FOOTBALL_MATCH,Lahore,10947,1100.0,Saturday,20,43.1,49.9,5013,5514300.0,MEDIUM
KABADDI,Karachi,12238,500.0,Friday,9,42.6,86.6,6755,3377500.0,HIGH
KABADDI,Karachi,10490,1600.0,Sunday,17,45.6,87.3,5846,9353600.0,HIGH
MUSIC_CONCERT,Rawalpindi,17156,4900.0,Friday,16,92.0,38.1,10329,50612100.0,HIGH
CRICKET_MATCH,Lahore,20411,2100.0,Thursday,21,98.4,27.4,10758,22591800.0,MEDIUM
CRICKET_MATCH,Lahore,33674,3100.0,Sunday,20,57.8,96.1,21539,66770900.0,HIGH
MUSIC_CONCERT,Karachi,12308,5000.0,Sunday,19,53.7,53.2,6098,30490000.0,MEDIUM
MUSIC_FESTIVAL,Lahore,18403,9000.0,Wednesday,12,49.0,20.2,4618,41562000.0,LOW
CRICKET_MATCH,Lahore,20924,2800.0,Monday,15,87.7,58.9,11735,32858000.0,HIGH
FOOTBALL_MATCH,Islamabad,10837,2000.0,Tuesday,20,48.4,68.3,4525,9050000.0,MEDIUM
CRICKET_MATCH,Lahore,18576,4000.0,Thursday,22,94.1,80.5,11712,46848000.0,HIGH
CRICKET_MATCH,Islamabad,32641,1800.0,Sunday,11,77.7,93.5,23397,42114600.0,HIGH
CRICKET_MATCH,Lahore,26963,2300.0,Saturday,11,92.4,91.4,20578,47329400.0,HIGH
CRICKET_MATCH,Lahore,26391,2600.0,Friday,12,70.5,93.3,18044,46914400.0,HIGH
MUSIC_CONCERT,Karachi,22139,8300.0,Sunday,10,79.2,22.5,10880,90304000.0,MEDIUM
KABADDI,Rawalpindi,14371,1000.0,Friday,22,74.6,75.5,9208,9208000.0,HIGH
CRICKET_MATCH,Karachi,36789,2500.0,Thursday,18,88.2,37.6,18820,47050000.0,MEDIUM
CRICKET_MATCH,Rawalpindi,24883,3400.0,Sunday,12,88.5,34.6,14903,50670200.0,HIGH
MUSIC_CONCERT,Lahore,19658,5000.0,Sunday,18,72.7,82.4,12576,62880000.0,HIGH
CRICKET_MATCH,Rawalpindi,24139,4300.0,Sunday,11,75.5,52.5,14210,61103000.0,HIGH
KABADDI,Lahore,8988,1700.0,Friday,16,94.0,91.5,6729,11439300.0,HIGH
CRICKET_MATCH,Islamabad,19119,2900.0,Sunday,19,94.5,23.3,11407,33080300.0,HIGH
KABADDI,Karachi,8214,1300.0,Wednesday,10,77.5,82.6,4660,6058000.0,HIGH
CRICKET_MATCH,Peshawar,26000,1400.0,Saturday,19,35.5,30.7,10512,14716800.0,MEDIUM
CRICKET_MATCH,Karachi,26065,3500.0,Sunday,17,41.7,33.8,10966,38381000.0,MEDIUM
CRICKET_MATCH,Lahore,28103,3500.0,Thursday,11,89.9,57.2,15737,55079500.0,HIGH
CRICKET_MATCH,Lahore,37285,2400.0,Sunday,12,40.4,50.9,17384,41721600.0,MEDIUM
CRICKET_MATCH,Rawalpindi,19085,1900.0,Friday,21,48.7,57.9,9893,18796700.0,MEDIUM
BOXING,Karachi,3173,4700.0,Monday,18,49.8,93.3,1480,6956000.0,MEDIUM
CRICKET_MATCH,Rawalpindi,31564,2600.0,Saturday,22,73.4,71.3,20189,52491400.0,HIGH
CRICKET_MATCH,Lahore,21532,3400.0,Wednesday,18,71.9,42.6,9833,33432200.0,MEDIUM
FOOTBALL_MATCH,Karachi,20911,900.0,Saturday,11,53.5,33.5,9562,8605800.0,MEDIUM
KABADDI,Lahore,7238,1000.0,Tuesday,11,48.3,52.8,2789,2789000.0,MEDIUM
MUSIC_FESTIVAL,Faisalabad,12834,10400.0,Sunday,16,83.9,55.2,7182,74692800.0,HIGH
KABADDI,Islamabad,9813,1000.0,Thursday,16,94.9,66.9,5842,5842000.0,HIGH
FOOTBALL_MATCH,Peshawar,20008,1800.0,Wednesday,21,38.4,40.7,6251,11251800.0,LOW
KABADDI,Lahore,13084,800.0,Tuesday,21,43.5,79.9,5711,4568800.0,MEDIUM
MUSIC_FESTIVAL,Islamabad,22588,7000.0,Sunday,14,76.1,27.7,10959,76713000.0,MEDIUM
MUSIC_CONCERT,Islamabad,12012,8100.0,Saturday,12,86.5,63.7,7486,60636600.0,HIGH
CRICKET_MATCH,Karachi,36357,3100.0,Saturday,9,85.6,68.6,24546,76092600.0,HIGH
CRICKET_MATCH,Rawalpindi,36628,4200.0,Friday,12,81.1,36.1,20855,87591000.0,HIGH
CRICKET_MATCH,Faisalabad,27849,4200.0,Friday,16,91.8,84.4,20337,85415400.0,HIGH
FOOTBALL_MATCH,Multan,16604,2400.0,Tuesday,14,48.9,68.0,6905,16572000.0,MEDIUM
MUSIC_CONCERT,Islamabad,17767,7900.0,Saturday,10,41.9,70.4,8423,66541700.0,MEDIUM
FOOTBALL_MATCH,Lahore,15221,800.0,Wednesday,11,74.4,58.8,7605,6084000.0,MEDIUM
CRICKET_MATCH,Lahore,25814,4300.0,Sunday,20,87.6,90.9,18846,81037800.0,HIGH
MUSIC_CONCERT,Faisalabad,15602,3300.0,Sunday,15,72.3,74.1,9818,32399400.0,HIGH
MUSIC_CONCERT,Lahore,16284,2700.0,Friday,19,96.6,49.8,10810,29187000.0,HIGH
CRICKET_MATCH,Islamabad,35766,1400.0,Tuesday,19,85.9,38.6,18350,25690000.0,MEDIUM
BOXING,Islamabad,4123,2700.0,Sunday,12,79.9,25.5,2160,5832000.0,MEDIUM
CRICKET_MATCH,Islamabad,30521,3200.0,Tuesday,12,38.9,32.9,9464,30284800.0,LOW
MUSIC_CONCERT,Quetta,24396,4900.0,Wednesday,13,41.9,97.4,11281,55276900.0,MEDIUM
MUSIC_CONCERT,Karachi,6243,2700.0,Wednesday,16,85.2,51.7,3283,8864100.0,MEDIUM
FOOTBALL_MATCH,Karachi,10589,1600.0,Saturday,22,47.7,90.1,6059,9694400.0,HIGH
BOXING,Lahore,4778,3000.0,Sunday,22,36.8,33.3,1814,5442000.0,MEDIUM
MUSIC_CONCERT,Karachi,21513,7000.0,Thursday,15,93.3,53.2,11404,79828000.0,MEDIUM
FOOTBALL_MATCH,Lahore,16836,1300.0,Tuesday,17,92.0,94.9,10984,14279200.0,HIGH
CRICKET_MATCH,Karachi,29714,1900.0,Friday,13,49.0,27.1,13148,24981200.0,MEDIUM
MUSIC_CONCERT,Rawalpindi,13749,4000.0,Saturday,9,84.9,66.3,8967,35868000.0,HIGH
CRICKET_MATCH,Peshawar,22501,2200.0,Wednesday,12,38.1,91.7,10373,22820600.0,MEDIUM
CRICKET_MATCH,Lahore,37157,3200.0,Wednesday,14,53.2,94.1,19199,61436800.0,MEDIUM
MUSIC_CONCERT,Karachi,23169,5300.0,Sunday,14,74.9,86.0,15173,80416900.0,HIGH
MUSIC_CONCERT,Peshawar,5706,4500.0,Sunday,17,83.8,86.8,3970,17865000.0,HIGH
CRICKET_MATCH,Lahore,36985,2400.0,Sunday,18,35.7,70.9,18442,44260800.0,MEDIUM
CRICKET_MATCH,Lahore,26566,2400.0,Sunday,21,55.9,37.2,13021,31250400.0,MEDIUM
CRICKET_MATCH,Lahore,19612,4400.0,Wednesday,13,48.7,77.0,8801,38724400.0,MEDIUM
CRICKET_MATCH,Karachi,34838,2000.0,Wednesday,13,98.9,96.3,24453,48906000.0,HIGH
CRICKET_MATCH,Lahore,22297,3900.0,Thursday,14,77.9,61.0,11633,45368700.0,MEDIUM
MUSIC_CONCERT,Faisalabad,21859,6700.0,Thursday,19,61.0,40.3,8280,55476000.0,MEDIUM
CRICKET_MATCH,Karachi,33546,1200.0,Sunday,14,39.8,64.7,17002,20402400.0,MEDIUM
FOOTBALL_MATCH,Karachi,17045,2500.0,Sunday,11,73.3,73.9,10592,26480000.0,HIGH
CRICKET_MATCH,Lahore,19391,3700.0,Saturday,14,76.1,36.2,10749,39771300.0,HIGH
MUSIC_FESTIVAL,Karachi,18579,9300.0,Wednesday,16,87.2,76.1,9881,91893300.0,MEDIUM
CRICKET_MATCH,Islamabad,26453,2500.0,Sunday,20,53.5,65.8,14600,36500000.0,HIGH
CRICKET_MATCH,Rawalpindi,26008,3000.0,Sunday,14,97.8,67.8,18715,56145000.0,HIGH
CRICKET_MATCH,Rawalpindi,33948,2000.0,Wednesday,20,63.1,43.9,14823,29646000.0,MEDIUM
KABADDI,Karachi,14734,500.0,Sunday,19,53.9,32.1,6749,3374500.0,MEDIUM
KABADDI,Peshawar,14742,1600.0,Thursday,13,57.3,68.6,6699,10718400.0,MEDIUM
CRICKET_MATCH,Rawalpindi,23425,4200.0,Tuesday,11,68.3,65.7,11604,48736800.0,MEDIUM
CRICKET_MATCH,Rawalpindi,32157,1700.0,Saturday,9,94.9,46.4,21360,36312000.0,HIGH
CRICKET_MATCH,Lahore,35021,3800.0,Saturday,13,82.1,43.1,20782,78971600.0,HIGH
FOOTBALL_MATCH,Lahore,16356,2100.0,Tuesday,14,71.9,47.1,7392,15523200.0,MEDIUM
FOOTBALL_MATCH,Lahore,10805,1100.0,Thursday,22,45.4,58.2,4185,4603500.0,MEDIUM
CRICKET_MATCH,Islamabad,33447,2600.0,Sunday,14,44.6,96.0,19846,51599600.0,HIGH
CRICKET_MATCH,Karachi,19223,2600.0,Saturday,22,67.1,79.6,12240,31824000.0,HIGH
CRICKET_MATCH,Karachi,21342,3700.0,Saturday,14,81.6,86.4,14949,55311300.0,HIGH
CRICKET_MATCH,Multan,34872,4000.0,Wednesday,11,83.1,59.4,18709,74836000.0,MEDIUM
KABADDI,Multan,11142,600.0,Monday,12,49.5,61.0,4603,2761800.0,MEDIUM
CRICKET_MATCH,Peshawar,26856,3100.0,Thursday,11,41.4,35.9,8799,27276900.0,LOW
CRICKET_MATCH,Karachi,35630,3700.0,Wednesday,10,59.6,76.2,17547,64923900.0,MEDIUM
CRICKET_MATCH,Islamabad,24061,3800.0,Wednesday,16,93.8,52.9,13517,51364600.0,HIGH
MUSIC_FESTIVAL,Lahore,21532,4800.0,Wednesday,15,69.9,77.9,10824,51955200.0,MEDIUM
MUSIC_CONCERT,Lahore,23094,5700.0,Saturday,19,55.5,51.9,11411,65042700.0,MEDIUM
CRICKET_MATCH,Lahore,18880,4000.0,Thursday,16,55.7,28.5,6731,26924000.0,MEDIUM
CRICKET_MATCH,Karachi,34818,2300.0,Sunday,21,43.5,33.5,15148,34840400.0,MEDIUM
CRICKET_MATCH,Karachi,24124,2600.0,Wednesday,14,65.3,83.3,13009,33823400.0,MEDIUM
FOOTBALL_MATCH,Rawalpindi,16104,2200.0,Friday,19,85.6,40.2,9427,20739400.0,HIGH
CRICKET_MATCH,Lahore,23184,1500.0,Monday,20,97.0,40.6,12960,19440000.0,HIGH
BOXING,Islamabad,4984,4500.0,Friday,22,67.1,92.5,3144,14148000.0,HIGH
FOOTBALL_MATCH,Karachi,20644,1300.0,Monday,15,45.7,71.3,8666,11265800.0,MEDIUM
MUSIC_CONCERT,Lahore,17223,2500.0,Sunday,9,78.7,28.9,9401,23502500.0,MEDIUM
CRICKET_MATCH,Karachi,27984,2000.0,Sunday,18,83.4,31.2,16259,32518000.0,HIGH
MUSIC_CONCERT,Lahore,6798,3000.0,Friday,13,39.6,41.2,2899,8697000.0,MEDIUM
MUSIC_CONCERT,Karachi,11603,3100.0,Tuesday,12,89.4,66.3,6675,20692500.0,HIGH
CRICKET_MATCH,Karachi,31283,3500.0,Saturday,18,88.1,78.7,22117,77409500.0,HIGH
CRICKET_MATCH,Lahore,29704,1900.0,Saturday,11,65.2,41.4,16010,30419000.0,MEDIUM
CRICKET_MATCH,Lahore,31320,4300.0,Wednesday,10,70.9,87.9,17537,75409100.0,HIGH
CRICKET_MATCH,Karachi,19493,2900.0,Saturday,22,80.7,28.5,10875,31537500.0,HIGH
CRICKET_MATCH,Peshawar,37063,2700.0,Sunday,22,78.3,36.2,21109,56994300.0,HIGH
KABADDI,Karachi,7625,1100.0,Saturday,17,36.1,95.7,4164,4580400.0,MEDIUM
CRICKET_MATCH,Islamabad,37401,3500.0,Sunday,16,42.8,30.5,15582,54537000.0,MEDIUM
MUSIC_FESTIVAL,Islamabad,26231,7300.0,Sunday,18,45.4,89.3,13692,99951600.0,MEDIUM
CRICKET_MATCH,Peshawar,21246,1600.0,Sunday,10,83.4,74.9,14725,23560000.0,HIGH
MUSIC_FESTIVAL,Rawalpindi,23925,11000.0,Friday,14,63.2,25.7,9666,106326000.0,MEDIUM
CRICKET_MATCH,Karachi,19316,2600.0,Saturday,11,69.9,57.7,11444,29754400.0,HIGH
MUSIC_CONCERT,Islamabad,22334,2900.0,Sunday,11,84.5,60.5,14379,41699100.0,HIGH
CRICKET_MATCH,Multan,34607,2900.0,Saturday,13,56.8,92.7,21760,63104000.0,HIGH
CRICKET_MATCH,Karachi,20026,3300.0,Sunday,15,82.9,52.8,12499,41246700.0,HIGH
MUSIC_CONCERT,Karachi,5547,4200.0,Monday,15,63.3,54.8,2446,10273200.0,MEDIUM
CRICKET_MATCH,Lahore,33289,3800.0,Friday,19,59.1,28.8,15693,59633400.0,MEDIUM
BOXING,Rawalpindi,6778,3800.0,Thursday,18,56.3,69.9,2973,11297400.0,MEDIUM
KABADDI,Rawalpindi,12511,1300.0,Thursday,9,96.8,36.4,6558,8525400.0,MEDIUM
FOOTBALL_MATCH,Lahore,13785,1500.0,Wednesday,19,84.4,26.0,6207,9310500.0,MEDIUM
FOOTBALL_MATCH,Karachi,15757,2400.0,Saturday,15,36.3,97.8,8558,20539200.0,MEDIUM
MUSIC_CONCERT,Karachi,24107,4100.0,Tuesday,15,96.3,41.0,12800,52480000.0,MEDIUM
CRICKET_MATCH,Lahore,19523,3100.0,Saturday,14,84.6,31.0,11272,34943200.0,HIGH
BOXING,Quetta,8209,2600.0,Saturday,14,44.5,74.6,4223,10979800.0,MEDIUM
MUSIC_CONCERT,Lahore,22356,7000.0,Thursday,21,39.9,84.1,9101,63707000.0,MEDIUM
CRICKET_MATCH,Lahore,30720,1400.0,Thursday,21,54.7,25.0,11123,15572200.0,MEDIUM
CRICKET_MATCH,Karachi,31574,1400.0,Saturday,10,74.9,28.2,17234,24127600.0,MEDIUM
MUSIC_CONCERT,Islamabad,24988,7400.0,Saturday,11,74.5,27.0,12277,90849800.0,MEDIUM
CRICKET_MATCH,Lahore,30795,2600.0,Sunday,11,52.7,23.7,13642,35469200.0,MEDIUM
CRICKET_MATCH,Islamabad,35000,2300.0,Sunday,21,63.5,71.4,21169,48688700.0,HIGH
CRICKET_MATCH,Karachi,33862,3200.0,Sunday,11,48.6,65.9,17911,57315200.0,MEDIUM
FOOTBALL_MATCH,Lahore,10621,2000.0,Saturday,10,38.2,71.7,5181,10362000.0,MEDIUM
CRICKET_MATCH,Lahore,30433,1900.0,Sunday,17,68.1,59.4,18103,34395700.0,HIGH
FOOTBALL_MATCH,Karachi,10093,1100.0,Sunday,14,57.2,83.8,6011,6612100.0,HIGH
MUSIC_CONCERT,Lahore,23560,8200.0,Sunday,10,69.7,62.6,13117,107559400.0,HIGH
CRICKET_MATCH,Peshawar,25484,3100.0,Monday,11,95.6,91.7,17084,52960400.0,HIGH
FOOTBALL_MATCH,Rawalpindi,20408,1500.0,Sunday,18,44.2,57.9,9781,14671500.0,MEDIUM
MUSIC_FESTIVAL,Quetta,27954,10300.0,Friday,14,35.1,81.7,12398,127699400.0,MEDIUM
BOXING,Lahore,4066,3300.0,Sunday,12,39.9,51.8,1770,5841000.0,MEDIUM
MUSIC_CONCERT,Faisalabad,22530,3900.0,Tuesday,15,64.6,53.9,10043,39167700.0,MEDIUM
CRICKET_MATCH,Karachi,18705,1900.0,Friday,14,80.2,86.2,13229,25135100.0,HIGH
MUSIC_CONCERT,Karachi,22742,4900.0,Thursday,14,72.2,28.4,9178,44972200.0,MEDIUM
CRICKET_MATCH,Lahore,31525,4000.0,Thursday,20,66.7,64.1,15345,61380000.0,MEDIUM
CRICKET_MATCH,Lahore,37918,1400.0,Tuesday,11,57.7,76.7,19056,26678400.0,MEDIUM
CRICKET_MATCH,Islamabad,21812,1900.0,Sunday,19,54.8,78.5,12928,24563200.0,HIGH
CRICKET_MATCH,Karachi,29652,4100.0,Monday,16,59.1,66.1,13716,56235600.0,MEDIUM
MUSIC_CONCERT,Lahore,24152,3200.0,Thursday,17,74.1,54.9,11804,37772800.0,MEDIUM
CRICKET_MATCH,Islamabad,20319,3300.0,Wednesday,14,45.7,40.3,7180,23694000.0,MEDIUM
BOXING,Lahore,5872,2200.0,Saturday,10,84.4,90.9,4155,9141000.0,HIGH
MUSIC_CONCERT,Karachi,12163,6100.0,Thursday,9,71.8,48.8,5409,32994900.0,MEDIUM
KABADDI,Karachi,11221,1000.0,Thursday,11,52.2,82.3,5316,5316000.0,MEDIUM
CRICKET_MATCH,Rawalpindi,18209,1500.0,Friday,11,67.1,22.5,9134,13701000.0,MEDIUM
KABADDI,Rawalpindi,10834,1300.0,Saturday,16,96.6,38.1,6800,8840000.0,HIGH
CRICKET_MATCH,Karachi,37191,3500.0,Tuesday,13,36.3,47.0,12403,43410500.0,LOW
CRICKET_MATCH,Karachi,30446,3400.0,Wednesday,9,47.8,72.4,13421,45631400.0,MEDIUM
MUSIC_FESTIVAL,Karachi,11962,8900.0,Wednesday,19,63.7,44.9,4408,39231200.0,MEDIUM
CRICKET_MATCH,Rawalpindi,31028,2900.0,Sunday,12,75.9,23.2,16341,47388900.0,MEDIUM
CRICKET_MATCH,Karachi,36774,2900.0,Friday,15,48.6,33.6,16559,48021100.0,MEDIUM
MUSIC_CONCERT,Lahore,15717,6300.0,Saturday,13,94.6,40.2,9545,60133500.0,HIGH
CRICKET_MATCH,Lahore,22794,3500.0,Wednesday,18,76.1,33.7,10246,35861000.0,MEDIUM
BOXING,Karachi,6214,3800.0,Friday,21,91.2,35.9,3632,13801600.0,HIGH
CRICKET_MATCH,Karachi,34229,3100.0,Monday,14,56.1,80.0,16875,52312500.0,MEDIUM
CRICKET_MATCH,Rawalpindi,20444,1700.0,Monday,22,88.1,52.1,11305,19218500.0,HIGH
CRICKET_MATCH,Lahore,28775,1900.0,Friday,18,59.2,51.6,15595,29630500.0,MEDIUM
CRICKET_MATCH,Karachi,26332,2100.0,Friday,12,51.2,95.4,16328,34288800.0,HIGH
CRICKET_MATCH,Rawalpindi,37248,4200.0,Tuesday,10,93.3,54.8,20929,87901800.0,HIGH
MUSIC_CONCERT,Rawalpindi,24561,7100.0,Saturday,17,40.9,92.4,13040,92584000.0,MEDIUM
FOOTBALL_MATCH,Karachi,10607,1700.0,Sunday,10,95.3,43.3,6714,11413800.0,HIGH
MUSIC_FESTIVAL,Karachi,28320,5600.0,Friday,10,64.3,51.2,14426,80785600.0,MEDIUM
CRICKET_MATCH,Karachi,37301,1600.0,Saturday,21,98.5,50.9,25726,41161600.0,HIGH
FOOTBALL_MATCH,Peshawar,10218,2300.0,Sunday,20,69.5,62.6,5930,13639000.0,HIGH
KABADDI,Lahore,7797,1700.0,Sunday,10,83.5,65.6,5025,8542500.0,HIGH
MUSIC_FESTIVAL,Peshawar,17168,4400.0,Friday,9,35.5,39.4,6528,28723200.0,MEDIUM
CRICKET_MATCH,Islamabad,20573,3800.0,Saturday,21,66.8,81.9,13023,49487400.0,HIGH
KABADDI,Karachi,8589,1100.0,Tuesday,20,82.2,58.7,4522,4974200.0,MEDIUM
MUSIC_CONCERT,Lahore,7283,4400.0,Friday,20,85.1,20.5,3901,17164400.0,MEDIUM
CRICKET_MATCH,Karachi,27991,3600.0,Thursday,11,45.1,66.1,11575,41670000.0,MEDIUM
MUSIC_CONCERT,Karachi,21845,6200.0,Wednesday,14,61.8,82.2,10705,66371000.0,MEDIUM
CRICKET_MATCH,Lahore,18713,3800.0,Friday,15,61.8,39.5,9511,36141800.0,MEDIUM
MUSIC_CONCERT,Islamabad,22807,2900.0,Tuesday,9,41.6,23.0,6596,19128400.0,LOW
MUSIC_FESTIVAL,Faisalabad,9890,6200.0,Saturday,22,63.4,83.0,5750,35650000.0,HIGH
BOXING,Karachi,6567,2600.0,Friday,13,86.7,96.1,4771,12404600.0,HIGH
CRICKET_MATCH,Islamabad,23375,2300.0,Saturday,13,54.2,26.0,10669,24538700.0,MEDIUM
CRICKET_MATCH,Lahore,33579,2900.0,Tuesday,9,62.7,93.2,18541,53768900.0,HIGH
MUSIC_FESTIVAL,Karachi,17870,5900.0,Tuesday,12,96.5,48.0,9294,54834600.0,MEDIUM
FOOTBALL_MATCH,Lahore,10147,1600.0,Saturday,18,37.0,93.4,5482,8771200.0,MEDIUM
CRICKET_MATCH,Islamabad,27109,2400.0,Sunday,9,72.9,70.6,17279,41469600.0,HIGH
BOXING,Peshawar,5266,4100.0,Tuesday,21,82.6,89.4,3075,12607500.0,HIGH
FOOTBALL_MATCH,Islamabad,18716,1800.0,Thursday,22,83.7,81.3,10926,19666800.0,HIGH
CRICKET_MATCH,Lahore,36190,3400.0,Sunday,9,80.8,22.2,19508,66327200.0,MEDIUM
CRICKET_MATCH,Karachi,33817,1900.0,Monday,20,81.5,25.1,15534,29514600.0,MEDIUM
CRICKET_MATCH,Karachi,22051,2300.0,Sunday,15,38.8,61.0,10721,24658300.0,MEDIUM
KABADDI,Karachi,14751,500.0,Friday,15,69.2,30.1,7530,3765000.0,MEDIUM
KABADDI,Rawalpindi,14820,600.0,Friday,11,85.1,56.0,9398,5638800.0,HIGH
FOOTBALL_MATCH,Rawalpindi,19258,1300.0,Thursday,15,41.0,94.5,8861,11519300.0,MEDIUM
MUSIC_CONCERT,Islamabad,17640,2900.0,Thursday,11,35.8,43.0,5600,16240000.0,LOW
MUSIC_CONCERT,Karachi,14103,6100.0,Thursday,10,87.1,58.1,7409,45194900.0,MEDIUM
KABADDI,Lahore,9762,1800.0,Sunday,18,80.6,50.0,5798,10436400.0,HIGH
CRICKET_MATCH,Lahore,29743,1500.0,Saturday,12,61.4,69.1,17749,26623500.0,HIGH
BOXING,Karachi,4808,4400.0,Saturday,22,95.2,35.1,2853,12553200.0,HIGH
CRICKET_MATCH,Karachi,28087,1600.0,Sunday,18,84.1,40.3,17110,27376000.0,HIGH
KABADDI,Islamabad,15198,1400.0,Thursday,11,96.9,87.0,9884,13837600.0,HIGH
KABADDI,Islamabad,14240,1300.0,Saturday,20,94.5,83.3,10435,13565500.0,HIGH
CRICKET_MATCH,Lahore,28042,4200.0,Friday,15,65.8,81.6,17547,73697400.0,HIGH
MUSIC_FESTIVAL,Karachi,14173,4500.0,Sunday,20,83.3,80.1,9362,42129000.0,HIGH
CRICKET_MATCH,Lahore,36516,2200.0,Thursday,20,77.8,55.8,18993,41784600.0,MEDIUM
BOXING,Lahore,9932,1800.0,Saturday,9,86.9,76.9,6801,12241800.0,HIGH
CRICKET_MATCH,Rawalpindi,35909,2500.0,Sunday,14,85.4,50.2,22714,56785000.0,HIGH
MUSIC_FESTIVAL,Lahore,24712,11200.0,Friday,22,44.8,27.9,8381,93867200.0,LOW
CRICKET_MATCH,Karachi,20657,3800.0,Monday,10,50.0,50.7,8098,30772400.0,MEDIUM
CRICKET_MATCH,Lahore,26779,3600.0,Friday,16,52.0,32.4,12189,43880400.0,MEDIUM
CRICKET_MATCH,Multan,37589,3000.0,Thursday,22,87.4,50.5,20198,60594000.0,MEDIUM
CRICKET_MATCH,Karachi,24833,4100.0,Saturday,13,86.9,43.2,15137,62061700.0,HIGH
CRICKET_MATCH,Lahore,25907,2700.0,Sunday,11,66.7,66.7,15604,42130800.0,HIGH
KABADDI,Karachi,7598,700.0,Friday,18,72.2,48.2,4297,3007900.0,HIGH
CRICKET_MATCH,Islamabad,21851,4000.0,Friday,15,87.9,75.0,15154,60616000.0,HIGH
CRICKET_MATCH,Faisalabad,25582,2100.0,Saturday,22,55.0,59.9,13957,29309700.0,MEDIUM
CRICKET_MATCH,Lahore,29009,1400.0,Tuesday,19,38.2,91.7,13546,18964400.0,MEDIUM
MUSIC_CONCERT,Multan,11823,3300.0,Thursday,10,65.9,27.1,4585,15130500.0,MEDIUM
BOXING,Peshawar,7607,3600.0,Sunday,13,93.5,73.6,5240,18864000.0,HIGH
MUSIC_CONCERT,Peshawar,9507,6100.0,Saturday,19,85.6,72.4,6232,38015200.0,HIGH
BOXING,Islamabad,8934,2400.0,Monday,16,58.5,94.1,4620,11088000.0,MEDIUM
CRICKET_MATCH,Islamabad,27203,3600.0,Wednesday,21,39.1,49.0,9475,34110000.0,LOW
CRICKET_MATCH,Karachi,22659,3800.0,Saturday,19,75.8,43.8,12950,49210000.0,HIGH
CRICKET_MATCH,Rawalpindi,22398,4200.0,Saturday,9,88.4,33.4,13215,55503000.0,HIGH
MUSIC_CONCERT,Karachi,10242,6000.0,Sunday,9,77.6,40.7,5602,33612000.0,MEDIUM
MUSIC_FESTIVAL,Islamabad,18796,10100.0,Thursday,11,62.2,59.1,7331,74043100.0,MEDIUM
FOOTBALL_MATCH,Karachi,14611,2100.0,Sunday,11,42.9,85.3,7871,16529100.0,MEDIUM
CRICKET_MATCH,Islamabad,32775,2100.0,Saturday,21,93.3,42.2,21139,44391900.0,HIGH
CRICKET_MATCH,Rawalpindi,24712,2200.0,Saturday,15,52.7,32.3,11547,25403400.0,MEDIUM
CRICKET_MATCH,Lahore,36407,2800.0,Saturday,14,49.4,41.2,17219,48213200.0,MEDIUM
KABADDI,Rawalpindi,12176,500.0,Tuesday,15,87.2,27.9,5752,2876000.0,MEDIUM
CRICKET_MATCH,Karachi,22507,2200.0,Sunday,12,97.8,92.3,17699,38937800.0,HIGH
MUSIC_FESTIVAL,Rawalpindi,21937,7500.0,Tuesday,19,77.3,88.1,11785,88387500.0,MEDIUM
CRICKET_MATCH,Karachi,37569,1600.0,Thursday,10,75.0,44.1,18204,29126400.0,MEDIUM
MUSIC_FESTIVAL,Karachi,20343,4600.0,Sunday,10,55.4,39.3,9220,42412000.0,MEDIUM
MUSIC_CONCERT,Peshawar,18035,5300.0,Saturday,18,36.3,90.6,9408,49862400.0,MEDIUM
MUSIC_CONCERT,Lahore,15533,6900.0,Sunday,9,47.3,20.1,5833,40247700.0,MEDIUM
KABADDI,Rawalpindi,6195,1600.0,Friday,22,72.4,66.8,3758,6012800.0,HIGH
KABADDI,Karachi,15982,1200.0,Friday,21,44.7,91.4,9061,10873200.0,HIGH
KABADDI,Karachi,7106,1100.0,Sunday,22,91.6,59.7,4720,5192000.0,HIGH
KABADDI,Karachi,8789,1000.0,Monday,17,47.0,20.2,2628,2628000.0,LOW
KABADDI,Karachi,14730,800.0,Sunday,22,68.4,37.1,7702,6161600.0,MEDIUM
MUSIC_FESTIVAL,Karachi,29168,4700.0,Wednesday,22,67.8,92.0,15482,72765400.0,MEDIUM
MUSIC_CONCERT,Lahore,4718,7300.0,Sunday,15,73.7,21.3,2240,16352000.0,MEDIUM
MUSIC_CONCERT,Lahore,11076,5300.0,Tuesday,18,56.0,50.8,4386,23245800.0,MEDIUM
MUSIC_CONCERT,Lahore,7995,7200.0,Saturday,11,90.9,81.6,5522,39758400.0,HIGH
CRICKET_MATCH,Faisalabad,18305,3500.0,Sunday,10,63.4,85.4,11552,40432000.0,HIGH
CRICKET_MATCH,Faisalabad,26579,1800.0,Friday,22,79.8,57.3,16856,30340800.0,HIGH
FOOTBALL_MATCH,Karachi,16916,1700.0,Saturday,11,75.7,38.1,9244,15714800.0,MEDIUM
FOOTBALL_MATCH,Islamabad,21202,1600.0,Sunday,15,42.5,66.8,10483,16772800.0,MEDIUM
MUSIC_CONCERT,Karachi,6596,5000.0,Saturday,13,74.8,40.6,3582,17910000.0,MEDIUM
CRICKET_MATCH,Islamabad,32841,3000.0,Sunday,20,70.2,39.9,17942,53826000.0,MEDIUM
KABADDI,Rawalpindi,8435,1800.0,Friday,11,92.5,83.0,6082,10947600.0,HIGH
FOOTBALL_MATCH,Faisalabad,18532,2200.0,Wednesday,17,91.4,32.0,9018,19839600.0,MEDIUM
CRICKET_MATCH,Karachi,33788,4200.0,Monday,10,44.7,20.4,9921,41668200.0,LOW
KABADDI,Rawalpindi,7903,500.0,Wednesday,15,40.2,46.3,2704,1352000.0,LOW
MUSIC_CONCERT,Lahore,19883,3300.0,Tuesday,18,53.9,58.3,8367,27611100.0,MEDIUM
CRICKET_MATCH,Quetta,27896,1500.0,Saturday,14,98.1,75.0,20898,31347000.0,HIGH
KABADDI,Lahore,9383,800.0,Wednesday,14,36.4,80.9,3869,3095200.0,MEDIUM
KABADDI,Islamabad,10175,1100.0,Monday,22,78.1,71.8,5534,6087400.0,MEDIUM
CRICKET_MATCH,Islamabad,31376,3300.0,Monday,15,73.9,68.9,16649,54941700.0,MEDIUM
CRICKET_MATCH,Islamabad,32838,2900.0,Sunday,14,76.4,71.9,21354,61926600.0,HIGH
MUSIC_FESTIVAL,Lahore,20857,11200.0,Saturday,10,49.0,41.2,8095,90664000.0,MEDIUM
CRICKET_MATCH,Peshawar,19283,4300.0,Friday,19,49.5,49.8,9341,40166300.0,MEDIUM
CRICKET_MATCH,Lahore,32920,1700.0,Sunday,13,62.6,68.1,19665,33430500.0,HIGH
CRICKET_MATCH,Islamabad,18247,4000.0,Monday,11,41.1,25.1,5351,21404000.0,LOW
BOXING,Lahore,9270,3200.0,Sunday,17,39.8,43.0,3835,12272000.0,MEDIUM
KABADDI,Karachi,12642,1100.0,Saturday,16,40.7,51.7,5732,6305200.0,MEDIUM
KABADDI,Karachi,6981,1500.0,Wednesday,18,71.7,61.6,3432,5148000.0,MEDIUM
CRICKET_MATCH,Karachi,22363,1500.0,Saturday,19,60.5,57.9,12643,18964500.0,HIGH
MUSIC_CONCERT,Lahore,17951,7800.0,Saturday,10,53.8,76.0,9575,74685000.0,MEDIUM
CRICKET_MATCH,Lahore,35949,3400.0,Friday,9,55.2,56.9,19046,64756400.0,MEDIUM
CRICKET_MATCH,Karachi,36525,4100.0,Sunday,12,48.3,90.5,21297,87317700.0,HIGH
FOOTBALL_MATCH,Rawalpindi,8735,2500.0,Tuesday,12,61.3,49.7,3633,9082500.0,MEDIUM
CRICKET_MATCH,Multan,28851,2900.0,Thursday,20,48.0,61.0,12017,34849300.0,MEDIUM
MUSIC_CONCERT,Lahore,18406,3100.0,Tuesday,18,79.7,20.3,7803,24189300.0,MEDIUM
MUSIC_FESTIVAL,Karachi,22928,4900.0,Wednesday,19,42.9,44.2,7257,35559300.0,LOW
CRICKET_MATCH,Lahore,34832,2300.0,Wednesday,10,95.7,87.6,23201,53362300.0,HIGH
MUSIC_CONCERT,Lahore,11534,3100.0,Sunday,15,40.7,46.0,5097,15800700.0,MEDIUM
MUSIC_CONCERT,Islamabad,5835,7400.0,Monday,21,95.4,39.7,2926,21652400.0,MEDIUM
MUSIC_FESTIVAL,Islamabad,12715,6000.0,Friday,11,88.3,62.4,7942,47652000.0,HIGH
CRICKET_MATCH,Lahore,18613,4400.0,Saturday,15,78.6,26.1,9932,43700800.0,MEDIUM
KABADDI,Lahore,15625,1400.0,Sunday,15,93.4,61.5,10523,14732200.0,HIGH
CRICKET_MATCH,Lahore,18876,1800.0,Sunday,9,43.9,43.7,8788,15818400.0,MEDIUM
MUSIC_CONCERT,Rawalpindi,14767,5400.0,Saturday,14,46.3,49.9,6744,36417600.0,MEDIUM
CRICKET_MATCH,Faisalabad,27325,2700.0,Sunday,12,51.1,81.7,15884,42886800.0,HIGH
KABADDI,Lahore,6671,1100.0,Sunday,19,50.7,71.6,3607,3967700.0,MEDIUM
CRICKET_MATCH,Lahore,19630,3000.0,Sunday,16,54.9,54.8,10329,30987000.0,MEDIUM
CRICKET_MATCH,Multan,18360,1300.0,Saturday,16,71.8,65.0,11510,14963000.0,HIGH
KABADDI,Peshawar,13373,1400.0,Monday,11,36.8,79.8,5442,7618800.0,MEDIUM
MUSIC_CONCERT,Karachi,14584,5400.0,Friday,12,59.5,78.2,8414,45435600.0,HIGH
KABADDI,Lahore,9901,1500.0,Saturday,9,50.8,34.5,4411,6616500.0,MEDIUM
MUSIC_CONCERT,Lahore,21181,7400.0,Friday,18,73.8,43.5,11225,83065000.0,MEDIUM
CRICKET_MATCH,Karachi,36167,2000.0,Thursday,10,98.1,47.2,20838,41676000.0,HIGH
FOOTBALL_MATCH,Karachi,15051,900.0,Saturday,15,68.1,34.6,7748,6973200.0,MEDIUM
FOOTBALL_MATCH,Lahore,8066,2000.0,Sunday,22,62.2,20.9,3636,7272000.0,MEDIUM
CRICKET_MATCH,Karachi,33314,4400.0,Monday,19,58.6,33.6,12571,55312400.0,MEDIUM
KABADDI,Lahore,8090,1100.0,Saturday,20,85.2,83.0,5651,6216100.0,HIGH
BOXING,Rawalpindi,5276,2400.0,Saturday,15,39.6,62.6,2467,5920800.0,MEDIUM
KABADDI,Karachi,12070,700.0,Sunday,21,96.4,46.6,7873,5511100.0,HIGH
MUSIC_CONCERT,Lahore,15707,4200.0,Sunday,17,61.7,67.5,8903,37392600.0,HIGH
KABADDI,Karachi,14425,900.0,Saturday,18,55.1,77.7,8277,7449300.0,HIGH
CRICKET_MATCH,Karachi,19055,2600.0,Friday,17,97.3,47.6,12767,33194200.0,HIGH
CRICKET_MATCH,Faisalabad,24256,3400.0,Wednesday,17,94.9,56.4,14006,47620400.0,HIGH
KABADDI,Karachi,9347,900.0,Saturday,14,76.1,25.0,4868,4381200.0,MEDIUM
CRICKET_MATCH,Lahore,27361,1400.0,Saturday,16,36.2,66.6,13590,19026000.0,MEDIUM
CRICKET_MATCH,Islamabad,31668,2400.0,Sunday,17,82.9,47.8,19567,46960800.0,HIGH
CRICKET_MATCH,Lahore,22101,4000.0,Sunday,20,56.5,53.8,11554,46216000.0,MEDIUM
KABADDI,Peshawar,13507,1100.0,Wednesday,22,59.8,53.0,5785,6363500.0,MEDIUM
CRICKET_MATCH,Karachi,33327,4400.0,Saturday,15,45.2,69.3,17209,75719600.0,MEDIUM
MUSIC_CONCERT,Karachi,12685,5500.0,Thursday,12,68.5,64.7,6041,33225500.0,MEDIUM
KABADDI,Lahore,9179,900.0,Monday,22,82.7,52.9,4730,4257000.0,MEDIUM
CRICKET_MATCH,Karachi,30035,1800.0,Wednesday,12,52.5,21.3,10266,18478800.0,LOW
MUSIC_CONCERT,Rawalpindi,21747,6700.0,Tuesday,14,95.1,68.4,12547,84064900.0,HIGH
KABADDI,Rawalpindi,13267,1200.0,Sunday,22,47.5,88.6,7568,9081600.0,HIGH
KABADDI,Lahore,7056,1300.0,Thursday,19,39.2,80.0,2943,3825900.0,MEDIUM
KABADDI,Lahore,6142,1500.0,Thursday,12,76.2,96.6,3661,5491500.0,HIGH
CRICKET_MATCH,Rawalpindi,29507,3600.0,Sunday,19,89.4,30.8,17451,62823600.0,HIGH
BOXING,Peshawar,7831,1700.0,Friday,15,96.0,37.4,4862,8265400.0,HIGH
CRICKET_MATCH,Lahore,28076,3800.0,Monday,16,84.1,62.1,15397,58508600.0,MEDIUM
MUSIC_FESTIVAL,Karachi,26648,8000.0,Thursday,16,47.8,38.4,7964,63712000.0,LOW
MUSIC_CONCERT,Karachi,22308,4900.0,Tuesday,22,97.6,22.7,10809,52964100.0,MEDIUM
KABADDI,Multan,8481,1200.0,Tuesday,16,93.8,51.4,4674,5608800.0,HIGH
CRICKET_MATCH,Lahore,28082,3200.0,Monday,10,45.4,42.4,10059,32188800.0,MEDIUM
CRICKET_MATCH,Lahore,25896,1700.0,Saturday,22,70.8,40.6,14485,24624500.0,HIGH
CRICKET_MATCH,Rawalpindi,37509,2600.0,Wednesday,18,70.6,94.3,22003,57207800.0,HIGH
FOOTBALL_MATCH,Lahore,17133,1400.0,Friday,10,63.3,38.6,8623,12072200.0,MEDIUM
CRICKET_MATCH,Karachi,25050,2400.0,Sunday,10,98.0,30.1,15788,37891200.0,HIGH
FOOTBALL_MATCH,Karachi,14011,1000.0,Friday,10,38.8,29.8,5495,5495000.0,MEDIUM
CRICKET_MATCH,Karachi,33330,1700.0,Sunday,12,75.1,82.9,22706,38600200.0,HIGH
MUSIC_FESTIVAL,Karachi,19414,4900.0,Friday,13,48.1,75.8,9998,48990200.0,MEDIUM
CRICKET_MATCH,Karachi,22150,2400.0,Friday,12,68.7,30.1,11526,27662400.0,MEDIUM
MUSIC_FESTIVAL,Lahore,23876,11100.0,Saturday,13,84.9,37.1,12253,136008300.0,MEDIUM
MUSIC_FESTIVAL,Karachi,15004,5300.0,Monday,12,50.8,78.3,6431,34084300.0,MEDIUM
FOOTBALL_MATCH,Rawalpindi,17198,1500.0,Tuesday,15,60.2,41.4,6845,10267500.0,MEDIUM
MUSIC_CONCERT,Rawalpindi,5220,4400.0,Saturday,18,95.8,96.6,3999,17595600.0,HIGH
CRICKET_MATCH,Lahore,22661,3800.0,Friday,9,83.7,62.2,14665,55727000.0,HIGH
KABADDI,Lahore,10866,600.0,Sunday,22,71.7,35.0,5774,3464400.0,MEDIUM
CRICKET_MATCH,Lahore,19797,1800.0,Sunday,21,49.2,87.0,11753,21155400.0,HIGH
CRICKET_MATCH,Karachi,23974,1900.0,Friday,9,62.2,44.9,12861,24435900.0,MEDIUM
KABADDI,Karachi,8871,1800.0,Saturday,10,84.5,42.5,5232,9417600.0,HIGH
FOOTBALL_MATCH,Islamabad,16705,1800.0,Friday,21,87.5,45.5,10166,18298800.0,HIGH
KABADDI,Lahore,7617,700.0,Sunday,9,50.7,79.9,4297,3007900.0,HIGH
CRICKET_MATCH,Lahore,25005,2100.0,Sunday,20,77.4,33.5,14092,29593200.0,HIGH
CRICKET_MATCH,Karachi,22612,1800.0,Sunday,18,41.1,49.8,10634,19141200.0,MEDIUM
CRICKET_MATCH,Islamabad,36416,1600.0,Thursday,20,36.5,22.4,10412,16659200.0,LOW
CRICKET_MATCH,Lahore,27865,3800.0,Saturday,20,70.1,84.5,18165,69027000.0,HIGH
CRICKET_MATCH,Islamabad,29891,2800.0,Thursday,18,49.4,46.6,11552,32345600.0,MEDIUM
CRICKET_MATCH,Lahore,28283,3300.0,Wednesday,21,40.1,39.4,9337,30812100.0,LOW
CRICKET_MATCH,Multan,22953,2300.0,Sunday,22,81.7,65.2,15093,34713900.0,HIGH
MUSIC_CONCERT,Multan,24698,5800.0,Monday,19,66.9,75.0,12199,70754200.0,MEDIUM
CRICKET_MATCH,Lahore,25051,2000.0,Sunday,11,86.0,83.4,18069,36138000.0,HIGH
BOXING,Lahore,7353,2600.0,Tuesday,14,77.5,47.1,3452,8975200.0,MEDIUM
CRICKET_MATCH,Karachi,31248,3400.0,Sunday,18,81.7,83.4,21731,73885400.0,HIGH
MUSIC_CONCERT,Lahore,21276,3400.0,Thursday,19,54.7,56.3,8895,30243000.0,MEDIUM
FOOTBALL_MATCH,Islamabad,8971,1800.0,Friday,14,51.8,27.9,3864,6955200.0,MEDIUM
CRICKET_MATCH,Rawalpindi,34486,4000.0,Wednesday,9,73.5,86.0,19554,78216000.0,HIGH
FOOTBALL_MATCH,Islamabad,17299,1000.0,Saturday,14,47.8,62.7,8792,8792000.0,MEDIUM
CRICKET_MATCH,Rawalpindi,21246,4200.0,Thursday,13,87.2,67.0,12100,50820000.0,HIGH
KABADDI,Karachi,11854,600.0,Saturday,15,68.5,93.1,7878,4726800.0,HIGH
CRICKET_MATCH,Lahore,31965,2400.0,Monday,14,49.5,63.6,13813,33151200.0,MEDIUM
MUSIC_FESTIVAL,Islamabad,11417,8700.0,Monday,20,75.0,20.4,4007,34860900.0,MEDIUM
CRICKET_MATCH,Karachi,24445,3000.0,Tuesday,20,95.5,87.9,16163,48489000.0,HIGH
CRICKET_MATCH,Islamabad,23417,1500.0,Friday,15,40.3,42.2,10546,15819000.0,MEDIUM
MUSIC_CONCERT,Lahore,19494,7300.0,Sunday,10,42.0,59.1,8780,64094000.0,MEDIUM
CRICKET_MATCH,Lahore,31366,4400.0,Sunday,20,89.0,36.0,18737,82442800.0,HIGH
MUSIC_CONCERT,Quetta,24535,3600.0,Wednesday,9,42.0,43.2,8252,29707200.0,LOW
FOOTBALL_MATCH,Lahore,21302,2300.0,Saturday,22,37.5,73.6,10392,23901600.0,MEDIUM
MUSIC_CONCERT,Quetta,7659,5800.0,Saturday,15,57.3,53.5,3862,22399600.0,MEDIUM
CRICKET_MATCH,Faisalabad,25506,4300.0,Thursday,17,64.9,68.9,12496,53732800.0,MEDIUM
MUSIC_CONCERT,Rawalpindi,24936,3600.0,Friday,10,71.4,84.2,16186,58269600.0,HIGH
MUSIC_CONCERT,Islamabad,9673,7300.0,Friday,20,67.5,46.6,4979,36346700.0,MEDIUM
CRICKET_MATCH,Karachi,20157,1400.0,Tuesday,15,93.4,64.3,12204,17085600.0,HIGH
CRICKET_MATCH,Multan,34965,4100.0,Monday,11,84.2,80.7,20741,85038100.0,HIGH
CRICKET_MATCH,Lahore,18795,3400.0,Tuesday,14,98.0,75.8,11983,40742200.0,HIGH
MUSIC_FESTIVAL,Karachi,19389,6600.0,Saturday,11,65.5,62.1,10358,68362800.0,MEDIUM
CRICKET_MATCH,Islamabad,36267,1800.0,Monday,21,40.4,49.9,13343,24017400.0,MEDIUM
FOOTBALL_MATCH,Karachi,19559,2200.0,Wednesday,18,96.2,51.8,10838,23843600.0,HIGH
CRICKET_MATCH,Karachi,31490,3200.0,Thursday,21,35.3,53.8,10984,35148800.0,LOW
CRICKET_MATCH,Karachi,24044,2400.0,Monday,19,84.7,47.2,12578,30187200.0,MEDIUM
KABADDI,Karachi,15000,1100.0,Wednesday,19,37.0,74.5,5948,6542800.0,MEDIUM
MUSIC_FESTIVAL,Multan,29604,10500.0,Sunday,19,83.7,29.8,14643,153751500.0,MEDIUM
FOOTBALL_MATCH,Lahore,19176,1400.0,Monday,13,95.0,95.5,12741,17837400.0,HIGH
MUSIC_CONCERT,Peshawar,4572,3000.0,Saturday,10,59.9,80.8,2751,8253000.0,HIGH
KABADDI,Islamabad,7206,1700.0,Friday,16,50.4,43.3,3348,5691600.0,MEDIUM
CRICKET_MATCH,Rawalpindi,34283,2500.0,Saturday,22,49.5,23.3,14765,36912500.0,MEDIUM
CRICKET_MATCH,Karachi,31096,2300.0,Saturday,16,66.5,75.5,19476,44794800.0,HIGH
KABADDI,Rawalpindi,9080,800.0,Wednesday,15,45.9,77.3,3986,3188800.0,MEDIUM
MUSIC_FESTIVAL,Lahore,10460,11100.0,Sunday,14,78.1,95.2,6621,73493100.0,HIGH
MUSIC_CONCERT,Rawalpindi,24389,3800.0,Friday,9,58.6,39.8,11919,45292200.0,MEDIUM
CRICKET_MATCH,Lahore,22925,3300.0,Sunday,16,55.7,26.5,10462,34524600.0,MEDIUM
CRICKET_MATCH,Multan,36997,4100.0,Friday,9,64.5,91.4,23903,98002300.0,HIGH
CRICKET_MATCH,Quetta,19715,1300.0,Sunday,16,69.7,40.2,10982,14276600.0,HIGH
MUSIC_FESTIVAL,Lahore,22439,10500.0,Saturday,19,44.1,76.3,10375,108937500.0,MEDIUM
MUSIC_CONCERT,Lahore,5569,5000.0,Sunday,10,80.3,24.7,2918,14590000.0,MEDIUM
MUSIC_CONCERT,Rawalpindi,21060,6400.0,Friday,16,91.5,79.3,14590,93376000.0,HIGH
CRICKET_MATCH,Lahore,31232,2400.0,Friday,18,52.8,29.9,14375,34500000.0,MEDIUM
FOOTBALL_MATCH,Multan,18025,2000.0,Saturday,20,46.5,74.3,9470,18940000.0,MEDIUM
FOOTBALL_MATCH,Lahore,10513,1200.0,Sunday,12,83.7,61.5,6712,8054400.0,HIGH
CRICKET_MATCH,Lahore,26992,1300.0,Sunday,15,46.7,94.5,16371,21282300.0,HIGH
FOOTBALL_MATCH,Faisalabad,17333,2400.0,Thursday,13,37.6,22.9,4520,10848000.0,LOW
CRICKET_MATCH,Islamabad,34225,1300.0,Sunday,16,74.6,42.8,19915,25889500.0,HIGH
CRICKET_MATCH,Rawalpindi,31923,3900.0,Wednesday,20,50.3,25.4,10509,40985100.0,LOW
MUSIC_CONCERT,Karachi,23436,3500.0,Saturday,14,46.0,88.6,13254,46389000.0,HIGH
MUSIC_CONCERT,Islamabad,6031,4900.0,Wednesday,22,97.8,66.3,3584,17561600.0,HIGH
CRICKET_MATCH,Karachi,35892,3900.0,Thursday,13,53.7,61.7,15531,60570900.0,MEDIUM
FOOTBALL_MATCH,Islamabad,17302,1200.0,Sunday,9,92.8,30.3,10287,12344400.0,HIGH
CRICKET_MATCH,Islamabad,22329,4100.0,Tuesday,11,46.4,58.1,8819,36157900.0,MEDIUM
MUSIC_CONCERT,Karachi,21296,5500.0,Saturday,18,87.4,51.1,13057,71813500.0,HIGH
MUSIC_CONCERT,Karachi,9322,4700.0,Saturday,17,67.1,44.6,4906,23058200.0,MEDIUM
MUSIC_CONCERT,Lahore,5055,6500.0,Tuesday,22,40.0,80.2,2028,13182000.0,MEDIUM
MUSIC_CONCERT,Rawalpindi,11107,4500.0,Thursday,17,82.0,24.8,4821,21694500.0,MEDIUM
CRICKET_MATCH,Lahore,23670,2300.0,Saturday,13,92.1,70.4,16796,38630800.0,HIGH
CRICKET_MATCH,Islamabad,30381,3600.0,Wednesday,11,45.4,84.2,13973,50302800.0,MEDIUM
FOOTBALL_MATCH,Lahore,21833,1300.0,Sunday,14,81.4,90.8,15335,19935500.0,HIGH
CRICKET_MATCH,Islamabad,36134,1900.0,Sunday,13,63.5,78.2,22569,42881100.0,HIGH
MUSIC_CONCERT,Islamabad,11575,7300.0,Wednesday,9,83.2,42.0,5349,39047700.0,MEDIUM
CRICKET_MATCH,Lahore,29363,3900.0,Wednesday,10,80.7,66.8,16053,62606700.0,MEDIUM
CRICKET_MATCH,Lahore,21012,2800.0,Friday,20,36.7,31.0,8402,23525600.0,MEDIUM
CRICKET_MATCH,Lahore,37812,2900.0,Saturday,13,46.4,29.1,16289,47238100.0,MEDIUM
MUSIC_FESTIVAL,Islamabad,19754,9400.0,Thursday,22,65.1,69.8,8544,80313600.0,MEDIUM
CRICKET_MATCH,Rawalpindi,23138,2900.0,Monday,17,94.8,86.4,15168,43987200.0,HIGH
KABADDI,Lahore,14548,1000.0,Saturday,20,56.9,25.2,6526,6526000.0,MEDIUM
CRICKET_MATCH,Islamabad,34198,4500.0,Sunday,12,75.2,28.3,17977,80896500.0,MEDIUM
CRICKET_MATCH,Karachi,22391,1700.0,Friday,17,35.8,64.1,10901,18531700.0,MEDIUM
FOOTBALL_MATCH,Karachi,20812,1800.0,Friday,11,80.5,37.0,11676,21016800.0,HIGH
MUSIC_CONCERT,Peshawar,17412,7800.0,Sunday,9,73.6,67.7,10219,79708200.0,HIGH
FOOTBALL_MATCH,Karachi,15547,2000.0,Saturday,14,80.8,36.7,8707,17414000.0,HIGH
MUSIC_CONCERT,Karachi,11322,7800.0,Saturday,18,92.9,29.1,6372,49701600.0,HIGH
CRICKET_MATCH,Lahore,27809,2300.0,Saturday,22,44.4,62.6,14216,32696800.0,MEDIUM
CRICKET_MATCH,Lahore,23224,2100.0,Sunday,15,51.7,87.3,13974,29345400.0,HIGH
MUSIC_FESTIVAL,Lahore,15951,10700.0,Saturday,12,98.7,73.4,10504,112392800.0,HIGH
CRICKET_MATCH,Lahore,31837,2500.0,Sunday,18,45.0,83.9,17998,44995000.0,HIGH
KABADDI,Islamabad,15787,1400.0,Saturday,13,81.1,40.8,9087,12721800.0,HIGH
MUSIC_CONCERT,Karachi,5989,3400.0,Saturday,12,81.4,89.1,4194,14259600.0,HIGH
CRICKET_MATCH,Karachi,20604,3700.0,Thursday,11,78.7,49.4,10242,37895400.0,MEDIUM
MUSIC_CONCERT,Lahore,22791,5800.0,Thursday,9,49.6,86.5,10434,60517200.0,MEDIUM
CRICKET_MATCH,Lahore,18063,2100.0,Sunday,21,48.8,56.8,9295,19519500.0,MEDIUM
CRICKET_MATCH,Islamabad,30152,2800.0,Thursday,14,77.6,40.9,14412,40353600.0,MEDIUM
CRICKET_MATCH,Faisalabad,37196,3500.0,Saturday,18,46.9,40.3,16979,59426500.0,MEDIUM
MUSIC_CONCERT,Lahore,15013,2600.0,Wednesday,13,77.3,64.3,7933,20625800.0,MEDIUM
CRICKET_MATCH,Multan,22027,3300.0,Sunday,19,66.5,26.2,10928,36062400.0,MEDIUM
MUSIC_CONCERT,Karachi,18959,5700.0,Tuesday,9,59.7,92.5,9695,55261500.0,MEDIUM
MUSIC_FESTIVAL,Karachi,8101,5400.0,Sunday,13,54.2,41.2,3629,19596600.0,MEDIUM
FOOTBALL_MATCH,Karachi,19540,2100.0,Saturday,14,95.6,46.2,12478,26203800.0,HIGH
KABADDI,Lahore,9135,900.0,Wednesday,18,67.5,38.2,3851,3465900.0,MEDIUM
FOOTBALL_MATCH,Lahore,9180,1300.0,Saturday,13,70.9,20.2,4466,5805800.0,MEDIUM
CRICKET_MATCH,Islamabad,23509,2800.0,Thursday,9,95.8,74.0,14787,41403600.0,HIGH
FOOTBALL_MATCH,Karachi,19078,1900.0,Thursday,22,76.8,66.1,9906,18821400.0,MEDIUM
KABADDI,Peshawar,13530,1700.0,Friday,13,96.3,83.2,9965,16940500.0,HIGH
MUSIC_FESTIVAL,Karachi,10728,4700.0,Monday,18,41.8,23.2,2803,13174100.0,LOW
MUSIC_FESTIVAL,Lahore,15631,6900.0,Sunday,9,89.2,92.4,10891,75147900.0,HIGH
MUSIC_CONCERT,Islamabad,14884,2900.0,Monday,19,56.5,45.8,5984,17353600.0,MEDIUM
MUSIC_CONCERT,Lahore,20788,7100.0,Saturday,11,86.9,91.2,14560,103376000.0,HIGH
FOOTBALL_MATCH,Karachi,10873,1600.0,Friday,20,89.8,28.4,6261,10017600.0,HIGH
BOXING,Islamabad,6268,4000.0,Saturday,21,52.4,78.0,3403,13612000.0,MEDIUM
MUSIC_CONCERT,Peshawar,23078,4400.0,Friday,10,61.2,65.2,12872,56636800.0,HIGH
CRICKET_MATCH,Rawalpindi,28274,4000.0,Saturday,21,81.5,47.9,17014,68056000.0,HIGH
MUSIC_FESTIVAL,Islamabad,26851,8000.0,Saturday,9,41.3,26.2,9236,73888000.0,LOW
CRICKET_MATCH,Islamabad,33758,4300.0,Saturday,12,83.4,67.2,22113,95085900.0,HIGH
KABADDI,Faisalabad,10315,600.0,Tuesday,10,42.1,22.1,2972,1783200.0,LOW
MUSIC_CONCERT,Lahore,22305,5600.0,Saturday,13,93.5,59.1,14617,81855200.0,HIGH
MUSIC_FESTIVAL,Lahore,11959,10000.0,Thursday,18,52.7,67.1,4486,44860000.0,MEDIUM
CRICKET_MATCH,Lahore,31894,3200.0,Monday,9,71.8,77.1,17349,55516800.0,MEDIUM
MUSIC_CONCERT,Lahore,8848,2600.0,Friday,20,42.5,97.3,5135,13351000.0,HIGH
FOOTBALL_MATCH,Islamabad,18655,2500.0,Friday,18,52.2,40.3,8550,21375000.0,MEDIUM
CRICKET_MATCH,Islamabad,37752,2200.0,Friday,9,60.9,45.1,20009,44019800.0,MEDIUM
MUSIC_CONCERT,Karachi,15177,4000.0,Saturday,19,66.2,46.6,8086,32344000.0,MEDIUM
KABADDI,Lahore,13872,1100.0,Thursday,18,35.0,77.1,5487,6035700.0,MEDIUM
BOXING,Islamabad,3679,3400.0,Thursday,12,91.9,92.7,2325,7905000.0,HIGH
CRICKET_MATCH,Karachi,35131,3700.0,Monday,15,35.5,96.0,15865,58700500.0,MEDIUM
FOOTBALL_MATCH,Islamabad,19045,1500.0,Saturday,22,84.5,93.8,13715,20572500.0,HIGH
KABADDI,Karachi,7321,1100.0,Saturday,22,65.1,88.6,4665,5131500.0,HIGH
CRICKET_MATCH,Karachi,33942,3000.0,Thursday,10,68.5,97.3,19804,59412000.0,HIGH
CRICKET_MATCH,Lahore,30342,2500.0,Saturday,10,48.3,49.3,14903,37257500.0,MEDIUM
MUSIC_FESTIVAL,Lahore,12789,11300.0,Saturday,9,73.9,94.0,7837,88558100.0,HIGH
FOOTBALL_MATCH,Rawalpindi,8533,2200.0,Friday,13,69.4,79.4,5313,11688600.0,HIGH
MUSIC_CONCERT,Peshawar,22202,5200.0,Friday,14,45.5,33.1,9172,47694400.0,MEDIUM
CRICKET_MATCH,Islamabad,33534,1200.0,Saturday,21,50.2,23.5,14850,17820000.0,MEDIUM
CRICKET_MATCH,Lahore,36725,4200.0,Saturday,14,39.3,36.7,15209,63877800.0,MEDIUM
CRICKET_MATCH,Karachi,24694,1600.0,Thursday,10,39.2,80.7,10910,17456000.0,MEDIUM
CRICKET_MATCH,Islamabad,23006,2000.0,Tuesday,20,35.9,69.3,9160,18320000.0,MEDIUM
KABADDI,Rawalpindi,10545,700.0,Tuesday,20,49.1,37.5,3714,2599800.0,MEDIUM
KABADDI,Lahore,15660,700.0,Saturday,15,78.5,77.9,10389,7272300.0,HIGH
FOOTBALL_MATCH,Lahore,15227,2200.0,Sunday,14,55.2,31.0,6828,15021600.0,MEDIUM
CRICKET_MATCH,Islamabad,22907,3100.0,Friday,16,56.9,84.1,13888,43052800.0,HIGH
FOOTBALL_MATCH,Karachi,15978,2400.0,Wednesday,14,43.4,81.9,6871,16490400.0,MEDIUM
CRICKET_MATCH,Lahore,22485,2000.0,Saturday,17,71.8,95.9,15723,31446000.0,HIGH
CRICKET_MATCH,Lahore,19235,2800.0,Sunday,18,56.9,31.7,9182,25709600.0,MEDIUM
MUSIC_FESTIVAL,Karachi,18906,11800.0,Sunday,10,78.3,90.7,11676,137776800.0,HIGH
KABADDI,Multan,15900,1600.0,Saturday,15,82.5,46.6,9443,15108800.0,HIGH
BOXING,Faisalabad,8840,4100.0,Sunday,13,72.4,52.5,4892,20057200.0,HIGH
CRICKET_MATCH,Karachi,19145,1800.0,Monday,9,52.7,56.5,8243,14837400.0,MEDIUM
MUSIC_FESTIVAL,Karachi,22476,10000.0,Tuesday,11,67.6,68.9,9788,97880000.0,MEDIUM
KABADDI,Lahore,7475,1000.0,Tuesday,12,51.1,97.6,3796,3796000.0,MEDIUM
MUSIC_CONCERT,Karachi,23305,5700.0,Saturday,20,92.8,66.8,15643,89165100.0,HIGH
CRICKET_MATCH,Karachi,28047,3200.0,Monday,10,84.0,92.3,17605,56336000.0,HIGH
MUSIC_FESTIVAL,Islamabad,20156,8700.0,Friday,15,66.6,39.9,9438,82110600.0,MEDIUM
MUSIC_CONCERT,Karachi,19676,6900.0,Friday,9,96.8,51.1,12566,86705400.0,HIGH
MUSIC_CONCERT,Lahore,5604,6500.0,Thursday,11,70.0,59.4,2587,16815500.0,MEDIUM
CRICKET_MATCH,Lahore,32932,1400.0,Sunday,20,56.0,45.2,17040,23856000.0,MEDIUM
CRICKET_MATCH,Karachi,31593,2700.0,Wednesday,17,41.1,96.2,15166,40948200.0,MEDIUM
CRICKET_MATCH,Lahore,29471,3400.0,Friday,19,69.8,76.6,18679,63508600.0,HIGH
CRICKET_MATCH,Lahore,23047,2200.0,Saturday,22,90.1,57.4,15448,33985600.0,HIGH
MUSIC_CONCERT,Quetta,14196,4400.0,Monday,10,90.5,78.6,8534,37549600.0,HIGH
CRICKET_MATCH,Karachi,26175,1600.0,Saturday,13,73.7,56.5,15985,25576000.0,HIGH
CRICKET_MATCH,Karachi,32983,2600.0,Sunday,12,60.2,21.3,15341,39886600.0,MEDIUM
CRICKET_MATCH,Multan,19836,4500.0,Sunday,20,76.6,62.4,12222,54999000.0,HIGH
CRICKET_MATCH,Quetta,31992,2100.0,Sunday,11,83.8,68.8,21621,45404100.0,HIGH
CRICKET_MATCH,Karachi,24476,3000.0,Thursday,13,61.3,96.5,13571,40713000.0,HIGH
MUSIC_CONCERT,Rawalpindi,20069,7000.0,Saturday,14,65.5,23.2,9048,63336000.0,MEDIUM
KABADDI,Karachi,13273,500.0,Monday,9,78.6,59.9,6905,3452500.0,MEDIUM
CRICKET_MATCH,Karachi,27316,4200.0,Thursday,10,91.1,27.7,13272,55742400.0,MEDIUM
CRICKET_MATCH,Karachi,35766,2500.0,Tuesday,9,85.6,31.6,17411,43527500.0,MEDIUM
CRICKET_MATCH,Islamabad,27962,4100.0,Thursday,11,36.4,67.6,10659,43701900.0,MEDIUM
CRICKET_MATCH,Islamabad,21400,1300.0,Sunday,16,43.0,38.1,9665,12564500.0,MEDIUM
BOXING,Karachi,8737,2000.0,Thursday,16,89.6,78.4,5218,10436000.0,HIGH
MUSIC_CONCERT,Lahore,22588,4400.0,Saturday,12,88.4,60.1,14615,64306000.0,HIGH
MUSIC_CONCERT,Islamabad,23728,4600.0,Friday,14,59.9,37.0,11413,52499800.0,MEDIUM
MUSIC_CONCERT,Lahore,23398,7600.0,Friday,20,72.4,58.5,13122,99727200.0,HIGH
CRICKET_MATCH,Karachi,30494,1200.0,Sunday,17,93.0,20.1,18139,21766800.0,HIGH
MUSIC_FESTIVAL,Islamabad,17972,8900.0,Thursday,22,93.3,87.3,10522,93645800.0,HIGH
MUSIC_CONCERT,Islamabad,5628,3300.0,Saturday,15,85.1,21.0,3065,10114500.0,MEDIUM
MUSIC_FESTIVAL,Rawalpindi,14764,10500.0,Friday,10,48.4,20.5,5005,52552500.0,LOW
CRICKET_MATCH,Multan,27521,3800.0,Monday,19,81.7,67.7,15230,57874000.0,HIGH
MUSIC_FESTIVAL,Karachi,13745,7700.0,Friday,10,41.5,95.9,7162,55147400.0,MEDIUM
MUSIC_CONCERT,Islamabad,13751,3800.0,Sunday,11,92.2,86.8,10068,38258400.0,HIGH
MUSIC_CONCERT,Islamabad,5290,6300.0,Tuesday,16,44.5,39.7,1683,10602900.0,LOW
CRICKET_MATCH,Lahore,36970,1700.0,Monday,18,77.4,35.3,17408,29593600.0,MEDIUM
MUSIC_CONCERT,Lahore,10123,3600.0,Tuesday,17,74.1,68.8,5271,18975600.0,MEDIUM
MUSIC_FESTIVAL,Lahore,12930,8800.0,Saturday,21,84.7,84.2,8355,73524000.0,HIGH
BOXING,Karachi,5550,5000.0,Saturday,22,70.3,48.2,2934,14670000.0,MEDIUM
KABADDI,Islamabad,6955,1700.0,Saturday,11,38.8,53.7,3110,5287000.0,MEDIUM
MUSIC_FESTIVAL,Rawalpindi,16771,8500.0,Friday,17,80.2,29.0,8275,70337500.0,MEDIUM
CRICKET_MATCH,Lahore,28129,3000.0,Sunday,20,59.5,31.9,13677,41031000.0,MEDIUM
KABADDI,Lahore,7997,1800.0,Saturday,20,55.5,64.3,4283,7709400.0,MEDIUM
FOOTBALL_MATCH,Faisalabad,14983,1700.0,Sunday,18,98.5,28.0,9091,15454700.0,HIGH
MUSIC_FESTIVAL,Lahore,17857,7100.0,Sunday,20,72.8,35.8,8792,62423200.0,MEDIUM
CRICKET_MATCH,Karachi,20130,4200.0,Saturday,16,80.5,38.3,11527,48413400.0,HIGH
FOOTBALL_MATCH,Karachi,15209,1200.0,Friday,13,68.7,54.6,8592,10310400.0,HIGH
BOXING,Karachi,9299,1800.0,Sunday,19,84.3,23.6,5038,9068400.0,MEDIUM
MUSIC_CONCERT,Lahore,7740,6300.0,Sunday,18,83.1,59.0,4731,29805300.0,HIGH
KABADDI,Lahore,8500,600.0,Monday,11,77.1,92.4,5059,3035400.0,HIGH
MUSIC_FESTIVAL,Lahore,13307,6700.0,Monday,19,98.9,21.9,6098,40856600.0,MEDIUM
MUSIC_FESTIVAL,Karachi,20904,7100.0,Sunday,15,64.4,69.2,11379,80790900.0,MEDIUM
CRICKET_MATCH,Karachi,24767,3000.0,Thursday,17,80.2,85.2,14788,44364000.0,HIGH
CRICKET_MATCH,Lahore,35881,4500.0,Sunday,20,86.1,44.4,21772,97974000.0,HIGH
CRICKET_MATCH,Islamabad,31582,1900.0,Friday,14,59.1,30.3,15423,29303700.0,MEDIUM
CRICKET_MATCH,Rawalpindi,21144,2400.0,Tuesday,11,64.3,23.4,8185,19644000.0,MEDIUM
KABADDI,Lahore,15651,700.0,Tuesday,13,97.0,70.2,9603,6722100.0,HIGH
MUSIC_FESTIVAL,Karachi,16025,8700.0,Tuesday,15,37.1,63.1,5058,44004600.0,LOW
MUSIC_CONCERT,Islamabad,20676,6900.0,Wednesday,16,56.5,37.9,7331,50583900.0,MEDIUM
CRICKET_MATCH,Lahore,26846,2800.0,Friday,21,66.1,84.9,17312,48473600.0,HIGH
CRICKET_MATCH,Karachi,29176,2000.0,Saturday,22,35.1,77.4,15037,30074000.0,MEDIUM
KABADDI,Islamabad,8804,1300.0,Sunday,20,92.5,41.6,5467,7107100.0,HIGH
KABADDI,Multan,13604,1200.0,Friday,12,53.3,78.8,7723,9267600.0,HIGH
CRICKET_MATCH,Rawalpindi,25139,1800.0,Friday,10,51.5,39.1,12131,21835800.0,MEDIUM
MUSIC_CONCERT,Karachi,20211,4900.0,Friday,18,87.5,72.7,13575,66517500.0,HIGH
MUSIC_FESTIVAL,Islamabad,15828,7200.0,Saturday,10,52.8,29.2,6334,45604800.0,MEDIUM
CRICKET_MATCH,Karachi,24203,4400.0,Friday,20,77.1,74.0,15677,68978800.0,HIGH
MUSIC_CONCERT,Islamabad,22005,7600.0,Monday,11,87.6,38.6,10300,78280000.0,MEDIUM
CRICKET_MATCH,Karachi,25871,3600.0,Monday,16,85.7,64.7,14547,52369200.0,HIGH
MUSIC_CONCERT,Lahore,18662,7800.0,Tuesday,9,85.0,33.5,8289,64654200.0,MEDIUM
FOOTBALL_MATCH,Islamabad,12014,2100.0,Tuesday,22,40.7,76.6,4910,10311000.0,MEDIUM
CRICKET_MATCH,Karachi,29445,4200.0,Saturday,15,40.1,24.7,11399,47875800.0,MEDIUM
MUSIC_FESTIVAL,Karachi,19038,4000.0,Wednesday,14,54.6,32.9,6442,25768000.0,LOW
FOOTBALL_MATCH,Peshawar,21072,1600.0,Sunday,22,37.3,34.4,8301,13281600.0,MEDIUM
MUSIC_CONCERT,Lahore,17054,7000.0,Sunday,10,67.0,23.2,7785,54495000.0,MEDIUM
CRICKET_MATCH,Karachi,21505,3100.0,Sunday,17,60.3,78.1,12989,40265900.0,HIGH
CRICKET_MATCH,Lahore,26710,1800.0,Sunday,21,70.6,96.5,18635,33543000.0,HIGH
CRICKET_MATCH,Rawalpindi,37069,2300.0,Thursday,20,54.1,80.7,18268,42016400.0,MEDIUM
FOOTBALL_MATCH,Islamabad,8027,1300.0,Friday,13,66.1,87.1,5103,6633900.0,HIGH
BOXING,Karachi,3265,2400.0,Wednesday,10,56.4,20.5,1062,2548800.0,LOW
CRICKET_MATCH,Islamabad,27498,2300.0,Sunday,11,47.5,29.2,12080,27784000.0,MEDIUM
BOXING,Karachi,9540,3300.0,Sunday,15,76.6,63.6,5748,18968400.0,HIGH
BOXING,Rawalpindi,7053,4500.0,Sunday,15,78.1,96.3,4807,21631500.0,HIGH
MUSIC_CONCERT,Karachi,21194,7000.0,Friday,18,88.1,71.5,13911,97377000.0,HIGH
FOOTBALL_MATCH,Karachi,12676,2200.0,Saturday,9,91.0,49.2,7962,17516400.0,HIGH
MUSIC_FESTIVAL,Peshawar,27774,11000.0,Tuesday,18,80.1,31.4,10600,116600000.0,MEDIUM
FOOTBALL_MATCH,Lahore,8610,1500.0,Monday,22,79.0,31.9,3829,5743500.0,MEDIUM
FOOTBALL_MATCH,Lahore,20480,1400.0,Saturday,19,38.6,48.3,8908,12471200.0,MEDIUM
CRICKET_MATCH,Karachi,31493,1400.0,Friday,19,42.0,75.7,17044,23861600.0,MEDIUM
CRICKET_MATCH,Faisalabad,23027,4300.0,Sunday,20,87.0,22.5,12822,55134600.0,HIGH
CRICKET_MATCH,Karachi,31638,1400.0,Tuesday,12,49.9,86.5,15750,22050000.0,MEDIUM
KABADDI,Lahore,11724,1500.0,Sunday,14,57.8,93.4,7257,10885500.0,HIGH
CRICKET_MATCH,Karachi,18202,2400.0,Friday,16,44.3,89.3,10500,25200000.0,HIGH
CRICKET_MATCH,Karachi,18401,4300.0,Sunday,11,47.5,91.2,10681,45928300.0,HIGH
MUSIC_CONCERT,Lahore,6027,5000.0,Sunday,22,84.6,21.2,3203,16015000.0,MEDIUM
CRICKET_MATCH,Islamabad,31955,3900.0,Sunday,11,51.8,96.3,19559,76280100.0,HIGH
CRICKET_MATCH,Quetta,32807,2100.0,Thursday,16,63.7,48.6,14762,31000200.0,MEDIUM
CRICKET_MATCH,Karachi,27081,2200.0,Sunday,16,44.7,87.8,15599,34317800.0,HIGH
MUSIC_CONCERT,Karachi,4178,6100.0,Tuesday,16,78.4,34.6,1813,11059300.0,MEDIUM
CRICKET_MATCH,Karachi,23817,4500.0,Tuesday,9,81.6,54.8,12288,55296000.0,MEDIUM
FOOTBALL_MATCH,Lahore,9979,1700.0,Friday,16,58.1,23.4,4428,7527600.0,MEDIUM
FOOTBALL_MATCH,Multan,15185,2400.0,Sunday,16,85.2,23.1,8196,19670400.0,MEDIUM
BOXING,Karachi,5510,4300.0,Friday,10,50.4,93.6,3153,13557900.0,HIGH
KABADDI,Karachi,9984,1500.0,Sunday,20,79.3,83.2,6730,10095000.0,HIGH
MUSIC_CONCERT,Islamabad,14236,5100.0,Saturday,17,81.7,61.3,8827,45017700.0,HIGH
CRICKET_MATCH,Karachi,20983,2500.0,Wednesday,15,97.0,61.0,12654,31635000.0,HIGH
CRICKET_MATCH,Islamabad,32635,1800.0,Sunday,16,49.9,78.4,18758,33764400.0,HIGH
CRICKET_MATCH,Lahore,26542,4400.0,Monday,10,41.0,46.7,9133,40185200.0,LOW
CRICKET_MATCH,Rawalpindi,22282,4400.0,Sunday,12,51.8,79.4,12620,55528000.0,HIGH
CRICKET_MATCH,Faisalabad,29610,3700.0,Thursday,15,42.9,57.8,11366,42054200.0,MEDIUM
CRICKET_MATCH,Islamabad,30022,2200.0,Friday,14,45.9,69.8,16077,35369400.0,MEDIUM
FOOTBALL_MATCH,Faisalabad,15988,1200.0,Friday,15,56.4,95.3,9922,11906400.0,HIGH
BOXING,Lahore,4967,5000.0,Wednesday,9,61.5,56.8,2072,10360000.0,MEDIUM
CRICKET_MATCH,Karachi,30596,1400.0,Friday,16,92.8,52.6,20620,28868000.0,HIGH
MUSIC_CONCERT,Islamabad,14416,7600.0,Wednesday,21,47.5,90.6,6454,49050400.0,MEDIUM
CRICKET_MATCH,Karachi,37171,2400.0,Wednesday,15,97.2,90.4,25202,60484800.0,HIGH
CRICKET_MATCH,Karachi,30535,2600.0,Wednesday,21,86.8,97.4,20004,52010400.0,HIGH
KABADDI,Karachi,12352,1600.0,Friday,12,91.4,63.0,8255,13208000.0,HIGH
CRICKET_MATCH,Lahore,30503,1500.0,Sunday,9,94.5,46.9,20296,30444000.0,HIGH
CRICKET_MATCH,Karachi,22808,2400.0,Saturday,16,83.2,38.8,13605,32652000.0,HIGH
CRICKET_MATCH,Lahore,23888,4300.0,Sunday,18,85.5,22.7,13179,56669700.0,HIGH
MUSIC_FESTIVAL,Islamabad,13737,9400.0,Saturday,15,63.0,76.7,7444,69973600.0,MEDIUM
MUSIC_CONCERT,Lahore,6358,7000.0,Saturday,16,67.7,38.2,3157,22099000.0,MEDIUM
CRICKET_MATCH,Lahore,23390,3700.0,Saturday,18,94.7,67.3,16416,60739200.0,HIGH
MUSIC_CONCERT,Karachi,24600,2900.0,Friday,9,59.2,91.5,15411,44691900.0,HIGH
MUSIC_CONCERT,Karachi,4406,3700.0,Saturday,13,37.7,94.1,2409,8913300.0,MEDIUM
KABADDI,Multan,10340,1100.0,Monday,17,83.8,20.3,4514,4965400.0,MEDIUM
MUSIC_CONCERT,Karachi,20449,4700.0,Sunday,13,71.7,44.7,11121,52268700.0,MEDIUM
CRICKET_MATCH,Karachi,18227,2600.0,Saturday,21,87.2,85.3,13239,34421400.0,HIGH
CRICKET_MATCH,Rawalpindi,31169,3800.0,Wednesday,22,39.8,61.8,11892,45189600.0,MEDIUM
FOOTBALL_MATCH,Karachi,10184,800.0,Saturday,22,74.8,83.0,6738,5390400.0,HIGH
KABADDI,Lahore,12800,1400.0,Monday,18,50.9,86.6,6103,8544200.0,MEDIUM
KABADDI,Karachi,15704,500.0,Wednesday,20,92.8,54.5,8793,4396500.0,HIGH
KABADDI,Peshawar,13751,600.0,Monday,11,42.0,48.0,4847,2908200.0,MEDIUM
MUSIC_FESTIVAL,Karachi,23713,7000.0,Sunday,17,89.0,55.5,14300,100100000.0,HIGH
MUSIC_FESTIVAL,Lahore,17121,10600.0,Saturday,21,40.7,70.9,7455,79023000.0,MEDIUM
MUSIC_CONCERT,Lahore,14795,3400.0,Sunday,17,36.6,48.6,6376,21678400.0,MEDIUM
MUSIC_CONCERT,Lahore,21564,5800.0,Monday,12,50.0,80.4,9576,55540800.0,MEDIUM
MUSIC_FESTIVAL,Karachi,23835,9300.0,Friday,12,56.3,90.5,13156,122350800.0,HIGH
CRICKET_MATCH,Karachi,27231,2000.0,Saturday,19,75.1,42.0,15710,31420000.0,HIGH
CRICKET_MATCH,Lahore,19101,2900.0,Tuesday,16,43.4,95.3,9265,26868500.0,MEDIUM
FOOTBALL_MATCH,Peshawar,10099,2300.0,Saturday,15,63.0,68.6,5766,13261800.0,HIGH
MUSIC_CONCERT,Rawalpindi,4513,5600.0,Tuesday,19,48.1,88.5,2070,11592000.0,MEDIUM
FOOTBALL_MATCH,Karachi,21031,1100.0,Wednesday,13,89.7,28.1,10056,11061600.0,MEDIUM
MUSIC_CONCERT,Rawalpindi,15324,6300.0,Friday,14,37.9,39.6,6026,37963800.0,MEDIUM
CRICKET_MATCH,Lahore,33491,3200.0,Saturday,11,57.8,45.0,17120,54784000.0,MEDIUM
CRICKET_MATCH,Karachi,31693,1300.0,Tuesday,22,75.4,43.6,15431,20060300.0,MEDIUM
MUSIC_CONCERT,Islamabad,19923,3000.0,Wednesday,14,93.4,33.4,10136,30408000.0,MEDIUM
CRICKET_MATCH,Rawalpindi,19832,1700.0,Wednesday,21,90.6,87.7,12918,21960600.0,HIGH
CRICKET_MATCH,Rawalpindi,28872,1600.0,Wednesday,16,92.3,52.7,16484,26374400.0,HIGH
CRICKET_MATCH,Lahore,28290,2100.0,Wednesday,18,39.0,95.1,13398,28135800.0,MEDIUM
CRICKET_MATCH,Faisalabad,25137,2700.0,Friday,22,88.8,65.5,17148,46299600.0,HIGH
MUSIC_CONCERT,Lahore,15358,4700.0,Saturday,21,84.9,30.8,8579,40321300.0,HIGH
CRICKET_MATCH,Multan,23807,4100.0,Friday,19,92.8,62.6,16193,66391300.0,HIGH
KABADDI,Faisalabad,9116,1300.0,Saturday,17,54.9,97.5,5650,7345000.0,HIGH
CRICKET_MATCH,Lahore,33137,4100.0,Saturday,11,93.4,64.1,22738,93225800.0,HIGH
MUSIC_CONCERT,Islamabad,15079,5700.0,Tuesday,16,60.8,20.1,5044,28750800.0,LOW
CRICKET_MATCH,Lahore,22343,1500.0,Monday,20,75.6,92.8,13612,20418000.0,HIGH
KABADDI,Karachi,10628,1100.0,Sunday,11,62.1,38.3,5316,5847600.0,MEDIUM
MUSIC_CONCERT,Karachi,12981,7400.0,Monday,10,62.4,73.7,6006,44444400.0,MEDIUM
CRICKET_MATCH,Karachi,19300,1800.0,Tuesday,13,70.0,60.2,9740,17532000.0,MEDIUM
MUSIC_CONCERT,Peshawar,5947,3000.0,Monday,22,57.8,45.4,2410,7230000.0,MEDIUM
KABADDI,Islamabad,8242,900.0,Saturday,12,85.7,42.0,4939,4445100.0,HIGH
CRICKET_MATCH,Karachi,33629,2500.0,Saturday,21,75.6,92.4,23584,58960000.0,HIGH
CRICKET_MATCH,Rawalpindi,35742,2200.0,Sunday,13,79.1,91.1,25493,56084600.0,HIGH
MUSIC_FESTIVAL,Faisalabad,11656,4600.0,Sunday,14,49.8,60.0,5641,25948600.0,MEDIUM
MUSIC_CONCERT,Lahore,20691,4000.0,Friday,11,97.1,40.2,13091,52364000.0,HIGH
CRICKET_MATCH,Quetta,19450,3500.0,Friday,9,77.3,28.0,10498,36743000.0,MEDIUM
CRICKET_MATCH,Lahore,25366,2500.0,Thursday,12,47.6,32.2,8772,21930000.0,LOW
MUSIC_CONCERT,Rawalpindi,22507,6300.0,Tuesday,14,83.0,60.7,11593,73035900.0,MEDIUM
BOXING,Lahore,7882,3400.0,Tuesday,10,46.1,44.0,2668,9071200.0,LOW
MUSIC_CONCERT,Lahore,6842,5800.0,Tuesday,10,39.1,23.3,1782,10335600.0,LOW
CRICKET_MATCH,Karachi,34017,2000.0,Tuesday,9,68.8,55.5,16567,33134000.0,MEDIUM
MUSIC_CONCERT,Islamabad,17836,5600.0,Wednesday,17,70.4,78.2,9211,51581600.0,MEDIUM
CRICKET_MATCH,Karachi,32186,1300.0,Thursday,11,47.1,89.6,15957,20744100.0,MEDIUM
CRICKET_MATCH,Lahore,19664,2600.0,Sunday,10,57.3,65.7,11115,28899000.0,HIGH
KABADDI,Karachi,12373,1200.0,Saturday,12,95.5,76.4,8908,10689600.0,HIGH
MUSIC_FESTIVAL,Peshawar,22420,5000.0,Sunday,14,53.2,48.4,10424,52120000.0,MEDIUM
CRICKET_MATCH,Karachi,21948,2000.0,Friday,9,45.0,58.7,11101,22202000.0,MEDIUM
FOOTBALL_MATCH,Lahore,17586,1200.0,Friday,17,98.5,76.9,12881,15457200.0,HIGH
BOXING,Karachi,7072,1700.0,Thursday,17,54.3,76.8,3274,5565800.0,MEDIUM
KABADDI,Lahore,9634,1000.0,Wednesday,16,78.5,53.1,4811,4811000.0,MEDIUM
MUSIC_CONCERT,Rawalpindi,20598,8400.0,Tuesday,14,49.8,62.4,7832,65788800.0,MEDIUM
MUSIC_CONCERT,Rawalpindi,7072,4600.0,Sunday,12,70.2,92.1,4649,21385400.0,HIGH
CRICKET_MATCH,Karachi,20459,2700.0,Sunday,10,59.7,69.3,11918,32178600.0,HIGH
MUSIC_FESTIVAL,Karachi,11706,9100.0,Monday,16,96.5,70.1,6475,58922500.0,HIGH
MUSIC_CONCERT,Rawalpindi,21590,6400.0,Tuesday,15,62.7,81.2,10569,67641600.0,MEDIUM
MUSIC_CONCERT,Karachi,12601,8200.0,Friday,20,72.4,29.0,6085,49897000.0,MEDIUM
BOXING,Rawalpindi,6469,4500.0,Wednesday,22,95.5,60.8,3610,16245000.0,HIGH
MUSIC_CONCERT,Islamabad,8847,7300.0,Friday,12,98.3,94.8,6642,48486600.0,HIGH
CRICKET_MATCH,Rawalpindi,18348,4300.0,Tuesday,11,41.5,48.2,6430,27649000.0,MEDIUM
CRICKET_MATCH,Karachi,21651,2000.0,Friday,14,88.4,43.0,13624,27248000.0,HIGH
MUSIC_CONCERT,Karachi,6878,6200.0,Thursday,9,59.5,66.9,3048,18897600.0,MEDIUM
CRICKET_MATCH,Faisalabad,29857,4100.0,Friday,10,73.1,37.2,16207,66448700.0,MEDIUM
CRICKET_MATCH,Karachi,22749,3300.0,Tuesday,15,59.0,63.4,10487,34607100.0,MEDIUM
MUSIC_CONCERT,Islamabad,15261,8400.0,Friday,19,60.7,32.1,6797,57094800.0,MEDIUM
MUSIC_CONCERT,Lahore,24378,3100.0,Sunday,11,45.2,65.2,12355,38300500.0,MEDIUM
CRICKET_MATCH,Islamabad,29304,2600.0,Thursday,22,71.7,67.0,15311,39808600.0,MEDIUM
MUSIC_CONCERT,Karachi,4002,8400.0,Sunday,21,70.0,52.6,2127,17866800.0,MEDIUM
BOXING,Lahore,4117,2800.0,Sunday,9,47.1,49.9,1898,5314400.0,MEDIUM
FOOTBALL_MATCH,Lahore,17274,2100.0,Sunday,10,69.7,39.1,9047,18998700.0,MEDIUM
MUSIC_CONCERT,Islamabad,16694,2700.0,Sunday,18,97.3,45.8,10959,29589300.0,HIGH
CRICKET_MATCH,Rawalpindi,32353,3500.0,Saturday,18,80.7,58.9,20374,71309000.0,HIGH
CRICKET_MATCH,Karachi,19517,4300.0,Sunday,22,65.8,39.3,10135,43580500.0,MEDIUM
CRICKET_MATCH,Lahore,28087,2500.0,Monday,17,93.6,81.1,17991,44977500.0,HIGH
FOOTBALL_MATCH,Islamabad,11579,800.0,Friday,15,71.8,75.3,7308,5846400.0,HIGH
KABADDI,Lahore,8379,500.0,Sunday,15,43.6,41.0,3701,1850500.0,MEDIUM
MUSIC_CONCERT,Karachi,24648,7900.0,Saturday,22,70.0,27.6,11645,91995500.0,MEDIUM
MUSIC_CONCERT,Lahore,23207,6800.0,Sunday,18,46.6,20.0,8665,58922000.0,MEDIUM
KABADDI,Lahore,6848,600.0,Saturday,16,84.1,66.5,4497,2698200.0,HIGH
MUSIC_CONCERT,Lahore,9036,2800.0,Sunday,20,96.9,36.5,5702,15965600.0,HIGH
CRICKET_MATCH,Karachi,34589,3900.0,Saturday,20,58.1,21.0,15477,60360300.0,MEDIUM
CRICKET_MATCH,Lahore,18520,3900.0,Saturday,16,62.8,48.0,9863,38465700.0,MEDIUM
MUSIC_CONCERT,Karachi,23960,3200.0,Friday,17,62.0,95.0,15421,49347200.0,HIGH
CRICKET_MATCH,Karachi,33705,2200.0,Sunday,10,53.3,73.8,19322,42508400.0,HIGH
CRICKET_MATCH,Karachi,24258,3800.0,Sunday,22,85.8,86.9,17388,66074400.0,HIGH
BOXING,Karachi,9807,3300.0,Sunday,16,74.5,31.3,5040,16632000.0,MEDIUM
CRICKET_MATCH,Rawalpindi,20134,4400.0,Saturday,16,39.1,25.7,7741,34060400.0,MEDIUM
MUSIC_CONCERT,Lahore,19454,5400.0,Thursday,21,88.7,20.9,8622,46558800.0,MEDIUM
CRICKET_MATCH,Karachi,22838,3400.0,Monday,13,47.0,94.5,11260,38284000.0,MEDIUM
CRICKET_MATCH,Lahore,36859,2900.0,Sunday,13,97.7,43.4,24286,70429400.0,HIGH
CRICKET_MATCH,Lahore,18785,4300.0,Saturday,12,59.1,55.8,10058,43249400.0,MEDIUM
KABADDI,Karachi,14143,1000.0,Thursday,22,74.5,50.8,6769,6769000.0,MEDIUM
CRICKET_MATCH,Karachi,33050,2000.0,Tuesday,13,40.0,77.0,14303,28606000.0,MEDIUM
KABADDI,Multan,10097,900.0,Sunday,10,57.1,44.2,5024,4521600.0,MEDIUM
MUSIC_CONCERT,Karachi,17635,7600.0,Sunday,10,86.4,61.8,10961,83303600.0,HIGH
MUSIC_FESTIVAL,Faisalabad,18982,7700.0,Sunday,13,65.5,97.7,11685,89974500.0,HIGH
CRICKET_MATCH,Lahore,31409,2400.0,Saturday,19,92.9,54.6,21119,50685600.0,HIGH
FOOTBALL_MATCH,Lahore,10157,1700.0,Friday,21,71.8,63.0,6034,10257800.0,HIGH
KABADDI,Lahore,14870,700.0,Thursday,11,94.4,59.2,8570,5999000.0,HIGH
MUSIC_FESTIVAL,Lahore,11528,3500.0,Monday,9,97.9,82.6,7245,25357500.0,HIGH
MUSIC_FESTIVAL,Karachi,11559,5900.0,Sunday,17,64.0,40.8,5551,32750900.0,MEDIUM
CRICKET_MATCH,Islamabad,32120,3200.0,Tuesday,10,71.2,33.3,13882,44422400.0,MEDIUM
MUSIC_CONCERT,Lahore,6937,6800.0,Saturday,22,88.4,78.8,4697,31939600.0,HIGH
CRICKET_MATCH,Faisalabad,26138,3900.0,Friday,20,49.2,52.4,12875,50212500.0,MEDIUM
CRICKET_MATCH,Rawalpindi,23141,4300.0,Friday,22,90.1,91.3,17134,73676200.0,HIGH
CRICKET_MATCH,Lahore,35105,2600.0,Sunday,18,72.9,70.2,22291,57956600.0,HIGH
FOOTBALL_MATCH,Lahore,20592,2100.0,Monday,10,81.4,64.0,10910,22911000.0,MEDIUM
FOOTBALL_MATCH,Lahore,8923,900.0,Saturday,22,40.1,25.5,3454,3108600.0,MEDIUM
CRICKET_MATCH,Lahore,18835,1400.0,Monday,12,84.0,77.0,11338,15873200.0,HIGH
BOXING,Lahore,5493,1900.0,Monday,10,54.9,73.5,2503,4755700.0,MEDIUM
CRICKET_MATCH,Karachi,20979,2700.0,Friday,15,86.5,69.9,14361,38774700.0,HIGH
KABADDI,Lahore,8424,800.0,Monday,20,67.6,40.9,3617,2893600.0,MEDIUM
CRICKET_MATCH,Karachi,32567,2100.0,Sunday,18,52.6,93.8,20235,42493500.0,HIGH
CRICKET_MATCH,Quetta,34104,3300.0,Friday,9,96.0,45.1,22304,73603200.0,HIGH
CRICKET_MATCH,Islamabad,32927,2400.0,Monday,19,84.0,31.9,15879,38109600.0,MEDIUM
CRICKET_MATCH,Faisalabad,22521,3000.0,Monday,10,98.1,97.0,15623,46869000.0,HIGH
KABADDI,Lahore,8376,1000.0,Saturday,19,58.3,78.2,4911,4911000.0,HIGH
CRICKET_MATCH,Karachi,33180,1800.0,Sunday,13,76.6,52.4,20237,36426600.0,HIGH
FOOTBALL_MATCH,Karachi,8453,900.0,Friday,10,74.1,93.0,5776,5198400.0,HIGH
CRICKET_MATCH,Lahore,21459,2000.0,Saturday,17,79.0,27.1,11894,23788000.0,HIGH
BOXING,Lahore,7859,1700.0,Sunday,12,37.5,26.8,2947,5009900.0,MEDIUM
MUSIC_CONCERT,Islamabad,23931,6200.0,Saturday,17,53.7,73.2,12855,79701000.0,MEDIUM
CRICKET_MATCH,Islamabad,19148,3800.0,Wednesday,19,93.2,33.9,9804,37255200.0,MEDIUM
FOOTBALL_MATCH,Karachi,8522,1400.0,Saturday,20,62.1,91.5,5378,7529200.0,HIGH
CRICKET_MATCH,Karachi,22577,2500.0,Saturday,9,96.5,85.5,17213,43032500.0,HIGH
KABADDI,Karachi,6121,1600.0,Saturday,9,48.7,43.9,2818,4508800.0,MEDIUM
CRICKET_MATCH,Lahore,33672,1900.0,Saturday,9,98.8,89.3,26423,50203700.0,HIGH
FOOTBALL_MATCH,Karachi,14630,1000.0,Sunday,22,79.6,23.3,7739,7739000.0,MEDIUM
FOOTBALL_MATCH,Lahore,11722,1700.0,Wednesday,12,84.7,62.8,6353,10800100.0,MEDIUM
MUSIC_FESTIVAL,Lahore,27467,9000.0,Sunday,17,60.4,93.0,15812,142308000.0,HIGH
KABADDI,Faisalabad,11930,1300.0,Saturday,16,93.0,86.7,8776,11408800.0,HIGH
KABADDI,Karachi,12723,1400.0,Saturday,15,69.9,47.8,7011,9815400.0,HIGH
CRICKET_MATCH,Islamabad,37691,1400.0,Tuesday,9,78.6,34.3,17901,25061400.0,MEDIUM
MUSIC_FESTIVAL,Karachi,11642,7100.0,Friday,11,41.1,36.4,4366,30998600.0,MEDIUM
MUSIC_CONCERT,Karachi,23201,3900.0,Saturday,17,75.4,60.1,13961,54447900.0,HIGH
CRICKET_MATCH,Lahore,25421,3700.0,Saturday,17,91.3,66.5,17467,64627900.0,HIGH
MUSIC_CONCERT,Lahore,11047,7700.0,Monday,13,46.4,22.6,3014,23207800.0,LOW
CRICKET_MATCH,Lahore,31554,2100.0,Saturday,20,82.2,52.3,19834,41651400.0,HIGH
MUSIC_CONCERT,Rawalpindi,9588,3100.0,Tuesday,21,36.6,84.8,4061,12589100.0,MEDIUM
MUSIC_CONCERT,Islamabad,19260,4000.0,Sunday,14,94.3,54.7,12681,50724000.0,HIGH
CRICKET_MATCH,Karachi,27316,1500.0,Sunday,19,97.9,33.2,17588,26382000.0,HIGH
MUSIC_CONCERT,Karachi,13849,4400.0,Monday,21,57.7,94.5,7172,31556800.0,MEDIUM
CRICKET_MATCH,Peshawar,27945,3000.0,Sunday,14,41.9,40.8,12364,37092000.0,MEDIUM
CRICKET_MATCH,Lahore,30794,4400.0,Sunday,18,77.1,82.3,20585,90574000.0,HIGH
CRICKET_MATCH,Lahore,37786,2500.0,Friday,12,36.9,35.1,15603,39007500.0,MEDIUM
MUSIC_CONCERT,Karachi,8332,3800.0,Saturday,9,65.9,53.0,4575,17385000.0,MEDIUM
CRICKET_MATCH,Rawalpindi,33329,1800.0,Friday,13,52.4,58.3,17795,32031000.0,MEDIUM
CRICKET_MATCH,Quetta,33698,1800.0,Saturday,21,65.3,59.0,19681,35425800.0,HIGH
MUSIC_CONCERT,Lahore,18841,3700.0,Thursday,9,36.2,60.3,6719,24860300.0,MEDIUM
CRICKET_MATCH,Multan,34548,3700.0,Thursday,9,38.3,37.5,10912,40374400.0,LOW
CRICKET_MATCH,Rawalpindi,24989,1400.0,Friday,19,36.0,60.2,11993,16790200.0,MEDIUM
CRICKET_MATCH,Lahore,36340,4500.0,Tuesday,13,74.6,57.6,18049,81220500.0,MEDIUM
CRICKET_MATCH,Karachi,21860,2900.0,Sunday,13,70.8,36.3,11810,34249000.0,MEDIUM
FOOTBALL_MATCH,Karachi,10775,1700.0,Thursday,15,49.9,97.1,5358,9108600.0,MEDIUM
CRICKET_MATCH,Faisalabad,19768,2400.0,Friday,10,76.4,87.5,13694,32865600.0,HIGH
MUSIC_FESTIVAL,Lahore,21743,9400.0,Sunday,14,91.6,89.2,14794,139063600.0,HIGH
MUSIC_CONCERT,Rawalpindi,10226,5300.0,Friday,10,52.7,73.5,5526,29287800.0,MEDIUM
CRICKET_MATCH,Karachi,30718,2300.0,Saturday,21,88.2,32.5,18437,42405100.0,HIGH
CRICKET_MATCH,Islamabad,29888,2100.0,Sunday,18,77.4,64.3,19146,40206600.0,HIGH
CRICKET_MATCH,Karachi,24621,4300.0,Sunday,13,37.2,84.1,12903,55482900.0,MEDIUM
KABADDI,Karachi,6782,900.0,Wednesday,12,59.0,23.0,2385,2146500.0,MEDIUM
CRICKET_MATCH,Rawalpindi,18140,2600.0,Friday,19,67.5,58.7,10630,27638000.0,HIGH
CRICKET_MATCH,Rawalpindi,35103,2400.0,Sunday,18,81.8,50.9,21817,52360800.0,HIGH
MUSIC_CONCERT,Multan,5650,3000.0,Friday,13,53.4,36.5,2636,7908000.0,MEDIUM
CRICKET_MATCH,Lahore,25885,1800.0,Friday,10,97.9,49.5,17668,31802400.0,HIGH
CRICKET_MATCH,Islamabad,37957,1800.0,Wednesday,16,78.8,96.7,23872,42969600.0,HIGH
MUSIC_CONCERT,Lahore,18264,6700.0,Tuesday,16,58.9,76.4,8423,56434100.0,MEDIUM
BOXING,Karachi,4015,2900.0,Saturday,14,41.2,43.4,1694,4912600.0,MEDIUM
CRICKET_MATCH,Karachi,32690,3800.0,Saturday,11,46.6,67.2,17016,64660800.0,MEDIUM
BOXING,Karachi,3342,4000.0,Sunday,12,66.2,39.2,1663,6652000.0,MEDIUM
CRICKET_MATCH,Karachi,24292,1800.0,Saturday,9,66.7,67.6,14837,26706600.0,HIGH
MUSIC_CONCERT,Quetta,14775,5900.0,Wednesday,17,84.1,89.9,8791,51866900.0,HIGH
FOOTBALL_MATCH,Lahore,11120,2100.0,Monday,18,81.5,63.4,5879,12345900.0,MEDIUM
MUSIC_CONCERT,Islamabad,20371,6300.0,Sunday,13,47.9,77.2,10689,67340700.0,MEDIUM
MUSIC_FESTIVAL,Karachi,26207,8600.0,Thursday,22,73.1,55.4,11323,97377800.0,MEDIUM
MUSIC_FESTIVAL,Lahore,28810,9800.0,Thursday,16,36.3,60.9,8628,84554400.0,LOW
MUSIC_FESTIVAL,Lahore,24394,4000.0,Sunday,11,60.5,74.2,13752,55008000.0,HIGH
FOOTBALL_MATCH,Faisalabad,12604,2000.0,Saturday,12,83.9,83.4,8677,17354000.0,HIGH
CRICKET_MATCH,Multan,27305,2100.0,Wednesday,12,60.6,71.4,13525,28402500.0,MEDIUM
FOOTBALL_MATCH,Peshawar,16813,1800.0,Sunday,16,88.5,96.2,12426,22366800.0,HIGH
BOXING,Quetta,3900,2300.0,Sunday,20,97.5,83.9,2880,6624000.0,HIGH
MUSIC_CONCERT,Lahore,7747,7500.0,Tuesday,17,73.9,80.6,4047,30352500.0,MEDIUM
CRICKET_MATCH,Karachi,30256,2800.0,Sunday,11,44.3,85.9,17113,47916400.0,HIGH
MUSIC_FESTIVAL,Islamabad,25855,9000.0,Friday,15,59.3,41.9,11474,103266000.0,MEDIUM
MUSIC_CONCERT,Karachi,7103,7300.0,Friday,17,35.6,53.7,2933,21410900.0,MEDIUM
MUSIC_FESTIVAL,Karachi,16518,11100.0,Sunday,10,73.6,64.0,8888,98656800.0,MEDIUM
MUSIC_CONCERT,Karachi,4073,6900.0,Sunday,12,87.6,56.1,2512,17332800.0,HIGH
CRICKET_MATCH,Karachi,34634,1700.0,Thursday,11,75.3,86.1,20434,34737800.0,HIGH
CRICKET_MATCH,Karachi,20497,4000.0,Wednesday,16,85.3,22.1,9255,37020000.0,MEDIUM
CRICKET_MATCH,Lahore,26487,3200.0,Tuesday,12,86.2,36.3,13136,42035200.0,MEDIUM
CRICKET_MATCH,Karachi,34681,3200.0,Saturday,17,89.5,88.8,25649,82076800.0,HIGH
KABADDI,Karachi,14493,1700.0,Monday,9,52.1,24.6,4699,7988300.0,LOW
MUSIC_CONCERT,Karachi,16799,4000.0,Friday,9,90.8,37.7,10127,40508000.0,HIGH
MUSIC_CONCERT,Lahore,10517,3900.0,Monday,12,76.9,47.4,5002,19507800.0,MEDIUM
KABADDI,Islamabad,7634,1200.0,Friday,11,53.5,78.6,4336,5203200.0,HIGH
CRICKET_MATCH,Lahore,26244,3700.0,Monday,11,98.2,63.7,15903,58841100.0,HIGH
CRICKET_MATCH,Karachi,23615,2700.0,Sunday,18,95.8,94.5,18441,49790700.0,HIGH
CRICKET_MATCH,Rawalpindi,28468,3300.0,Wednesday,20,71.8,37.8,12668,41804400.0,MEDIUM
CRICKET_MATCH,Karachi,28879,2700.0,Thursday,10,89.0,88.0,18458,49836600.0,HIGH
FOOTBALL_MATCH,Lahore,10844,1800.0,Sunday,22,51.7,42.1,5051,9091800.0,MEDIUM
CRICKET_MATCH,Islamabad,31078,3900.0,Saturday,18,61.6,39.1,15720,61308000.0,MEDIUM
CRICKET_MATCH,Karachi,22590,1800.0,Wednesday,18,46.8,58.9,9362,16851600.0,MEDIUM
CRICKET_MATCH,Rawalpindi,28910,3500.0,Monday,10,68.3,25.6,11564,40474000.0,MEDIUM
KABADDI,Islamabad,11190,1500.0,Saturday,16,66.7,50.0,6086,9129000.0,MEDIUM
FOOTBALL_MATCH,Islamabad,15884,1600.0,Friday,9,48.6,47.7,7458,11932800.0,MEDIUM
FOOTBALL_MATCH,Karachi,14332,1300.0,Saturday,22,78.1,32.5,7800,10140000.0,MEDIUM
CRICKET_MATCH,Lahore,18662,1200.0,Friday,16,42.5,87.1,10693,12831600.0,HIGH
MUSIC_FESTIVAL,Lahore,16199,10300.0,Thursday,18,38.9,50.1,4516,46514800.0,LOW
CRICKET_MATCH,Karachi,37471,2300.0,Friday,11,59.6,96.6,24476,56294800.0,HIGH
FOOTBALL_MATCH,Karachi,12761,1400.0,Saturday,10,61.2,90.2,7969,11156600.0,HIGH
MUSIC_CONCERT,Karachi,4668,4500.0,Sunday,17,55.5,35.2,2151,9679500.0,MEDIUM
KABADDI,Lahore,15477,1100.0,Monday,13,51.5,59.4,6394,7033400.0,MEDIUM
MUSIC_FESTIVAL,Lahore,28004,9500.0,Friday,22,56.7,66.9,13808,131176000.0,MEDIUM
CRICKET_MATCH,Karachi,18160,3700.0,Monday,13,45.5,83.9,8333,30832100.0,MEDIUM
FOOTBALL_MATCH,Lahore,18590,1500.0,Friday,21,60.8,89.1,11517,17275500.0,HIGH
CRICKET_MATCH,Islamabad,29437,3400.0,Sunday,14,92.9,68.7,20626,70128400.0,HIGH
KABADDI,Lahore,12460,1400.0,Friday,12,49.4,22.7,5127,7177800.0,MEDIUM
CRICKET_MATCH,Karachi,34401,2200.0,Sunday,15,78.8,57.5,21609,47539800.0,HIGH
CRICKET_MATCH,Faisalabad,20533,1500.0,Saturday,15,44.1,89.0,11943,17914500.0,HIGH
KABADDI,Lahore,12510,1700.0,Sunday,19,57.7,75.7,7168,12185600.0,HIGH
KABADDI,Karachi,10446,1400.0,Saturday,17,55.6,87.9,6244,8741600.0,HIGH
CRICKET_MATCH,Lahore,31159,3300.0,Tuesday,14,95.0,72.6,19287,63647100.0,HIGH
BOXING,Islamabad,8554,1700.0,Wednesday,21,62.4,23.4,3078,5232600.0,MEDIUM
KABADDI,Karachi,8918,1600.0,Friday,9,79.2,95.5,6277,10043200.0,HIGH
CRICKET_MATCH,Karachi,31379,3100.0,Wednesday,17,73.6,91.6,18440,57164000.0,HIGH
FOOTBALL_MATCH,Karachi,17245,2200.0,Friday,20,44.0,29.9,6961,15314200.0,MEDIUM
MUSIC_CONCERT,Multan,20699,8300.0,Friday,21,95.1,28.8,11733,97383900.0,HIGH
FOOTBALL_MATCH,Lahore,12832,2400.0,Sunday,18,57.1,62.0,6822,16372800.0,MEDIUM
CRICKET_MATCH,Lahore,36595,4000.0,Friday,17,37.9,79.0,18884,75536000.0,MEDIUM
CRICKET_MATCH,Multan,25069,1200.0,Sunday,13,54.2,49.8,13126,15751200.0,MEDIUM
KABADDI,Karachi,14511,1700.0,Sunday,15,56.5,30.6,6613,11242100.0,MEDIUM
MUSIC_FESTIVAL,Multan,29517,4100.0,Sunday,9,40.9,59.8,13388,54890800.0,MEDIUM
BOXING,Karachi,9422,4500.0,Wednesday,12,74.7,46.3,4181,18814500.0,MEDIUM
CRICKET_MATCH,Rawalpindi,22527,2100.0,Friday,20,57.2,47.4,11772,24721200.0,MEDIUM
FOOTBALL_MATCH,Karachi,10715,1800.0,Thursday,18,75.3,70.3,5623,10121400.0,MEDIUM
MUSIC_CONCERT,Islamabad,19622,2700.0,Friday,12,35.4,89.1,10450,28215000.0,MEDIUM
CRICKET_MATCH,Peshawar,24665,3700.0,Friday,13,97.9,63.6,17379,64302300.0,HIGH
MUSIC_FESTIVAL,Karachi,15107,4400.0,Sunday,14,45.9,73.6,7625,33550000.0,MEDIUM
MUSIC_FESTIVAL,Lahore,23531,7000.0,Friday,12,77.2,71.5,14090,98630000.0,HIGH
CRICKET_MATCH,Lahore,23132,3900.0,Friday,14,80.8,63.0,14749,57521100.0,HIGH
MUSIC_FESTIVAL,Lahore,18471,9400.0,Sunday,18,46.0,44.2,7331,68911400.0,MEDIUM
CRICKET_MATCH,Lahore,26662,1200.0,Monday,15,42.1,49.5,10064,12076800.0,MEDIUM
MUSIC_CONCERT,Karachi,10782,4900.0,Friday,11,44.8,44.6,4758,23314200.0,MEDIUM
CRICKET_MATCH,Karachi,36991,1300.0,Saturday,17,50.8,91.6,22736,29556800.0,HIGH
CRICKET_MATCH,Karachi,37716,3400.0,Tuesday,16,45.8,84.5,17483,59442200.0,MEDIUM
KABADDI,Karachi,10697,1800.0,Saturday,9,78.1,65.2,6659,11986200.0,HIGH
MUSIC_CONCERT,Islamabad,18590,6400.0,Wednesday,21,61.9,91.2,9509,60857600.0,MEDIUM
CRICKET_MATCH,Lahore,24745,1900.0,Sunday,10,69.4,89.1,16677,31686300.0,HIGH
KABADDI,Lahore,11634,1000.0,Thursday,10,38.0,92.4,5186,5186000.0,MEDIUM
CRICKET_MATCH,Lahore,30567,4400.0,Thursday,18,90.1,37.3,15428,67883200.0,MEDIUM
CRICKET_MATCH,Karachi,24260,1900.0,Saturday,17,45.9,76.0,13418,25494200.0,HIGH
CRICKET_MATCH,Lahore,32945,3100.0,Wednesday,20,58.0,67.5,15448,47888800.0,MEDIUM
FOOTBALL_MATCH,Lahore,9185,1500.0,Thursday,17,39.6,77.2,3768,5652000.0,MEDIUM
CRICKET_MATCH,Karachi,24109,3700.0,Friday,17,43.8,40.5,10704,39604800.0,MEDIUM
CRICKET_MATCH,Rawalpindi,18915,4100.0,Friday,9,77.6,74.2,12336,50577600.0,HIGH
CRICKET_MATCH,Lahore,36001,2300.0,Friday,15,79.3,52.0,22161,50970300.0,HIGH
CRICKET_MATCH,Islamabad,31669,3400.0,Saturday,20,78.3,85.1,21754,73963600.0,HIGH
FOOTBALL_MATCH,Islamabad,17875,1700.0,Saturday,19,70.3,82.0,11368,19325600.0,HIGH
MUSIC_FESTIVAL,Rawalpindi,22853,5900.0,Saturday,21,96.0,36.5,13471,79478900.0,HIGH
CRICKET_MATCH,Peshawar,20425,2100.0,Thursday,11,67.5,34.3,8751,18377100.0,MEDIUM
MUSIC_FESTIVAL,Lahore,8425,8100.0,Tuesday,19,63.8,76.0,3810,30861000.0,MEDIUM
MUSIC_CONCERT,Lahore,5787,3400.0,Saturday,17,50.8,62.9,3009,10230600.0,MEDIUM
KABADDI,Multan,8584,1600.0,Sunday,16,41.3,63.5,4135,6616000.0,MEDIUM
KABADDI,Karachi,10648,600.0,Thursday,11,70.1,78.7,5693,3415800.0,MEDIUM
MUSIC_CONCERT,Karachi,20552,3100.0,Friday,9,55.2,86.7,12291,38102100.0,HIGH
CRICKET_MATCH,Islamabad,18514,2300.0,Friday,17,68.5,38.6,10027,23062100.0,MEDIUM
FOOTBALL_MATCH,Islamabad,11435,1000.0,Saturday,21,48.2,63.3,5846,5846000.0,MEDIUM
BOXING,Peshawar,8802,3200.0,Saturday,18,88.6,84.7,6170,19744000.0,HIGH
KABADDI,Quetta,10525,1000.0,Monday,9,99.0,88.1,6986,6986000.0,HIGH
MUSIC_CONCERT,Islamabad,23000,6800.0,Saturday,11,55.6,42.4,10652,72433600.0,MEDIUM
CRICKET_MATCH,Lahore,28569,4300.0,Monday,21,88.9,28.1,13654,58712200.0,MEDIUM
BOXING,Multan,3690,4100.0,Friday,14,90.9,38.2,2166,8880600.0,HIGH
KABADDI,Lahore,9204,700.0,Sunday,14,98.7,93.7,7167,5016900.0,HIGH
CRICKET_MATCH,Lahore,25765,4300.0,Friday,22,56.9,56.1,13602,58488600.0,MEDIUM
CRICKET_MATCH,Multan,28696,2500.0,Tuesday,19,83.4,52.6,15239,38097500.0,MEDIUM
KABADDI,Lahore,14544,1100.0,Sunday,18,49.6,21.0,5963,6559300.0,MEDIUM
MUSIC_CONCERT,Lahore,20142,5000.0,Sunday,12,75.0,24.0,10119,50595000.0,MEDIUM
FOOTBALL_MATCH,Lahore,9117,1300.0,Saturday,10,80.1,72.2,5935,7715500.0,HIGH
MUSIC_CONCERT,Multan,5405,7900.0,Friday,21,82.4,66.0,3324,26259600.0,HIGH
CRICKET_MATCH,Karachi,30131,2300.0,Wednesday,18,48.3,64.9,13004,29909200.0,MEDIUM
CRICKET_MATCH,Islamabad,33097,3100.0,Sunday,14,89.3,28.6,19495,60434500.0,HIGH
CRICKET_MATCH,Lahore,23414,2000.0,Saturday,18,61.9,47.5,12671,25342000.0,MEDIUM
CRICKET_MATCH,Rawalpindi,24341,3800.0,Sunday,13,48.8,83.4,13857,52656600.0,HIGH
CRICKET_MATCH,Rawalpindi,22174,3800.0,Thursday,21,69.7,33.6,9383,35655400.0,MEDIUM
CRICKET_MATCH,Karachi,35061,2200.0,Thursday,14,90.3,88.8,22773,50100600.0,HIGH
MUSIC_CONCERT,Karachi,12742,6600.0,Sunday,15,96.9,29.5,7481,49374600.0,HIGH
MUSIC_CONCERT,Lahore,4213,6700.0,Friday,19,82.9,33.2,2288,15329600.0,MEDIUM
CRICKET_MATCH,Faisalabad,19666,3100.0,Tuesday,17,35.4,57.3,7053,21864300.0,MEDIUM
CRICKET_MATCH,Islamabad,31276,3200.0,Wednesday,20,43.6,93.7,15003,48009600.0,MEDIUM
CRICKET_MATCH,Peshawar,27085,3100.0,Friday,20,39.9,45.7,12094,37491400.0,MEDIUM
KABADDI,Karachi,10254,600.0,Monday,22,41.5,71.3,4193,2515800.0,MEDIUM
CRICKET_MATCH,Rawalpindi,30268,3400.0,Friday,15,59.5,65.9,17205,58497000.0,HIGH
CRICKET_MATCH,Rawalpindi,37170,2800.0,Friday,12,56.7,31.7,17715,49602000.0,MEDIUM
MUSIC_FESTIVAL,Islamabad,9261,7200.0,Saturday,18,42.3,39.4,3577,25754400.0,MEDIUM
MUSIC_CONCERT,Faisalabad,21556,7700.0,Friday,13,91.5,92.6,15455,119003500.0,HIGH
CRICKET_MATCH,Karachi,31890,1300.0,Sunday,21,74.4,34.4,17863,23221900.0,HIGH
CRICKET_MATCH,Lahore,36438,2000.0,Wednesday,14,86.0,74.2,21800,43600000.0,HIGH
CRICKET_MATCH,Islamabad,31544,1600.0,Saturday,21,58.8,95.2,20553,32884800.0,HIGH
MUSIC_CONCERT,Islamabad,14084,2700.0,Tuesday,17,61.3,29.3,5355,14458500.0,MEDIUM
FOOTBALL_MATCH,Karachi,10815,1300.0,Saturday,13,55.3,51.1,5464,7103200.0,MEDIUM
CRICKET_MATCH,Lahore,34121,4500.0,Sunday,13,63.1,37.5,17173,77278500.0,MEDIUM
MUSIC_CONCERT,Karachi,9196,4100.0,Sunday,15,74.1,37.3,4952,20303200.0,MEDIUM
CRICKET_MATCH,Karachi,22584,3400.0,Saturday,10,66.6,29.3,11372,38664800.0,MEDIUM
CRICKET_MATCH,Karachi,23021,1600.0,Friday,11,88.6,70.7,16162,25859200.0,HIGH
CRICKET_MATCH,Islamabad,28182,3200.0,Sunday,20,92.6,78.2,20423,65353600.0,HIGH
FOOTBALL_MATCH,Islamabad,20509,2500.0,Sunday,10,65.1,72.8,12058,30145000.0,HIGH
CRICKET_MATCH,Lahore,28652,2200.0,Sunday,18,50.3,92.1,17414,38310800.0,HIGH
CRICKET_MATCH,Karachi,20631,4000.0,Friday,18,95.5,31.4,12647,50588000.0,HIGH
CRICKET_MATCH,Lahore,24345,4500.0,Sunday,20,82.0,44.9,14428,64926000.0,HIGH
CRICKET_MATCH,Lahore,26096,3100.0,Tuesday,22,76.0,46.9,12654,39227400.0,MEDIUM
MUSIC_CONCERT,Rawalpindi,18906,4400.0,Thursday,10,82.7,38.1,8898,39151200.0,MEDIUM
CRICKET_MATCH,Peshawar,24300,3400.0,Tuesday,11,39.9,31.1,7483,25442200.0,LOW
CRICKET_MATCH,Karachi,23844,4000.0,Thursday,14,39.3,58.0,8793,35172000.0,MEDIUM
BOXING,Rawalpindi,5176,2100.0,Saturday,13,44.8,85.1,2823,5928300.0,MEDIUM
MUSIC_CONCERT,Multan,9362,5200.0,Sunday,19,44.4,94.5,5266,27383200.0,HIGH
MUSIC_CONCERT,Rawalpindi,12097,4400.0,Saturday,22,61.9,30.1,5718,25159200.0,MEDIUM
FOOTBALL_MATCH,Lahore,21483,1300.0,Saturday,21,45.1,84.2,11811,15354300.0,MEDIUM
CRICKET_MATCH,Faisalabad,23599,4000.0,Friday,13,89.7,84.3,17074,68296000.0,HIGH
MUSIC_CONCERT,Karachi,18605,5000.0,Saturday,10,72.0,50.3,10360,51800000.0,HIGH
BOXING,Karachi,6492,2700.0,Friday,10,58.6,28.6,2932,7916400.0,MEDIUM
CRICKET_MATCH,Lahore,22258,3200.0,Sunday,20,39.5,97.2,12755,40816000.0,HIGH
MUSIC_FESTIVAL,Karachi,28503,5400.0,Saturday,9,72.8,71.1,16886,91184400.0,HIGH
CRICKET_MATCH,Lahore,24640,2000.0,Saturday,11,42.5,96.6,14566,29132000.0,HIGH
MUSIC_FESTIVAL,Lahore,12288,7900.0,Saturday,20,82.6,57.7,7106,56137400.0,HIGH
MUSIC_CONCERT,Karachi,21261,5000.0,Sunday,20,86.4,50.8,13014,65070000.0,HIGH
BOXING,Rawalpindi,7485,2500.0,Thursday,19,69.8,39.3,3157,7892500.0,MEDIUM
MUSIC_FESTIVAL,Multan,26928,4000.0,Friday,22,44.6,96.7,15090,60360000.0,HIGH
MUSIC_CONCERT,Karachi,9059,5600.0,Saturday,15,85.4,39.8,5224,29254400.0,HIGH
CRICKET_MATCH,Multan,33141,3900.0,Friday,19,54.7,21.9,14481,56475900.0,MEDIUM
CRICKET_MATCH,Multan,20600,4000.0,Sunday,13,49.2,60.0,10524,42096000.0,MEDIUM
CRICKET_MATCH,Rawalpindi,33902,2000.0,Thursday,15,65.1,49.4,15524,31048000.0,MEDIUM
CRICKET_MATCH,Lahore,37912,3200.0,Friday,17,94.0,40.4,24091,77091200.0,HIGH
MUSIC_CONCERT,Islamabad,22792,7600.0,Sunday,14,54.0,69.5,11836,89953600.0,MEDIUM
CRICKET_MATCH,Faisalabad,22860,2500.0,Friday,10,93.0,48.4,15009,37522500.0,HIGH
CRICKET_MATCH,Islamabad,28165,4300.0,Friday,9,38.4,51.4,12584,54111200.0,MEDIUM
KABADDI,Karachi,9948,1700.0,Thursday,9,40.3,21.8,2716,4617200.0,LOW
MUSIC_CONCERT,Karachi,6334,3700.0,Thursday,18,79.7,65.9,3381,12509700.0,MEDIUM
CRICKET_MATCH,Islamabad,18767,2100.0,Saturday,17,47.2,29.5,8264,17354400.0,MEDIUM
CRICKET_MATCH,Karachi,29737,1800.0,Tuesday,22,55.3,36.7,11621,20917800.0,MEDIUM
CRICKET_MATCH,Lahore,31372,1800.0,Sunday,14,43.7,75.9,17107,30792600.0,MEDIUM
BOXING,Karachi,5309,4700.0,Saturday,14,56.3,44.4,2488,11693600.0,MEDIUM
CRICKET_MATCH,Rawalpindi,25085,4300.0,Wednesday,12,52.9,32.7,8891,38231300.0,MEDIUM
BOXING,Multan,7236,1700.0,Saturday,20,82.1,65.0,4615,7845500.0,HIGH
CRICKET_MATCH,Lahore,18744,3200.0,Saturday,22,79.9,36.8,10751,34403200.0,HIGH
CRICKET_MATCH,Faisalabad,36940,3100.0,Wednesday,10,96.1,41.1,20161,62499100.0,MEDIUM
MUSIC_FESTIVAL,Karachi,29450,6800.0,Thursday,18,81.4,68.5,14974,101823200.0,MEDIUM
CRICKET_MATCH,Islamabad,22161,3300.0,Friday,11,79.5,77.7,14928,49262400.0,HIGH
CRICKET_MATCH,Rawalpindi,31821,4300.0,Saturday,11,79.4,77.7,21203,91172900.0,HIGH
CRICKET_MATCH,Rawalpindi,27586,1800.0,Saturday,16,91.5,57.6,18725,33705000.0,HIGH
FOOTBALL_MATCH,Faisalabad,8286,1000.0,Saturday,14,54.0,55.4,4253,4253000.0,MEDIUM
FOOTBALL_MATCH,Karachi,11247,900.0,Saturday,15,54.2,81.4,6520,5868000.0,HIGH
CRICKET_MATCH,Multan,28794,2400.0,Saturday,17,82.4,35.1,16823,40375200.0,HIGH
CRICKET_MATCH,Lahore,23099,2300.0,Saturday,9,49.6,31.9,10486,24117800.0,MEDIUM
CRICKET_MATCH,Islamabad,34387,2600.0,Sunday,10,93.4,71.8,24616,64001600.0,HIGH
BOXING,Islamabad,8935,3300.0,Thursday,17,69.2,51.9,3981,13137300.0,MEDIUM
MUSIC_CONCERT,Islamabad,4411,7000.0,Sunday,13,54.2,75.4,2377,16639000.0,MEDIUM
KABADDI,Lahore,10345,1000.0,Saturday,12,84.7,40.0,6102,6102000.0,HIGH
KABADDI,Multan,9727,900.0,Sunday,9,55.0,45.3,4790,4311000.0,MEDIUM
CRICKET_MATCH,Lahore,31798,3900.0,Saturday,17,96.6,89.9,24296,94754400.0,HIGH
CRICKET_MATCH,Lahore,33704,4000.0,Wednesday,19,97.9,52.9,19406,77624000.0,HIGH
CRICKET_MATCH,Islamabad,28109,2000.0,Saturday,21,77.7,66.1,18184,36368000.0,HIGH
CRICKET_MATCH,Karachi,19356,2200.0,Friday,17,42.3,28.3,8096,17811200.0,MEDIUM
CRICKET_MATCH,Rawalpindi,26349,3900.0,Saturday,12,51.8,33.9,12017,46866300.0,MEDIUM
FOOTBALL_MATCH,Karachi,9600,900.0,Friday,17,68.0,22.8,4655,4189500.0,MEDIUM
KABADDI,Lahore,13157,900.0,Sunday,18,89.5,53.1,8437,7593300.0,HIGH
MUSIC_FESTIVAL,Rawalpindi,13706,7300.0,Saturday,21,46.8,97.1,7493,54698900.0,MEDIUM
CRICKET_MATCH,Karachi,29681,1800.0,Saturday,9,41.7,88.2,16875,30375000.0,HIGH
KABADDI,Lahore,11559,700.0,Wednesday,13,39.8,69.4,4590,3213000.0,MEDIUM
MUSIC_CONCERT,Islamabad,11196,5000.0,Sunday,9,67.4,87.2,7074,35370000.0,HIGH
KABADDI,Karachi,11073,1500.0,Sunday,12,91.6,66.3,7507,11260500.0,HIGH
CRICKET_MATCH,Islamabad,36766,4000.0,Sunday,20,37.7,48.8,16168,64672000.0,MEDIUM
CRICKET_MATCH,Karachi,31549,4400.0,Thursday,13,48.6,33.5,10714,47141600.0,LOW
CRICKET_MATCH,Rawalpindi,34536,1400.0,Saturday,22,79.4,70.9,23120,32368000.0,HIGH
CRICKET_MATCH,Rawalpindi,27821,1900.0,Tuesday,19,87.9,35.1,14143,26871700.0,MEDIUM
MUSIC_CONCERT,Islamabad,6796,7000.0,Saturday,11,86.7,52.6,4104,28728000.0,HIGH
CRICKET_MATCH,Lahore,29073,3000.0,Tuesday,10,85.2,84.4,17846,53538000.0,HIGH
CRICKET_MATCH,Rawalpindi,25282,2300.0,Saturday,14,43.3,30.1,10766,24761800.0,MEDIUM
MUSIC_CONCERT,Islamabad,10951,3700.0,Saturday,19,60.4,30.1,5168,19121600.0,MEDIUM
MUSIC_CONCERT,Islamabad,23189,4200.0,Friday,21,98.0,37.5,14561,61156200.0,HIGH
FOOTBALL_MATCH,Karachi,12080,1500.0,Friday,11,98.3,63.0,8394,12591000.0,HIGH
BOXING,Multan,6470,2100.0,Sunday,18,73.6,39.6,3491,7331100.0,MEDIUM
CRICKET_MATCH,Islamabad,27247,4400.0,Tuesday,9,80.4,59.2,14253,62713200.0,MEDIUM
CRICKET_MATCH,Lahore,28771,1600.0,Sunday,19,95.9,43.6,19037,30459200.0,HIGH
CRICKET_MATCH,Karachi,28957,4500.0,Wednesday,21,63.8,59.5,13347,60061500.0,MEDIUM
KABADDI,Multan,11850,1600.0,Monday,13,43.8,41.7,3988,6380800.0,LOW
MUSIC_FESTIVAL,Lahore,9328,7100.0,Wednesday,10,77.8,96.4,5248,37260800.0,HIGH
CRICKET_MATCH,Faisalabad,30236,3600.0,Saturday,10,96.4,58.4,20762,74743200.0,HIGH
FOOTBALL_MATCH,Islamabad,10392,1900.0,Friday,12,79.6,78.0,6853,13020700.0,HIGH
CRICKET_MATCH,Islamabad,21153,1900.0,Sunday,12,86.4,74.6,14838,28192200.0,HIGH
FOOTBALL_MATCH,Lahore,16192,1400.0,Friday,12,62.1,58.3,8874,12423600.0,MEDIUM
CRICKET_MATCH,Lahore,18166,2900.0,Monday,15,41.2,38.6,6086,17649400.0,LOW
CRICKET_MATCH,Faisalabad,32652,3300.0,Saturday,9,45.8,59.8,16408,54146400.0,MEDIUM
MUSIC_CONCERT,Lahore,23638,5800.0,Tuesday,21,97.9,73.1,14311,83003800.0,HIGH
KABADDI,Rawalpindi,11060,1100.0,Sunday,16,66.6,55.9,6205,6825500.0,HIGH
FOOTBALL_MATCH,Karachi,9885,1600.0,Wednesday,20,35.8,26.4,2652,4243200.0,LOW
CRICKET_MATCH,Lahore,32708,2800.0,Thursday,21,96.1,21.4,16308,45662400.0,MEDIUM
CRICKET_MATCH,Lahore,25529,2600.0,Saturday,18,66.9,45.6,14066,36571600.0,HIGH
CRICKET_MATCH,Karachi,18899,3000.0,Sunday,17,88.5,31.7,11235,33705000.0,HIGH
MUSIC_CONCERT,Faisalabad,6248,7800.0,Friday,18,70.1,90.7,3944,30763200.0,HIGH
MUSIC_FESTIVAL,Karachi,19455,8900.0,Sunday,21,41.5,33.7,6950,61855000.0,MEDIUM
CRICKET_MATCH,Karachi,21412,3600.0,Wednesday,22,74.4,50.8,10388,37396800.0,MEDIUM
CRICKET_MATCH,Karachi,29769,3200.0,Sunday,14,98.8,75.5,22065,70608000.0,HIGH
MUSIC_CONCERT,Karachi,19947,6400.0,Saturday,12,37.2,83.6,9971,63814400.0,MEDIUM
CRICKET_MATCH,Karachi,28379,3100.0,Wednesday,14,88.9,57.3,15871,49200100.0,HIGH
KABADDI,Multan,12449,500.0,Thursday,18,50.1,34.1,4342,2171000.0,LOW
CRICKET_MATCH,Karachi,27411,4500.0,Tuesday,15,60.2,41.1,11003,49513500.0,MEDIUM
MUSIC_CONCERT,Karachi,7132,2700.0,Friday,14,58.9,52.7,3778,10200600.0,MEDIUM
KABADDI,Lahore,14155,1000.0,Wednesday,19,92.5,48.4,7645,7645000.0,MEDIUM
MUSIC_CONCERT,Quetta,12136,3100.0,Saturday,9,67.3,47.2,6610,20491000.0,MEDIUM
MUSIC_CONCERT,Lahore,4359,3100.0,Sunday,13,63.6,30.3,2130,6603000.0,MEDIUM
CRICKET_MATCH,Lahore,24450,3800.0,Monday,16,87.4,91.2,15490,58862000.0,HIGH
MUSIC_CONCERT,Islamabad,14231,5100.0,Saturday,16,38.1,22.3,5110,26061000.0,MEDIUM
MUSIC_CONCERT,Karachi,15346,7300.0,Saturday,20,40.5,54.3,6641,48479300.0,MEDIUM
CRICKET_MATCH,Karachi,32852,2100.0,Sunday,18,36.4,96.5,18638,39139800.0,HIGH
CRICKET_MATCH,Karachi,35114,2000.0,Friday,17,79.0,71.5,23361,46722000.0,HIGH
CRICKET_MATCH,Rawalpindi,25067,2000.0,Saturday,12,68.6,47.7,14207,28414000.0,HIGH
FOOTBALL_MATCH,Lahore,17689,1800.0,Friday,18,91.1,31.4,10380,18684000.0,HIGH
CRICKET_MATCH,Rawalpindi,35801,3900.0,Thursday,14,66.9,95.2,20262,79021800.0,HIGH
KABADDI,Islamabad,13767,1100.0,Monday,15,49.2,21.1,4251,4676100.0,LOW
CRICKET_MATCH,Karachi,21763,2500.0,Friday,13,86.5,73.1,15102,37755000.0,HIGH
MUSIC_CONCERT,Karachi,10928,8300.0,Monday,19,53.8,88.7,5045,41873500.0,MEDIUM
CRICKET_MATCH,Lahore,18878,1600.0,Saturday,16,94.9,22.0,11401,18241600.0,HIGH
CRICKET_MATCH,Rawalpindi,37268,2800.0,Thursday,11,51.0,76.6,17422,48781600.0,MEDIUM
FOOTBALL_MATCH,Karachi,19199,1500.0,Saturday,16,45.7,97.9,11229,16843500.0,HIGH
FOOTBALL_MATCH,Karachi,18787,1000.0,Tuesday,22,66.6,69.9,9332,9332000.0,MEDIUM
CRICKET_MATCH,Karachi,36681,2100.0,Sunday,13,38.2,52.3,17005,35710500.0,MEDIUM
CRICKET_MATCH,Quetta,26852,1300.0,Sunday,9,37.3,88.2,14917,19392100.0,HIGH
CRICKET_MATCH,Karachi,29336,4100.0,Wednesday,21,66.7,63.2,14193,58191300.0,MEDIUM
MUSIC_CONCERT,Peshawar,17487,6100.0,Thursday,14,48.8,78.5,7567,46158700.0,MEDIUM
MUSIC_CONCERT,Karachi,11371,7400.0,Saturday,10,35.6,65.8,5031,37229400.0,MEDIUM
FOOTBALL_MATCH,Lahore,11985,1700.0,Tuesday,15,53.9,23.0,3919,6662300.0,LOW
MUSIC_CONCERT,Lahore,5269,6100.0,Friday,17,65.6,36.6,2587,15780700.0,MEDIUM
MUSIC_CONCERT,Karachi,16898,6700.0,Thursday,11,60.2,26.1,5750,38525000.0,LOW
CRICKET_MATCH,Lahore,35678,4200.0,Sunday,22,43.7,28.3,14615,61383000.0,MEDIUM
MUSIC_FESTIVAL,Lahore,25393,4300.0,Sunday,18,72.1,21.2,12003,51612900.0,MEDIUM
MUSIC_CONCERT,Peshawar,14283,4500.0,Saturday,22,80.5,52.9,8551,38479500.0,HIGH
CRICKET_MATCH,Rawalpindi,36141,3500.0,Friday,12,78.2,33.9,20162,70567000.0,HIGH
CRICKET_MATCH,Islamabad,28156,4400.0,Sunday,12,60.2,86.7,17347,76326800.0,HIGH
CRICKET_MATCH,Lahore,30835,4400.0,Sunday,12,43.8,78.5,16469,72463600.0,MEDIUM
CRICKET_MATCH,Lahore,27383,3300.0,Sunday,11,67.0,64.7,16272,53697600.0,HIGH
MUSIC_CONCERT,Lahore,10578,3700.0,Tuesday,13,92.0,58.1,5928,21933600.0,HIGH
FOOTBALL_MATCH,Islamabad,16180,1000.0,Wednesday,17,65.0,40.0,6730,6730000.0,MEDIUM
MUSIC_CONCERT,Peshawar,13245,8200.0,Saturday,19,47.5,57.0,6086,49905200.0,MEDIUM
MUSIC_CONCERT,Karachi,23225,5100.0,Saturday,16,41.0,70.0,11361,57941100.0,MEDIUM
KABADDI,Lahore,11716,800.0,Monday,18,95.4,81.0,7426,5940800.0,HIGH
BOXING,Karachi,5404,4800.0,Monday,10,82.6,26.4,2278,10934400.0,MEDIUM
CRICKET_MATCH,Karachi,37946,1500.0,Sunday,20,55.0,75.3,22322,33483000.0,HIGH
CRICKET_MATCH,Karachi,28014,3600.0,Sunday,17,53.9,77.9,16137,58093200.0,HIGH
KABADDI,Islamabad,7271,1300.0,Friday,20,92.3,63.6,4910,6383000.0,HIGH
CRICKET_MATCH,Islamabad,33120,1500.0,Sunday,18,46.4,36.7,15219,22828500.0,MEDIUM
CRICKET_MATCH,Lahore,20768,2300.0,Saturday,10,69.2,62.1,12522,28800600.0,HIGH
MUSIC_CONCERT,Lahore,19741,3400.0,Sunday,15,80.7,59.2,12296,41806400.0,HIGH
BOXING,Quetta,4559,3600.0,Friday,13,60.4,57.1,2386,8589600.0,MEDIUM
CRICKET_MATCH,Lahore,26928,2800.0,Tuesday,21,37.6,55.9,9841,27554800.0,MEDIUM
BOXING,Lahore,9142,1500.0,Friday,15,49.6,28.6,3897,5845500.0,MEDIUM
MUSIC_CONCERT,Lahore,17187,8400.0,Friday,13,92.7,34.3,9812,82420800.0,HIGH
CRICKET_MATCH,Lahore,36312,2400.0,Saturday,20,68.5,27.6,18642,44740800.0,MEDIUM
CRICKET_MATCH,Karachi,34257,2100.0,Tuesday,14,87.2,38.9,17602,36964200.0,MEDIUM
MUSIC_FESTIVAL,Rawalpindi,13413,5400.0,Sunday,16,70.6,40.6,6813,36790200.0,MEDIUM
CRICKET_MATCH,Karachi,20190,1700.0,Wednesday,9,95.4,39.1,11061,18803700.0,MEDIUM
CRICKET_MATCH,Karachi,19002,4500.0,Wednesday,21,93.2,36.5,9761,43924500.0,MEDIUM
FOOTBALL_MATCH,Islamabad,19177,1300.0,Friday,19,65.9,77.4,11713,15226900.0,HIGH
MUSIC_CONCERT,Karachi,14114,4900.0,Saturday,21,55.4,83.8,8173,40047700.0,HIGH
CRICKET_MATCH,Multan,26094,4100.0,Friday,20,73.5,45.5,14745,60454500.0,HIGH
CRICKET_MATCH,Multan,21752,3300.0,Saturday,9,78.2,43.8,12703,41919900.0,HIGH
CRICKET_MATCH,Lahore,22438,2400.0,Friday,13,66.9,85.8,14649,35157600.0,HIGH
MUSIC_FESTIVAL,Rawalpindi,12427,11100.0,Saturday,9,87.6,68.7,7485,83083500.0,HIGH
CRICKET_MATCH,Karachi,23556,3700.0,Saturday,11,46.7,42.9,10856,40167200.0,MEDIUM
KABADDI,Quetta,14532,800.0,Monday,18,56.4,75.7,6893,5514400.0,MEDIUM
MUSIC_FESTIVAL,Karachi,26772,9000.0,Saturday,17,78.9,46.9,14184,127656000.0,MEDIUM
CRICKET_MATCH,Quetta,24992,4200.0,Sunday,22,50.8,65.8,13246,55633200.0,MEDIUM
MUSIC_FESTIVAL,Rawalpindi,26084,7700.0,Monday,21,63.2,97.4,13204,101670800.0,MEDIUM
MUSIC_FESTIVAL,Lahore,23319,9700.0,Friday,15,96.7,43.5,13599,131910300.0,HIGH
MUSIC_CONCERT,Karachi,9383,8300.0,Sunday,20,75.1,92.6,6111,50721300.0,HIGH
CRICKET_MATCH,Quetta,19233,3500.0,Friday,14,95.7,45.0,12525,43837500.0,HIGH
KABADDI,Multan,8298,600.0,Friday,16,81.2,62.1,5267,3160200.0,HIGH
MUSIC_CONCERT,Lahore,19577,4000.0,Sunday,16,81.4,55.9,12002,48008000.0,HIGH
MUSIC_FESTIVAL,Islamabad,18990,8600.0,Wednesday,14,72.9,81.1,9411,80934600.0,MEDIUM
CRICKET_MATCH,Karachi,32789,2100.0,Monday,12,44.1,24.8,10393,21825300.0,LOW
MUSIC_CONCERT,Lahore,6930,8200.0,Sunday,12,68.3,68.9,3931,32234200.0,HIGH
CRICKET_MATCH,Karachi,30112,2500.0,Sunday,12,51.2,79.3,17376,43440000.0,HIGH
CRICKET_MATCH,Lahore,30374,2700.0,Friday,14,98.9,56.8,21210,57267000.0,HIGH
CRICKET_MATCH,Rawalpindi,36217,3500.0,Friday,9,52.1,28.2,16143,56500500.0,MEDIUM
MUSIC_CONCERT,Karachi,22523,5600.0,Sunday,20,49.8,39.1,9943,55680800.0,MEDIUM
FOOTBALL_MATCH,Rawalpindi,16399,1400.0,Saturday,10,74.9,73.0,10378,14529200.0,HIGH
KABADDI,Lahore,15879,600.0,Thursday,14,67.7,89.8,8787,5272200.0,HIGH
MUSIC_FESTIVAL,Karachi,18395,8600.0,Monday,22,36.4,52.9,5301,45588600.0,LOW
CRICKET_MATCH,Lahore,20208,4100.0,Friday,22,43.3,63.7,10050,41205000.0,MEDIUM
KABADDI,Lahore,13553,1400.0,Sunday,19,86.9,37.8,7994,11191600.0,HIGH
CRICKET_MATCH,Lahore,31796,2500.0,Sunday,9,66.0,52.2,17959,44897500.0,HIGH
CRICKET_MATCH,Lahore,23622,1600.0,Sunday,17,44.3,46.3,11219,17950400.0,MEDIUM
BOXING,Karachi,3850,4400.0,Sunday,20,64.8,71.1,2192,9644800.0,HIGH
MUSIC_FESTIVAL,Lahore,28074,11500.0,Saturday,14,51.2,96.8,14972,172178000.0,MEDIUM
KABADDI,Karachi,8609,1000.0,Friday,15,49.3,83.4,4869,4869000.0,HIGH
MUSIC_CONCERT,Karachi,4223,6900.0,Saturday,22,96.3,35.0,2519,17381100.0,HIGH
CRICKET_MATCH,Multan,33003,2600.0,Saturday,20,58.2,65.1,18716,48661600.0,HIGH
CRICKET_MATCH,Peshawar,32728,2900.0,Saturday,9,38.0,25.2,12748,36969200.0,MEDIUM
FOOTBALL_MATCH,Karachi,11774,2200.0,Tuesday,16,97.1,39.3,6196,13631200.0,MEDIUM
CRICKET_MATCH,Karachi,32007,1500.0,Sunday,20,85.9,33.4,19184,28776000.0,HIGH
CRICKET_MATCH,Lahore,30584,3000.0,Friday,20,51.3,46.2,15023,45069000.0,MEDIUM
FOOTBALL_MATCH,Faisalabad,16514,1200.0,Friday,20,61.2,72.9,9621,11545200.0,HIGH
CRICKET_MATCH,Lahore,34175,2300.0,Saturday,20,90.2,59.0,23032,52973600.0,HIGH
CRICKET_MATCH,Lahore,23973,3300.0,Saturday,20,57.9,92.8,15112,49869600.0,HIGH
FOOTBALL_MATCH,Lahore,17703,800.0,Wednesday,13,71.3,36.6,7656,6124800.0,MEDIUM
KABADDI,Karachi,8086,1300.0,Sunday,13,69.2,48.4,4452,5787600.0,HIGH
MUSIC_FESTIVAL,Lahore,15663,5900.0,Thursday,22,60.7,45.7,5953,35122700.0,MEDIUM
KABADDI,Rawalpindi,13284,1400.0,Wednesday,14,75.9,38.4,5979,8370600.0,MEDIUM
CRICKET_MATCH,Lahore,34241,1700.0,Friday,15,65.3,97.5,23318,39640600.0,HIGH
MUSIC_FESTIVAL,Islamabad,10287,9800.0,Saturday,15,36.4,50.2,3838,37612400.0,MEDIUM
MUSIC_CONCERT,Lahore,12878,6400.0,Sunday,13,87.1,93.4,9163,58643200.0,HIGH
CRICKET_MATCH,Lahore,28209,4400.0,Sunday,9,42.2,50.5,12923,56861200.0,MEDIUM
CRICKET_MATCH,Peshawar,22835,4200.0,Sunday,19,64.7,35.9,11586,48661200.0,MEDIUM
BOXING,Lahore,3996,2500.0,Tuesday,17,72.1,29.3,1620,4050000.0,MEDIUM
KABADDI,Rawalpindi,8534,500.0,Monday,14,80.2,86.7,5062,2531000.0,HIGH
MUSIC_CONCERT,Karachi,15004,6400.0,Saturday,21,61.3,22.5,6564,42009600.0,MEDIUM
MUSIC_CONCERT,Lahore,4622,6100.0,Thursday,17,82.1,95.2,2770,16897000.0,HIGH
KABADDI,Faisalabad,7075,500.0,Sunday,19,43.4,52.6,3325,1662500.0,MEDIUM
MUSIC_FESTIVAL,Lahore,14876,4500.0,Saturday,12,76.8,39.3,7946,35757000.0,MEDIUM
KABADDI,Multan,14495,1300.0,Sunday,10,87.9,68.2,9715,12629500.0,HIGH
CRICKET_MATCH,Lahore,31599,4200.0,Thursday,21,91.9,30.4,15661,65776200.0,MEDIUM
MUSIC_CONCERT,Multan,15138,7900.0,Friday,21,72.1,25.6,7196,56848400.0,MEDIUM
CRICKET_MATCH,Lahore,20694,1700.0,Friday,11,55.0,84.6,12626,21464200.0,HIGH
MUSIC_CONCERT,Karachi,24688,4800.0,Wednesday,20,45.5,53.1,9033,43358400.0,MEDIUM
MUSIC_FESTIVAL,Rawalpindi,27582,3900.0,Saturday,12,57.1,60.4,14266,55637400.0,MEDIUM
BOXING,Peshawar,8412,3100.0,Friday,18,69.6,33.8,4232,13119200.0,MEDIUM
KABADDI,Peshawar,14710,1500.0,Friday,20,47.6,24.8,6020,9030000.0,MEDIUM
FOOTBALL_MATCH,Rawalpindi,15389,2100.0,Friday,16,96.0,48.7,9946,20886600.0,HIGH
CRICKET_MATCH,Multan,28061,2800.0,Monday,11,92.4,59.5,16275,45570000.0,HIGH
CRICKET_MATCH,Lahore,21810,1500.0,Friday,16,37.1,79.7,11606,17409000.0,MEDIUM
KABADDI,Lahore,6912,1000.0,Thursday,14,71.0,59.1,3361,3361000.0,MEDIUM
MUSIC_CONCERT,Lahore,8902,8100.0,Monday,12,85.5,81.0,5009,40572900.0,HIGH
BOXING,Karachi,6188,2300.0,Thursday,22,50.7,29.0,2016,4636800.0,LOW
CRICKET_MATCH,Karachi,37612,2300.0,Thursday,15,68.5,25.0,15330,35259000.0,MEDIUM
FOOTBALL_MATCH,Karachi,8571,2100.0,Friday,22,61.0,32.4,4066,8538600.0,MEDIUM
MUSIC_CONCERT,Lahore,14663,6900.0,Tuesday,19,47.6,80.2,6260,43194000.0,MEDIUM
FOOTBALL_MATCH,Islamabad,21967,2400.0,Friday,21,74.3,79.2,14040,33696000.0,HIGH
KABADDI,Lahore,13768,1000.0,Saturday,13,98.6,31.0,8529,8529000.0,HIGH
MUSIC_CONCERT,Karachi,9135,5600.0,Saturday,13,58.4,22.4,3946,22097600.0,MEDIUM
BOXING,Karachi,8021,3100.0,Sunday,17,70.4,73.5,4856,15053600.0,HIGH
CRICKET_MATCH,Rawalpindi,32072,4300.0,Friday,21,56.0,86.7,19277,82891100.0,HIGH
MUSIC_CONCERT,Islamabad,12289,7100.0,Friday,11,91.1,78.8,8420,59782000.0,HIGH
CRICKET_MATCH,Islamabad,36023,3900.0,Sunday,18,90.3,35.8,21801,85023900.0,HIGH
MUSIC_FESTIVAL,Lahore,14443,4600.0,Friday,12,46.4,65.5,7004,32218400.0,MEDIUM
CRICKET_MATCH,Karachi,22842,3800.0,Saturday,13,92.6,79.1,16510,62738000.0,HIGH
CRICKET_MATCH,Lahore,22027,2600.0,Friday,9,44.7,40.0,9994,25984400.0,MEDIUM
MUSIC_CONCERT,Karachi,4260,2600.0,Friday,15,41.1,61.2,2066,5371600.0,MEDIUM
CRICKET_MATCH,Karachi,27127,1400.0,Saturday,16,76.8,44.5,16105,22547000.0,HIGH
MUSIC_CONCERT,Lahore,22181,6600.0,Wednesday,14,59.7,37.6,8160,53856000.0,MEDIUM
MUSIC_CONCERT,Lahore,20715,4700.0,Thursday,17,69.0,95.6,11620,54614000.0,HIGH
MUSIC_CONCERT,Faisalabad,8210,7700.0,Wednesday,11,76.8,91.2,4584,35296800.0,HIGH
MUSIC_FESTIVAL,Faisalabad,26443,9700.0,Friday,10,38.4,54.8,10387,100753900.0,MEDIUM
CRICKET_MATCH,Karachi,18072,1300.0,Wednesday,13,53.7,30.7,6746,8769800.0,MEDIUM
MUSIC_CONCERT,Lahore,9111,6600.0,Saturday,21,64.5,76.8,5320,35112000.0,HIGH
CRICKET_MATCH,Lahore,20921,1800.0,Sunday,17,52.1,39.9,10184,18331200.0,MEDIUM
CRICKET_MATCH,Karachi,28645,2600.0,Sunday,19,38.1,33.1,11794,30664400.0,MEDIUM
MUSIC_CONCERT,Faisalabad,7888,6200.0,Friday,9,40.5,49.8,3385,20987000.0,MEDIUM
CRICKET_MATCH,Lahore,18177,4100.0,Sunday,9,86.3,61.3,11862,48634200.0,HIGH
KABADDI,Rawalpindi,7999,1100.0,Saturday,18,93.3,27.6,4723,5195300.0,HIGH
FOOTBALL_MATCH,Lahore,16963,2200.0,Friday,11,44.7,64.6,8363,18398600.0,MEDIUM
KABADDI,Quetta,15137,1500.0,Sunday,18,51.0,21.2,6252,9378000.0,MEDIUM
MUSIC_FESTIVAL,Karachi,15426,7000.0,Saturday,11,76.7,89.6,9906,69342000.0,HIGH
CRICKET_MATCH,Rawalpindi,22495,2900.0,Saturday,13,96.1,91.8,17409,50486100.0,HIGH
KABADDI,Karachi,6269,1400.0,Wednesday,12,54.2,77.2,2919,4086600.0,MEDIUM
MUSIC_CONCERT,Islamabad,14047,2700.0,Friday,14,89.7,56.4,9193,24821100.0,HIGH
FOOTBALL_MATCH,Lahore,9655,2300.0,Sunday,20,67.4,39.9,4979,11451700.0,MEDIUM
CRICKET_MATCH,Lahore,20533,3700.0,Friday,16,96.2,78.0,15076,55781200.0,HIGH
KABADDI,Peshawar,10982,800.0,Saturday,16,43.7,92.7,6251,5000800.0,HIGH
CRICKET_MATCH,Peshawar,28314,4400.0,Saturday,19,97.3,32.4,17540,77176000.0,HIGH
CRICKET_MATCH,Multan,29353,1800.0,Sunday,12,63.2,56.3,16714,30085200.0,HIGH
MUSIC_CONCERT,Islamabad,22788,8000.0,Thursday,9,96.0,44.6,11662,93296000.0,MEDIUM
FOOTBALL_MATCH,Rawalpindi,10201,1400.0,Saturday,21,64.4,47.8,5411,7575400.0,MEDIUM
MUSIC_FESTIVAL,Lahore,13659,10000.0,Tuesday,22,68.9,51.6,5424,54240000.0,MEDIUM
MUSIC_CONCERT,Karachi,5153,5200.0,Saturday,22,86.5,94.2,3708,19281600.0,HIGH
BOXING,Karachi,7161,4100.0,Saturday,15,81.2,40.2,3979,16313900.0,HIGH
CRICKET_MATCH,Islamabad,33503,1700.0,Monday,14,74.7,58.4,17371,29530700.0,MEDIUM
CRICKET_MATCH,Karachi,35720,2100.0,Saturday,13,61.7,94.2,23449,49242900.0,HIGH
CRICKET_MATCH,Lahore,21478,1500.0,Friday,12,85.7,57.1,14130,21195000.0,HIGH
MUSIC_FESTIVAL,Karachi,24660,10900.0,Tuesday,14,95.7,87.4,14324,156131600.0,HIGH
CRICKET_MATCH,Rawalpindi,37864,2200.0,Friday,16,35.6,24.6,14536,31979200.0,MEDIUM
CRICKET_MATCH,Karachi,20361,3500.0,Wednesday,14,72.6,94.3,11969,41891500.0,HIGH
FOOTBALL_MATCH,Lahore,18788,2200.0,Friday,11,90.4,34.6,11073,24360600.0,HIGH
CRICKET_MATCH,Lahore,28160,4200.0,Friday,17,76.8,96.4,19825,83265000.0,HIGH
CRICKET_MATCH,Lahore,20446,1600.0,Saturday,11,86.3,33.7,12287,19659200.0,HIGH
KABADDI,Lahore,15774,1700.0,Saturday,12,92.3,54.7,10257,17436900.0,HIGH
CRICKET_MATCH,Islamabad,25601,1900.0,Saturday,21,83.1,44.1,15690,29811000.0,HIGH
CRICKET_MATCH,Islamabad,23051,3600.0,Monday,13,80.9,53.8,11918,42904800.0,MEDIUM
CRICKET_MATCH,Islamabad,21517,3600.0,Sunday,19,96.7,39.5,13783,49618800.0,HIGH
MUSIC_CONCERT,Karachi,8802,2600.0,Saturday,10,90.3,95.3,6642,17269200.0,HIGH
KABADDI,Rawalpindi,8375,800.0,Monday,19,87.2,43.8,4272,3417600.0,MEDIUM
CRICKET_MATCH,Lahore,25850,2800.0,Sunday,18,40.5,71.0,13289,37209200.0,MEDIUM
KABADDI,Karachi,12744,1000.0,Wednesday,19,50.3,30.7,4302,4302000.0,LOW
CRICKET_MATCH,Rawalpindi,33417,4200.0,Saturday,18,70.6,84.3,21738,91299600.0,HIGH
MUSIC_FESTIVAL,Lahore,14248,6600.0,Friday,10,80.4,62.3,8415,55539000.0,HIGH
CRICKET_MATCH,Lahore,35355,4300.0,Friday,14,54.4,96.4,21896,94152800.0,HIGH
BOXING,Multan,4325,3100.0,Sunday,22,41.0,53.0,1920,5952000.0,MEDIUM
MUSIC_CONCERT,Karachi,15800,8300.0,Friday,10,54.9,35.2,6827,56664100.0,MEDIUM
MUSIC_CONCERT,Islamabad,24344,6900.0,Monday,18,84.3,47.0,11723,80888700.0,MEDIUM
CRICKET_MATCH,Lahore,37470,3900.0,Sunday,9,91.2,77.5,26710,104169000.0,HIGH
CRICKET_MATCH,Islamabad,31417,1500.0,Sunday,16,93.4,71.4,22699,34048500.0,HIGH
MUSIC_CONCERT,Karachi,7967,6000.0,Saturday,18,59.2,80.7,4604,27624000.0,HIGH
CRICKET_MATCH,Lahore,30361,1700.0,Friday,22,58.8,25.7,14486,24626200.0,MEDIUM
MUSIC_CONCERT,Islamabad,8951,4300.0,Tuesday,18,61.0,65.3,4099,17625700.0,MEDIUM
MUSIC_CONCERT,Lahore,8002,6200.0,Sunday,21,59.1,92.7,4850,30070000.0,HIGH
MUSIC_CONCERT,Karachi,6332,6900.0,Monday,9,77.6,28.4,2596,17912400.0,MEDIUM
CRICKET_MATCH,Lahore,29460,1300.0,Monday,18,57.9,27.4,11217,14582100.0,MEDIUM
MUSIC_CONCERT,Lahore,8375,5700.0,Saturday,22,36.3,75.9,4038,23016600.0,MEDIUM
BOXING,Lahore,7882,3500.0,Wednesday,14,63.1,44.6,3176,11116000.0,MEDIUM
MUSIC_CONCERT,Lahore,4685,3000.0,Monday,20,49.3,71.4,2054,6162000.0,MEDIUM
CRICKET_MATCH,Peshawar,35352,2900.0,Friday,22,36.8,62.5,16908,49033200.0,MEDIUM
CRICKET_MATCH,Lahore,20033,3600.0,Tuesday,9,65.1,96.9,11329,40784400.0,HIGH
CRICKET_MATCH,Karachi,25075,1400.0,Wednesday,16,48.2,89.3,12498,17497200.0,MEDIUM
CRICKET_MATCH,Lahore,32647,3700.0,Monday,22,64.0,72.9,16347,60483900.0,MEDIUM
KABADDI,Karachi,6645,1200.0,Wednesday,13,52.8,40.4,2458,2949600.0,MEDIUM
MUSIC_FESTIVAL,Peshawar,12121,10600.0,Saturday,11,73.6,40.4,5849,61999400.0,MEDIUM
CRICKET_MATCH,Lahore,26112,1900.0,Sunday,13,98.4,88.8,20419,38796100.0,HIGH
MUSIC_CONCERT,Faisalabad,13271,7500.0,Friday,21,70.0,65.7,7571,56782500.0,HIGH
CRICKET_MATCH,Lahore,24436,1500.0,Friday,9,76.4,81.6,16720,25080000.0,HIGH
CRICKET_MATCH,Islamabad,30517,2500.0,Monday,9,93.8,55.1,17587,43967500.0,HIGH
CRICKET_MATCH,Karachi,28292,1900.0,Monday,20,58.9,28.0,10803,20525700.0,MEDIUM
CRICKET_MATCH,Multan,26292,4100.0,Thursday,22,45.7,45.9,9513,39003300.0,MEDIUM
MUSIC_FESTIVAL,Karachi,13586,9500.0,Saturday,12,53.1,32.6,5350,50825000.0,MEDIUM
CRICKET_MATCH,Karachi,18868,1300.0,Saturday,17,60.8,81.0,11805,15346500.0,HIGH
KABADDI,Lahore,11914,500.0,Saturday,22,76.3,74.6,7724,3862000.0,HIGH
FOOTBALL_MATCH,Lahore,20289,1300.0,Friday,17,35.3,26.9,7502,9752600.0,MEDIUM
MUSIC_FESTIVAL,Peshawar,16213,4700.0,Tuesday,9,89.6,68.5,8978,42196600.0,HIGH
CRICKET_MATCH,Karachi,19903,3300.0,Sunday,11,39.9,88.2,10974,36214200.0,HIGH
CRICKET_MATCH,Karachi,20576,3400.0,Friday,21,92.6,74.4,14687,49935800.0,HIGH
CRICKET_MATCH,Rawalpindi,32723,4300.0,Saturday,20,95.8,59.9,22360,96148000.0,HIGH
CRICKET_MATCH,Karachi,22109,4300.0,Friday,12,98.4,44.3,14461,62182300.0,HIGH
CRICKET_MATCH,Faisalabad,37677,3400.0,Saturday,10,86.8,89.2,27469,93394600.0,HIGH
MUSIC_CONCERT,Islamabad,22319,2500.0,Sunday,15,44.1,53.0,10632,26580000.0,MEDIUM
KABADDI,Karachi,6615,1000.0,Sunday,11,80.2,86.7,4563,4563000.0,HIGH
KABADDI,Multan,11057,1200.0,Saturday,9,48.0,81.1,6121,7345200.0,HIGH
KABADDI,Lahore,14478,1100.0,Friday,9,92.4,83.7,10530,11583000.0,HIGH
CRICKET_MATCH,Lahore,29510,3200.0,Thursday,11,55.3,97.2,15709,50268800.0,MEDIUM
CRICKET_MATCH,Karachi,19923,4400.0,Sunday,14,55.9,78.4,11540,50776000.0,HIGH
MUSIC_FESTIVAL,Lahore,21402,11000.0,Friday,12,93.7,22.7,10934,120274000.0,MEDIUM
MUSIC_CONCERT,Islamabad,10455,3200.0,Tuesday,9,35.8,36.0,3114,9964800.0,LOW
MUSIC_CONCERT,Peshawar,11604,4100.0,Friday,15,47.4,22.7,4663,19118300.0,MEDIUM
MUSIC_CONCERT,Karachi,12152,7500.0,Tuesday,10,62.0,34.8,4414,33105000.0,MEDIUM
CRICKET_MATCH,Karachi,20773,3900.0,Friday,20,79.8,24.8,11183,43613700.0,MEDIUM
CRICKET_MATCH,Faisalabad,28282,2100.0,Saturday,13,76.4,59.1,17643,37050300.0,HIGH
CRICKET_MATCH,Karachi,27776,3600.0,Thursday,16,77.8,22.2,11844,42638400.0,MEDIUM
CRICKET_MATCH,Karachi,36287,3400.0,Monday,15,91.3,56.9,20509,69730600.0,HIGH
CRICKET_MATCH,Karachi,18143,2800.0,Sunday,19,42.7,90.1,10343,28960400.0,HIGH
FOOTBALL_MATCH,Peshawar,15496,1100.0,Saturday,20,68.4,78.4,9670,10637000.0,HIGH
BOXING,Karachi,5256,4600.0,Sunday,16,81.4,93.6,3608,16596800.0,HIGH
MUSIC_CONCERT,Rawalpindi,21083,6600.0,Friday,21,75.7,37.7,11134,73484400.0,MEDIUM
MUSIC_CONCERT,Rawalpindi,16401,3500.0,Saturday,18,63.7,61.4,9249,32371500.0,HIGH
MUSIC_FESTIVAL,Karachi,8270,9500.0,Friday,22,36.1,44.8,2982,28329000.0,MEDIUM
CRICKET_MATCH,Karachi,26254,3600.0,Wednesday,19,38.9,58.5,9748,35092800.0,MEDIUM
CRICKET_MATCH,Rawalpindi,19007,4100.0,Tuesday,14,42.6,63.5,7492,30717200.0,MEDIUM
BOXING,Karachi,5843,2300.0,Thursday,15,57.0,22.8,1951,4487300.0,LOW
CRICKET_MATCH,Rawalpindi,31715,4500.0,Tuesday,17,42.5,38.2,10396,46782000.0,LOW
CRICKET_MATCH,Faisalabad,28464,1700.0,Sunday,14,62.3,75.0,17462,29685400.0,HIGH
CRICKET_MATCH,Islamabad,28174,3200.0,Monday,17,46.4,80.3,12867,41174400.0,MEDIUM
CRICKET_MATCH,Islamabad,25203,3400.0,Friday,21,84.9,64.4,16632,56548800.0,HIGH
FOOTBALL_MATCH,Rawalpindi,18620,1500.0,Friday,20,90.8,41.1,11395,17092500.0,HIGH
CRICKET_MATCH,Rawalpindi,21724,2800.0,Thursday,10,59.9,51.6,9523,26664400.0,MEDIUM
FOOTBALL_MATCH,Karachi,20605,2300.0,Saturday,21,67.7,27.5,10010,23023000.0,MEDIUM
BOXING,Lahore,5755,3800.0,Tuesday,10,96.0,94.3,3732,14181600.0,HIGH
CRICKET_MATCH,Karachi,29926,2800.0,Sunday,22,69.3,87.8,19874,55647200.0,HIGH
CRICKET_MATCH,Islamabad,25917,1600.0,Thursday,10,98.7,25.1,13631,21809600.0,MEDIUM
CRICKET_MATCH,Karachi,33739,1200.0,Saturday,14,44.1,33.0,14970,17964000.0,MEDIUM
CRICKET_MATCH,Islamabad,32615,1600.0,Saturday,10,90.2,65.3,22653,36244800.0,HIGH
MUSIC_CONCERT,Karachi,9472,8200.0,Sunday,11,66.8,38.1,4590,37638000.0,MEDIUM
MUSIC_CONCERT,Islamabad,11206,7100.0,Sunday,21,36.5,92.9,5778,41023800.0,MEDIUM
BOXING,Lahore,9872,4900.0,Saturday,16,97.2,78.9,6978,34192200.0,HIGH
CRICKET_MATCH,Islamabad,22716,1300.0,Friday,16,96.8,41.3,15024,19531200.0,HIGH
KABADDI,Karachi,13118,1400.0,Friday,19,59.5,20.5,5822,8150800.0,MEDIUM
KABADDI,Lahore,8620,600.0,Saturday,20,96.1,82.4,6391,3834600.0,HIGH
FOOTBALL_MATCH,Lahore,10536,2100.0,Sunday,12,44.0,53.1,4871,10229100.0,MEDIUM
KABADDI,Islamabad,11103,1000.0,Tuesday,17,78.5,70.1,6016,6016000.0,MEDIUM
FOOTBALL_MATCH,Karachi,18160,1000.0,Friday,16,47.3,42.4,8274,8274000.0,MEDIUM
KABADDI,Lahore,13080,1200.0,Saturday,9,50.8,31.1,5743,6891600.0,MEDIUM
MUSIC_CONCERT,Faisalabad,9317,4200.0,Friday,16,84.9,72.7,6212,26090400.0,HIGH
CRICKET_MATCH,Islamabad,31587,3400.0,Thursday,9,59.2,55.1,13908,47287200.0,MEDIUM
MUSIC_CONCERT,Faisalabad,5195,6400.0,Friday,12,35.5,38.3,1975,12640000.0,MEDIUM
CRICKET_MATCH,Karachi,34788,3500.0,Saturday,18,61.5,30.7,16950,59325000.0,MEDIUM
CRICKET_MATCH,Karachi,35678,4500.0,Sunday,14,49.6,65.3,18630,83835000.0,MEDIUM
MUSIC_FESTIVAL,Multan,28009,6800.0,Friday,15,78.7,76.6,17326,117816800.0,HIGH
MUSIC_FESTIVAL,Karachi,15868,7500.0,Wednesday,18,47.4,42.1,4920,36900000.0,LOW
CRICKET_MATCH,Islamabad,20819,3900.0,Wednesday,21,88.9,77.3,12569,49019100.0,HIGH
CRICKET_MATCH,Lahore,31696,3100.0,Monday,12,52.1,34.3,11530,35743000.0,MEDIUM
CRICKET_MATCH,Karachi,25564,1300.0,Saturday,16,60.2,46.4,13725,17842500.0,MEDIUM
FOOTBALL_MATCH,Lahore,11637,2200.0,Saturday,16,54.1,78.1,6540,14388000.0,HIGH
MUSIC_CONCERT,Lahore,5873,2800.0,Wednesday,22,76.2,71.5,3177,8895600.0,MEDIUM
MUSIC_FESTIVAL,Lahore,25790,5000.0,Saturday,22,41.5,41.1,10389,51945000.0,MEDIUM
KABADDI,Lahore,11514,600.0,Saturday,22,65.6,29.5,5697,3418200.0,MEDIUM
CRICKET_MATCH,Faisalabad,19577,1500.0,Thursday,17,56.4,23.3,7116,10674000.0,MEDIUM
KABADDI,Lahore,13772,500.0,Thursday,22,91.6,85.4,8713,4356500.0,HIGH
CRICKET_MATCH,Islamabad,30568,1400.0,Sunday,14,39.7,25.9,12474,17463600.0,MEDIUM
MUSIC_FESTIVAL,Rawalpindi,13311,7300.0,Friday,12,88.1,29.0,7073,51632900.0,MEDIUM
MUSIC_CONCERT,Karachi,12828,4000.0,Saturday,10,45.7,38.5,5589,22356000.0,MEDIUM
KABADDI,Lahore,11547,700.0,Friday,15,40.7,54.8,5357,3749900.0,MEDIUM
CRICKET_MATCH,Islamabad,35191,3400.0,Sunday,18,47.9,81.6,19854,67503600.0,HIGH
CRICKET_MATCH,Islamabad,36779,1900.0,Saturday,11,41.6,39.3,16375,31112500.0,MEDIUM
CRICKET_MATCH,Islamabad,19415,1300.0,Saturday,19,68.3,62.4,11790,15327000.0,HIGH
MUSIC_CONCERT,Rawalpindi,11508,5000.0,Sunday,21,98.2,27.0,6869,34345000.0,HIGH
FOOTBALL_MATCH,Faisalabad,10449,1300.0,Sunday,20,37.2,56.2,4704,6115200.0,MEDIUM
CRICKET_MATCH,Karachi,33406,2300.0,Saturday,11,64.5,33.9,17198,39555400.0,MEDIUM
FOOTBALL_MATCH,Karachi,20952,1600.0,Wednesday,11,59.7,36.5,8028,12844800.0,MEDIUM
MUSIC_CONCERT,Islamabad,7496,6500.0,Friday,12,56.7,48.6,3634,23621000.0,MEDIUM
CRICKET_MATCH,Lahore,29780,3200.0,Saturday,10,56.2,79.4,17606,56339200.0,HIGH
MUSIC_CONCERT,Multan,11103,8100.0,Saturday,21,92.3,78.0,7558,61219800.0,HIGH
MUSIC_CONCERT,Lahore,16221,5600.0,Wednesday,21,36.2,52.4,5251,29405600.0,LOW
MUSIC_FESTIVAL,Karachi,29116,7500.0,Monday,13,84.6,29.3,12158,91185000.0,MEDIUM
CRICKET_MATCH,Rawalpindi,25022,1900.0,Saturday,11,51.2,41.9,12204,23187600.0,MEDIUM
CRICKET_MATCH,Karachi,25495,3700.0,Thursday,18,59.5,59.4,11475,42457500.0,MEDIUM
